Date,cesi_global,cesi_g10,cesi_united_states,cesi_eurozone,cesi_asia_pacific,cesi_latin_america,cesi_emerging_markets,cesi_bric
2002-07-30,41.7,57.1,75.6,53.7,38.3,-38.8,18.6,11.85
2002-07-31,41.7,57.1,75.6,53.7,38.3,-38.8,18.6,11.85
2002-08-01,41.7,57.1,75.6,53.7,38.3,-38.8,18.6,11.85
2002-08-02,41.7,57.1,75.6,53.7,38.3,-38.8,18.6,11.85
2002-08-05,41.7,57.1,75.6,53.7,38.3,-38.8,18.6,11.85
2002-08-06,41.7,57.1,75.6,53.7,38.3,-38.8,18.6,11.85
2002-08-07,41.7,57.1,75.6,53.7,38.3,-38.8,18.6,11.85
2002-08-08,41.7,57.1,75.6,53.7,38.3,-38.8,18.6,11.85
2002-08-09,41.7,57.1,75.6,53.7,38.3,-38.8,18.6,11.85
2002-08-12,41.7,57.1,75.6,53.7,38.3,-38.8,18.6,11.85
2002-08-13,41.7,57.1,75.6,53.7,38.3,-38.8,18.6,11.85
2002-08-14,41.7,57.1,75.6,53.7,38.3,-38.8,18.6,11.85
2002-08-15,41.7,57.1,75.6,53.7,38.3,-38.8,18.6,11.85
2002-08-16,41.7,57.1,75.6,53.7,38.3,-38.8,18.6,11.85
2002-08-19,41.7,57.1,75.6,53.7,38.3,-38.8,18.6,11.85
2002-08-20,41.7,57.1,75.6,53.7,38.3,-38.8,18.6,11.85
2002-08-21,41.7,57.1,75.6,53.7,38.3,-38.8,18.6,11.85
2002-08-22,41.7,57.1,75.6,53.7,38.3,-38.8,18.6,11.85
2002-08-23,41.7,57.1,75.6,53.7,38.3,-38.8,18.6,11.85
2002-08-26,41.7,57.1,75.6,53.7,38.3,-38.8,18.6,11.85
2002-08-27,41.7,57.1,75.6,53.7,38.3,-38.8,18.6,11.85
2002-08-28,41.7,57.1,75.6,53.7,38.3,-38.8,18.6,11.85
2002-08-29,41.7,57.1,75.6,53.7,38.3,-38.8,18.6,11.85
2002-08-30,41.7,57.1,75.6,53.7,38.3,-38.8,18.6,11.85
2002-09-03,41.7,57.1,75.6,53.7,38.3,-38.8,18.6,11.85
2002-09-04,41.7,57.1,75.6,53.7,38.3,-38.8,18.6,11.85
2002-09-05,41.7,57.1,75.6,53.7,38.3,-38.8,18.6,11.85
2002-09-06,41.7,57.1,75.6,53.7,38.3,-38.8,18.6,11.85
2002-09-09,41.7,57.1,75.6,53.7,38.3,-38.8,18.6,11.85
2002-09-10,41.7,57.1,75.6,53.7,38.3,-38.8,18.6,11.85
2002-09-11,41.7,57.1,75.6,53.7,38.3,-38.8,18.6,11.85
2002-09-12,41.7,57.1,75.6,53.7,38.3,-38.8,18.6,11.85
2002-09-13,41.7,57.1,75.6,53.7,38.3,-38.8,18.6,11.85
2002-09-16,41.7,57.1,75.6,53.7,38.3,-38.8,18.6,11.85
2002-09-17,41.7,57.1,75.6,53.7,38.3,-38.8,18.6,11.85
2002-09-18,41.7,57.1,75.6,53.7,38.3,-38.8,18.6,11.85
2002-09-19,41.7,57.1,75.6,53.7,38.3,-38.8,18.6,11.85
2002-09-20,41.7,57.1,75.6,53.7,38.3,-38.8,18.6,11.85
2002-09-23,41.7,57.1,75.6,53.7,38.3,-38.8,18.6,11.85
2002-09-24,41.7,57.1,75.6,53.7,38.3,-38.8,18.6,11.85
2002-09-25,41.7,57.1,75.6,53.7,38.3,-38.8,18.6,11.85
2002-09-26,41.7,57.1,75.6,53.7,38.3,-38.8,18.6,11.85
2002-09-27,41.7,57.1,75.6,53.7,38.3,-38.8,18.6,11.85
2002-09-30,41.7,57.1,75.6,53.7,38.3,-38.8,18.6,11.85
2002-10-01,41.7,57.1,75.6,53.7,38.3,-38.8,18.6,11.85
2002-10-02,41.7,57.1,75.6,53.7,38.3,-38.8,18.6,11.85
2002-10-03,41.7,57.1,75.6,53.7,38.3,-38.8,18.6,11.85
2002-10-04,41.7,57.1,75.6,53.7,38.3,-38.8,18.6,11.85
2002-10-07,41.7,57.1,75.6,53.7,38.3,-38.8,18.6,11.85
2002-10-08,41.7,57.1,75.6,53.7,38.3,-38.8,18.6,11.85
2002-10-09,41.7,57.1,75.6,53.7,38.3,-38.8,18.6,11.85
2002-10-10,41.7,57.1,75.6,53.7,38.3,-38.8,18.6,11.85
2002-10-11,41.7,57.1,75.6,53.7,38.3,-38.8,18.6,11.85
2002-10-14,41.7,57.1,75.6,53.7,38.3,-38.8,18.6,11.85
2002-10-15,41.7,57.1,75.6,53.7,38.3,-38.8,18.6,11.85
2002-10-16,41.7,57.1,75.6,53.7,38.3,-38.8,18.6,11.85
2002-10-17,41.7,57.1,75.6,53.7,38.3,-38.8,18.6,11.85
2002-10-18,41.7,57.1,75.6,53.7,38.3,-38.8,18.6,11.85
2002-10-21,41.7,57.1,75.6,53.7,38.3,-38.8,18.6,11.85
2002-10-22,41.7,57.1,75.6,53.7,38.3,-38.8,18.6,11.85
2002-10-23,41.7,57.1,75.6,53.7,38.3,-38.8,18.6,11.85
2002-10-24,41.7,57.1,75.6,53.7,38.3,-38.8,18.6,11.85
2002-10-25,41.7,57.1,75.6,53.7,38.3,-38.8,18.6,11.85
2002-10-28,41.7,57.1,75.6,53.7,38.3,-38.8,18.6,11.85
2002-10-29,41.7,57.1,75.6,53.7,38.3,-38.8,18.6,11.85
2002-10-30,41.7,57.1,75.6,53.7,38.3,-38.8,18.6,11.85
2002-10-31,41.7,57.1,75.6,53.7,38.3,-38.8,18.6,11.85
2002-11-01,41.7,57.1,75.6,53.7,38.3,-38.8,18.6,11.85
2002-11-04,41.7,57.1,75.6,53.7,38.3,-38.8,18.6,11.85
2002-11-05,41.7,57.1,75.6,53.7,38.3,-38.8,18.6,11.85
2002-11-06,41.7,57.1,75.6,53.7,38.3,-38.8,18.6,11.85
2002-11-07,41.7,57.1,75.6,53.7,38.3,-38.8,18.6,11.85
2002-11-08,41.7,57.1,75.6,53.7,38.3,-38.8,18.6,11.85
2002-11-11,41.7,57.1,75.6,53.7,38.3,-38.8,18.6,11.85
2002-11-12,41.7,57.1,75.6,53.7,38.3,-38.8,18.6,11.85
2002-11-13,41.7,57.1,75.6,53.7,38.3,-38.8,18.6,11.85
2002-11-14,41.7,57.1,75.6,53.7,38.3,-38.8,18.6,11.85
2002-11-15,41.7,57.1,75.6,53.7,38.3,-38.8,18.6,11.85
2002-11-18,41.7,57.1,75.6,53.7,38.3,-38.8,18.6,11.85
2002-11-19,41.7,57.1,75.6,53.7,38.3,-38.8,18.6,11.85
2002-11-20,41.7,57.1,75.6,53.7,38.3,-38.8,18.6,11.85
2002-11-21,41.7,57.1,75.6,53.7,38.3,-38.8,18.6,11.85
2002-11-22,41.7,57.1,75.6,53.7,38.3,-38.8,18.6,11.85
2002-11-25,41.7,57.1,75.6,53.7,38.3,-38.8,18.6,11.85
2002-11-26,41.7,57.1,75.6,53.7,38.3,-38.8,18.6,11.85
2002-11-27,41.7,57.1,75.6,53.7,38.3,-38.8,18.6,11.85
2002-11-29,41.7,57.1,75.6,53.7,38.3,-38.8,18.6,11.85
2002-12-02,41.7,57.1,75.6,53.7,38.3,-38.8,18.6,11.85
2002-12-03,41.7,57.1,75.6,53.7,38.3,-38.8,18.6,11.85
2002-12-04,41.7,57.1,75.6,53.7,38.3,-38.8,18.6,11.85
2002-12-05,41.7,57.1,75.6,53.7,38.3,-38.8,18.6,11.85
2002-12-06,41.7,57.1,75.6,53.7,38.3,-38.8,18.6,11.85
2002-12-09,41.7,57.1,75.6,53.7,38.3,-38.8,18.6,11.85
2002-12-10,41.7,57.1,75.6,53.7,38.3,-38.8,18.6,11.85
2002-12-11,41.7,57.1,75.6,53.7,38.3,-38.8,18.6,11.85
2002-12-12,41.7,57.1,75.6,53.7,38.3,-38.8,18.6,11.85
2002-12-13,41.7,57.1,75.6,53.7,38.3,-38.8,18.6,11.85
2002-12-16,41.7,57.1,75.6,53.7,38.3,-38.8,18.6,11.85
2002-12-17,41.7,57.1,75.6,53.7,38.3,-38.8,18.6,11.85
2002-12-18,41.7,57.1,75.6,53.7,38.3,-38.8,18.6,11.85
2002-12-19,41.7,57.1,75.6,53.7,38.3,-38.8,18.6,11.85
2002-12-20,41.7,57.1,75.6,53.7,38.3,-38.8,18.6,11.85
2002-12-23,41.7,57.1,75.6,53.7,38.3,-38.8,18.6,11.85
2002-12-24,41.7,57.1,75.6,53.7,38.3,-38.8,18.6,11.85
2002-12-26,41.7,57.1,75.6,53.7,38.3,-38.8,18.6,11.85
2002-12-27,41.7,57.1,75.6,53.7,38.3,-38.8,18.6,11.85
2002-12-30,41.7,57.1,75.6,53.7,38.3,-38.8,18.6,11.85
2002-12-31,41.7,57.1,75.6,53.7,38.3,-38.8,18.6,11.85
2003-01-02,41.7,57.1,75.6,53.7,38.3,-38.8,18.6,11.85
2003-01-03,41.7,57.1,75.6,53.7,38.3,-38.8,18.6,11.85
2003-01-06,41.7,57.1,75.6,53.7,38.3,-38.8,18.6,11.85
2003-01-07,41.7,57.1,75.6,53.7,38.3,-38.8,18.6,11.85
2003-01-08,41.7,57.1,75.6,53.7,38.3,-38.8,18.6,11.85
2003-01-09,41.7,57.1,75.6,53.7,38.3,-38.8,18.6,11.85
2003-01-10,41.7,57.1,75.6,53.7,38.3,-38.8,18.6,11.85
2003-01-13,41.7,57.1,75.6,53.7,38.3,-38.8,18.6,11.85
2003-01-14,41.7,57.1,75.6,53.7,38.3,-38.8,18.6,11.85
2003-01-15,41.7,57.1,75.6,53.7,38.3,-38.8,18.6,11.85
2003-01-16,41.7,57.1,75.6,53.7,38.3,-38.8,18.6,11.85
2003-01-17,41.7,57.1,75.6,53.7,38.3,-38.8,18.6,11.85
2003-01-21,41.7,57.1,75.6,53.7,38.3,-38.8,18.6,11.85
2003-01-22,41.7,57.1,75.6,53.7,38.3,-38.8,18.6,11.85
2003-01-23,41.7,57.1,75.6,53.7,38.3,-38.8,18.6,11.85
2003-01-24,41.7,57.1,75.6,53.7,38.3,-38.8,18.6,11.85
2003-01-27,41.7,57.1,75.6,53.7,38.3,-38.8,18.6,11.85
2003-01-28,41.7,57.1,75.6,53.7,38.3,-38.8,18.6,11.85
2003-01-29,41.7,57.1,75.6,53.7,38.3,-38.8,18.6,11.85
2003-01-30,41.7,57.1,75.6,53.7,38.3,-38.8,18.6,11.85
2003-01-31,41.7,57.1,75.6,53.7,38.3,-38.8,18.6,11.85
2003-02-03,41.7,57.1,75.6,53.7,38.3,-38.8,18.6,11.85
2003-02-04,41.7,57.1,75.6,53.7,38.3,-38.8,18.6,11.85
2003-02-05,41.7,57.1,75.6,53.7,38.3,-38.8,18.6,11.85
2003-02-06,41.7,57.1,75.6,53.7,38.3,-38.8,18.6,11.85
2003-02-07,41.7,57.1,75.6,53.7,38.3,-38.8,18.6,11.85
2003-02-10,41.7,57.1,75.6,53.7,38.3,-38.8,18.6,11.85
2003-02-11,41.7,57.1,75.6,53.7,38.3,-38.8,18.6,11.85
2003-02-12,41.7,57.1,75.6,53.7,38.3,-38.8,18.6,11.85
2003-02-13,41.7,57.1,75.6,53.7,38.3,-38.8,18.6,11.85
2003-02-14,41.7,57.1,75.6,53.7,38.3,-38.8,18.6,11.85
2003-02-18,41.7,57.1,75.6,53.7,38.3,-38.8,18.6,11.85
2003-02-19,41.7,57.1,75.6,53.7,38.3,-38.8,18.6,11.85
2003-02-20,41.7,57.1,75.6,53.7,38.3,-38.8,18.6,11.85
2003-02-21,41.7,57.1,75.6,53.7,38.3,-38.8,18.6,11.85
2003-02-24,41.7,57.1,75.6,53.7,38.3,-38.8,18.6,11.85
2003-02-25,41.7,57.1,75.6,53.7,38.3,-38.8,18.6,11.85
2003-02-26,41.7,57.1,75.6,53.7,38.3,-38.8,18.6,11.85
2003-02-27,41.7,57.1,75.6,53.7,38.3,-38.8,18.6,11.85
2003-02-28,41.7,57.1,75.6,53.7,38.3,-38.8,18.6,11.85
2003-03-03,41.7,57.1,75.6,53.7,38.3,-38.8,18.6,11.85
2003-03-04,41.7,57.1,75.6,53.7,38.3,-38.8,18.6,11.85
2003-03-05,41.7,57.1,75.6,53.7,38.3,-38.8,18.6,11.85
2003-03-06,41.7,57.1,75.6,53.7,38.3,-38.8,18.6,11.85
2003-03-07,41.7,57.1,75.6,53.7,38.3,-38.8,18.6,11.85
2003-03-10,41.7,57.1,75.6,53.7,38.3,-38.8,18.6,11.85
2003-03-11,41.7,57.1,75.6,53.7,38.3,-38.8,18.6,11.85
2003-03-12,41.7,57.1,75.6,53.7,38.3,-38.8,18.6,11.85
2003-03-13,41.7,57.1,75.6,53.7,38.3,-38.8,18.6,11.85
2003-03-14,41.7,57.1,75.6,53.7,38.3,-38.8,18.6,11.85
2003-03-17,41.7,57.1,75.6,53.7,38.3,-38.8,18.6,11.85
2003-03-18,41.7,57.1,75.6,53.7,38.3,-38.8,18.6,11.85
2003-03-19,41.7,57.1,75.6,53.7,38.3,-38.8,18.6,11.85
2003-03-20,41.7,57.1,75.6,53.7,38.3,-38.8,18.6,11.85
2003-03-21,41.7,57.1,75.6,53.7,38.3,-38.8,18.6,11.85
2003-03-24,41.7,57.1,75.6,53.7,38.3,-38.8,18.6,11.85
2003-03-25,41.7,57.1,75.6,53.7,38.3,-38.8,18.6,11.85
2003-03-26,41.7,57.1,75.6,53.7,38.3,-38.8,18.6,11.85
2003-03-27,41.7,57.1,75.6,53.7,38.3,-38.8,18.6,11.85
2003-03-28,41.7,57.1,75.6,53.7,38.3,-38.8,18.6,11.85
2003-03-31,41.7,57.1,75.6,53.7,38.3,-38.8,18.6,11.85
2003-04-01,41.7,57.1,75.6,53.7,38.3,-38.8,18.6,11.85
2003-04-02,41.7,57.1,75.6,53.7,38.3,-38.8,18.6,11.85
2003-04-03,41.7,57.1,75.6,53.7,38.3,-38.8,18.6,11.85
2003-04-04,41.7,57.1,75.6,53.7,38.3,-38.8,18.6,11.85
2003-04-07,41.7,57.1,75.6,53.7,38.3,-38.8,18.6,11.85
2003-04-08,41.7,57.1,75.6,53.7,38.3,-38.8,18.6,11.85
2003-04-09,41.7,57.1,75.6,53.7,38.3,-38.8,18.6,11.85
2003-04-10,41.7,57.1,75.6,53.7,38.3,-38.8,18.6,11.85
2003-04-11,41.7,57.1,75.6,53.7,38.3,-38.8,18.6,11.85
2003-04-14,41.7,57.1,75.6,53.7,38.3,-38.8,18.6,11.85
2003-04-15,41.7,57.1,75.6,53.7,38.3,-38.8,18.6,11.85
2003-04-16,41.7,57.1,75.6,53.7,38.3,-38.8,18.6,11.85
2003-04-17,41.7,57.1,75.6,53.7,38.3,-38.8,18.6,11.85
2003-04-21,41.7,57.1,75.6,53.7,38.3,-38.8,18.6,11.85
2003-04-22,41.7,57.1,75.6,53.7,38.3,-38.8,18.6,11.85
2003-04-23,41.7,57.1,75.6,53.7,38.3,-38.8,18.6,11.85
2003-04-24,41.7,57.1,75.6,53.7,38.3,-38.8,18.6,11.85
2003-04-25,41.7,57.1,75.6,53.7,38.3,-38.8,18.6,11.85
2003-04-28,41.7,57.1,75.6,53.7,38.3,-38.8,18.6,11.85
2003-04-29,41.7,57.1,75.6,53.7,38.3,-38.8,18.6,11.85
2003-04-30,41.7,57.1,75.6,53.7,38.3,-38.8,18.6,11.85
2003-05-01,41.7,57.1,75.6,53.7,38.3,-38.8,18.6,11.85
2003-05-02,41.7,57.1,75.6,53.7,38.3,-38.8,18.6,11.85
2003-05-05,41.7,57.1,75.6,53.7,38.3,-38.8,18.6,11.85
2003-05-06,41.7,57.1,75.6,53.7,38.3,-38.8,18.6,11.85
2003-05-07,41.7,57.1,75.6,53.7,38.3,-38.8,18.6,11.85
2003-05-08,41.7,57.1,75.6,53.7,38.3,-38.8,18.6,11.85
2003-05-09,41.7,57.1,75.6,53.7,38.3,-38.8,18.6,11.85
2003-05-12,41.7,57.1,75.6,53.7,38.3,-38.8,18.6,11.85
2003-05-13,41.7,57.1,75.6,53.7,38.3,-38.8,18.6,11.85
2003-05-14,41.7,57.1,75.6,53.7,38.3,-38.8,18.6,11.85
2003-05-15,41.7,57.1,75.6,53.7,38.3,-38.8,18.6,11.85
2003-05-16,41.7,57.1,75.6,53.7,38.3,-38.8,18.6,11.85
2003-05-19,41.7,57.1,75.6,53.7,38.3,-38.8,18.6,11.85
2003-05-20,41.7,57.1,75.6,53.7,38.3,-38.8,18.6,11.85
2003-05-21,41.7,57.1,75.6,53.7,38.3,-38.8,18.6,11.85
2003-05-22,41.7,57.1,75.6,53.7,38.3,-38.8,18.6,11.85
2003-05-23,41.7,57.1,75.6,53.7,38.3,-38.8,18.6,11.85
2003-05-27,41.7,57.1,75.6,53.7,38.3,-38.8,18.6,11.85
2003-05-28,41.7,57.1,75.6,53.7,38.3,-38.8,18.6,11.85
2003-05-29,41.7,57.1,75.6,53.7,38.3,-38.8,18.6,11.85
2003-05-30,41.7,57.1,75.6,53.7,38.3,-38.8,18.6,11.85
2003-06-02,41.7,57.1,75.6,53.7,38.3,-38.8,18.6,11.85
2003-06-03,41.7,57.1,75.6,53.7,38.3,-38.8,18.6,11.85
2003-06-04,41.7,57.1,75.6,53.7,38.3,-38.8,18.6,11.85
2003-06-05,41.7,57.1,75.6,53.7,38.3,-38.8,18.6,11.85
2003-06-06,41.7,57.1,75.6,53.7,38.3,-38.8,18.6,11.85
2003-06-09,41.7,57.1,75.6,53.7,38.3,-38.8,18.6,11.85
2003-06-10,41.7,57.1,75.6,53.7,38.3,-38.8,18.6,11.85
2003-06-11,41.7,57.1,75.6,53.7,38.3,-38.8,18.6,11.85
2003-06-12,41.7,57.1,75.6,53.7,38.3,-38.8,18.6,11.85
2003-06-13,41.7,57.1,75.6,53.7,38.3,-38.8,18.6,11.85
2003-06-16,41.7,57.1,75.6,53.7,38.3,-38.8,18.6,11.85
2003-06-17,41.7,57.1,75.6,53.7,38.3,-38.8,18.6,11.85
2003-06-18,41.7,57.1,75.6,53.7,38.3,-38.8,18.6,11.85
2003-06-19,41.7,57.1,75.6,53.7,38.3,-38.8,18.6,11.85
2003-06-20,41.7,57.1,75.6,53.7,38.3,-38.8,18.6,11.85
2003-06-23,41.7,57.1,75.6,53.7,38.3,-38.8,18.6,11.85
2003-06-24,41.7,57.1,75.6,53.7,38.3,-38.8,18.6,11.85
2003-06-25,41.7,57.1,75.6,53.7,38.3,-38.8,18.6,11.85
2003-06-26,41.7,57.1,75.6,53.7,38.3,-38.8,18.6,11.85
2003-06-27,41.7,57.1,75.6,53.7,38.3,-38.8,18.6,11.85
2003-06-30,41.7,57.1,75.6,53.7,38.3,-38.8,18.6,11.85
2003-07-01,41.7,57.1,75.6,53.7,38.3,-38.8,18.6,11.85
2003-07-02,41.7,57.1,75.6,53.7,38.3,-38.8,18.6,11.85
2003-07-03,41.7,57.1,75.6,53.7,38.3,-38.8,18.6,11.85
2003-07-07,41.7,57.1,75.6,53.7,38.3,-38.8,18.6,11.85
2003-07-08,41.7,57.1,75.6,53.7,38.3,-38.8,18.6,11.85
2003-07-09,41.7,57.1,75.6,53.7,38.3,-38.8,18.6,11.85
2003-07-10,41.7,57.1,75.6,53.7,38.3,-38.8,18.6,11.85
2003-07-11,41.7,57.1,75.6,53.7,38.3,-38.8,18.6,11.85
2003-07-14,41.7,57.1,75.6,53.7,38.3,-38.8,18.6,11.85
2003-07-15,41.7,57.1,75.6,53.7,38.3,-38.8,18.6,11.85
2003-07-16,41.7,57.1,75.6,53.7,38.3,-38.8,18.6,11.85
2003-07-17,41.7,57.1,75.6,53.7,38.3,-38.8,18.6,11.85
2003-07-18,41.7,57.1,75.6,53.7,38.3,-38.8,18.6,11.85
2003-07-21,41.7,57.1,75.6,53.7,38.3,-38.8,18.6,11.85
2003-07-22,41.7,57.1,75.6,53.7,38.3,-38.8,18.6,11.85
2003-07-23,41.7,57.1,75.6,53.7,38.3,-38.8,18.6,11.85
2003-07-24,41.7,57.1,75.6,53.7,38.3,-38.8,18.6,11.85
2003-07-25,41.7,57.1,75.6,53.7,38.3,-38.8,18.6,11.85
2003-07-28,41.7,57.1,75.6,53.7,38.3,-38.8,18.6,11.85
2003-07-29,41.7,57.1,75.6,53.7,38.3,-38.8,18.6,11.85
2003-07-30,41.7,57.1,75.6,53.7,38.3,-38.8,18.6,11.85
2003-07-31,41.7,57.1,75.6,53.7,38.3,-38.8,18.6,11.85
2003-08-01,41.7,57.1,75.6,53.7,38.3,-38.8,18.6,11.85
2003-08-04,41.7,57.1,75.6,53.7,38.3,-38.8,18.6,11.85
2003-08-05,41.7,57.1,75.6,53.7,38.3,-38.8,18.6,11.85
2003-08-06,41.7,57.1,75.6,53.7,38.3,-38.8,18.6,11.85
2003-08-07,41.7,57.1,75.6,53.7,38.3,-38.8,18.6,11.85
2003-08-08,41.7,57.1,75.6,53.7,38.3,-38.8,18.6,11.85
2003-08-11,41.7,57.1,75.6,53.7,38.3,-38.8,18.6,11.85
2003-08-12,41.7,57.1,75.6,53.7,38.3,-38.8,18.6,11.85
2003-08-13,41.7,57.1,75.6,53.7,38.3,-38.8,18.6,11.85
2003-08-14,41.7,57.1,75.6,53.7,38.3,-38.8,18.6,11.85
2003-08-15,41.7,57.1,75.6,53.7,38.3,-38.8,18.6,11.85
2003-08-18,41.7,57.1,75.6,53.7,38.3,-38.8,18.6,11.85
2003-08-19,41.7,57.1,75.6,53.7,38.3,-38.8,18.6,11.85
2003-08-20,41.7,57.1,75.6,53.7,38.3,-38.8,18.6,11.85
2003-08-21,41.7,57.1,75.6,53.7,38.3,-38.8,18.6,11.85
2003-08-22,41.7,57.1,75.6,53.7,38.3,-38.8,18.6,11.85
2003-08-25,41.7,57.1,75.6,53.7,38.3,-38.8,18.6,11.85
2003-08-26,41.7,57.1,75.6,53.7,38.3,-38.8,18.6,11.85
2003-08-27,41.7,57.1,75.6,53.7,38.3,-38.8,18.6,11.85
2003-08-28,41.7,57.1,75.6,53.7,38.3,-38.8,18.6,11.85
2003-08-29,41.7,57.1,75.6,53.7,38.3,-38.8,18.6,11.85
2003-09-02,41.7,57.1,75.6,53.7,38.3,-38.8,18.6,11.85
2003-09-03,41.7,57.1,75.6,53.7,38.3,-38.8,18.6,11.85
2003-09-04,41.7,57.1,75.6,53.7,38.3,-38.8,18.6,11.85
2003-09-05,41.7,57.1,75.6,53.7,38.3,-38.8,18.6,11.85
2003-09-08,41.7,57.1,75.6,53.7,38.3,-38.8,18.6,11.85
2003-09-09,41.7,57.1,75.6,53.7,38.3,-38.8,18.6,11.85
2003-09-10,41.7,57.1,75.6,53.7,38.3,-38.8,18.6,11.85
2003-09-11,41.7,57.1,75.6,53.7,38.3,-38.8,18.6,11.85
2003-09-12,41.7,57.1,75.6,53.7,38.3,-38.8,18.6,11.85
2003-09-15,41.7,57.1,75.6,53.7,38.3,-38.8,18.6,11.85
2003-09-16,41.7,57.1,75.6,53.7,38.3,-38.8,18.6,11.85
2003-09-17,41.7,57.1,75.6,53.7,38.3,-38.8,18.6,11.85
2003-09-18,41.7,57.1,75.6,53.7,38.3,-38.8,18.6,11.85
2003-09-19,41.7,57.1,75.6,53.7,38.3,-38.8,18.6,11.85
2003-09-22,41.7,57.1,75.6,53.7,38.3,-38.8,18.6,11.85
2003-09-23,41.7,57.1,75.6,53.7,38.3,-38.8,18.6,11.85
2003-09-24,41.7,57.1,75.6,53.7,38.3,-38.8,18.6,11.85
2003-09-25,41.7,57.1,75.6,53.7,38.3,-38.8,18.6,11.85
2003-09-26,41.7,57.1,75.6,53.7,38.3,-38.8,18.6,11.85
2003-09-29,41.7,57.1,75.6,53.7,38.3,-38.8,18.6,11.85
2003-09-30,41.7,57.1,75.6,53.7,38.3,-38.8,18.6,11.85
2003-10-01,41.7,57.1,75.6,53.7,38.3,-38.8,18.6,11.85
2003-10-02,41.7,57.1,75.6,53.7,38.3,-38.8,18.6,11.85
2003-10-03,41.7,57.1,75.6,53.7,38.3,-38.8,18.6,11.85
2003-10-06,41.7,57.1,75.6,53.7,38.3,-38.8,18.6,11.85
2003-10-07,41.7,57.1,75.6,53.7,38.3,-38.8,18.6,11.85
2003-10-08,41.7,57.1,75.6,53.7,38.3,-38.8,18.6,11.85
2003-10-09,41.7,57.1,75.6,53.7,38.3,-38.8,18.6,11.85
2003-10-10,41.7,57.1,75.6,53.7,38.3,-38.8,18.6,11.85
2003-10-13,41.7,57.1,75.6,53.7,38.3,-38.8,18.6,11.85
2003-10-14,41.7,57.1,75.6,53.7,38.3,-38.8,18.6,11.85
2003-10-15,41.7,57.1,75.6,53.7,38.3,-38.8,18.6,11.85
2003-10-16,41.7,57.1,75.6,53.7,38.3,-38.8,18.6,11.85
2003-10-17,41.7,57.1,75.6,53.7,38.3,-38.8,18.6,11.85
2003-10-20,41.7,57.1,75.6,53.7,38.3,-38.8,18.6,11.85
2003-10-21,41.7,57.1,75.6,53.7,38.3,-38.8,18.6,11.85
2003-10-22,41.7,57.1,75.6,53.7,38.3,-38.8,18.6,11.85
2003-10-23,41.7,57.1,75.6,53.7,38.3,-38.8,18.6,11.85
2003-10-24,41.7,57.1,75.6,53.7,38.3,-38.8,18.6,11.85
2003-10-27,41.7,57.1,75.6,53.7,38.3,-38.8,18.6,11.85
2003-10-28,41.7,57.1,75.6,53.7,38.3,-38.8,18.6,11.85
2003-10-29,41.7,57.1,75.6,53.7,38.3,-38.8,18.6,11.85
2003-10-30,41.7,57.1,75.6,53.7,38.3,-38.8,18.6,11.85
2003-10-31,41.7,57.1,75.6,53.7,38.3,-38.8,18.6,11.85
2003-11-03,41.7,57.1,75.6,53.7,38.3,-38.8,18.6,11.85
2003-11-04,41.7,57.1,75.6,53.7,38.3,-38.8,18.6,11.85
2003-11-05,41.7,57.1,75.6,53.7,38.3,-38.8,18.6,11.85
2003-11-06,41.7,57.1,75.6,53.7,38.3,-38.8,18.6,11.85
2003-11-07,41.7,57.1,75.6,53.7,38.3,-38.8,18.6,11.85
2003-11-10,41.7,57.1,75.6,53.7,38.3,-38.8,18.6,11.85
2003-11-11,41.7,57.1,75.6,53.7,38.3,-38.8,18.6,11.85
2003-11-12,41.7,57.1,75.6,53.7,38.3,-38.8,18.6,11.85
2003-11-13,41.7,57.1,75.6,53.7,38.3,-38.8,18.6,11.85
2003-11-14,41.7,57.1,75.6,53.7,38.3,-38.8,18.6,11.85
2003-11-17,41.7,57.1,75.6,53.7,38.3,-38.8,18.6,11.85
2003-11-18,41.7,57.1,75.6,53.7,38.3,-38.8,18.6,11.85
2003-11-19,41.7,57.1,75.6,53.7,38.3,-38.8,18.6,11.85
2003-11-20,41.7,57.1,75.6,53.7,38.3,-38.8,18.6,11.85
2003-11-21,41.7,57.1,75.6,53.7,38.3,-38.8,18.6,11.85
2003-11-24,41.7,57.1,75.6,53.7,38.3,-38.8,18.6,11.85
2003-11-25,41.7,57.1,75.6,53.7,38.3,-38.8,18.6,11.85
2003-11-26,41.7,57.1,75.6,53.7,38.3,-38.8,18.6,11.85
2003-11-28,41.7,57.1,75.6,53.7,38.3,-38.8,18.6,11.85
2003-12-01,41.7,57.1,75.6,53.7,38.3,-38.8,18.6,11.85
2003-12-02,41.7,57.1,75.6,53.7,38.3,-38.8,18.6,11.85
2003-12-03,41.7,57.1,75.6,53.7,38.3,-38.8,18.6,11.85
2003-12-04,41.7,57.1,75.6,53.7,38.3,-38.8,18.6,11.85
2003-12-05,41.7,57.1,75.6,53.7,38.3,-38.8,18.6,11.85
2003-12-08,41.7,57.1,75.6,53.7,38.3,-38.8,18.6,11.85
2003-12-09,41.7,57.1,75.6,53.7,38.3,-38.8,18.6,11.85
2003-12-10,41.7,57.1,75.6,53.7,38.3,-38.8,18.6,11.85
2003-12-11,41.7,57.1,75.6,53.7,38.3,-38.8,18.6,11.85
2003-12-12,41.7,57.1,75.6,53.7,38.3,-38.8,18.6,11.85
2003-12-15,41.7,57.1,75.6,53.7,38.3,-38.8,18.6,11.85
2003-12-16,41.7,57.1,75.6,53.7,38.3,-38.8,18.6,11.85
2003-12-17,41.7,57.1,75.6,53.7,38.3,-38.8,18.6,11.85
2003-12-18,41.7,57.1,75.6,53.7,38.3,-38.8,18.6,11.85
2003-12-19,41.7,57.1,75.6,53.7,38.3,-38.8,18.6,11.85
2003-12-22,41.7,57.1,75.6,53.7,38.3,-38.8,18.6,11.85
2003-12-23,41.7,57.1,75.6,53.7,38.3,-38.8,18.6,11.85
2003-12-24,41.7,57.1,75.6,53.7,38.3,-38.8,18.6,11.85
2003-12-26,41.7,57.1,75.6,53.7,38.3,-38.8,18.6,11.85
2003-12-29,41.7,57.1,75.6,53.7,38.3,-38.8,18.6,11.85
2003-12-30,41.7,57.1,75.6,53.7,38.3,-38.8,18.6,11.85
2003-12-31,41.7,57.1,75.6,53.7,38.3,-38.8,18.6,11.85
2004-01-02,41.7,57.1,75.6,53.7,38.3,-38.8,18.6,11.85
2004-01-05,40.5,55.5,71.6,53.6,36.3,-36.1,18.0,12.22
2004-01-06,38.5,52.7,65.0,54.7,34.8,-35.1,17.1,12.36
2004-01-07,38.1,50.7,62.3,52.1,37.7,-34.0,19.1,12.86
2004-01-08,35.1,50.1,61.4,51.7,36.9,-39.9,12.5,9.1
2004-01-09,32.2,45.0,47.7,52.6,36.3,-35.8,13.1,8.81
2004-01-12,32.3,44.4,43.5,56.9,36.9,-32.7,14.2,12.53
2004-01-13,30.8,42.4,41.7,55.9,35.8,-32.4,13.5,11.82
2004-01-14,35.4,50.0,60.7,54.9,34.0,-32.1,13.4,10.62
2004-01-15,33.7,49.5,59.7,53.8,33.5,-44.3,10.0,10.56
2004-01-16,34.4,49.8,60.8,52.5,35.5,-43.9,11.2,10.5
2004-01-20,35.0,45.5,56.7,44.7,49.9,-42.2,19.3,31.42
2004-01-21,36.3,45.7,58.9,43.3,49.5,-30.1,22.1,31.29
2004-01-22,34.7,43.3,57.5,36.7,49.0,-29.4,21.9,31.15
2004-01-23,34.9,43.3,55.8,34.7,48.5,-29.3,22.2,31.02
2004-01-26,30.2,36.8,48.7,26.9,45.4,-29.0,20.2,30.51
2004-01-27,30.2,37.2,41.7,35.6,44.6,-28.9,19.6,30.33
2004-01-28,30.1,37.6,37.1,43.6,43.7,-29.7,18.8,30.11
2004-01-29,30.0,35.2,36.2,39.6,49.7,-29.6,22.3,29.88
2004-01-30,26.1,29.1,22.1,37.8,47.8,-29.5,21.6,29.57
2004-02-02,24.8,27.1,17.4,38.8,50.3,-34.6,21.4,27.95
2004-02-03,24.7,26.7,16.4,39.7,51.1,-34.1,21.7,27.89
2004-02-04,28.7,31.2,26.1,42.3,56.9,-33.6,25.0,27.81
2004-02-05,29.1,32.3,25.8,47.2,56.2,-33.2,24.2,27.71
2004-02-06,28.0,31.2,20.2,51.7,55.7,-36.0,23.1,25.92
2004-02-09,29.2,29.1,19.3,48.2,54.6,-33.8,29.4,25.21
2004-02-10,29.1,29.0,19.2,47.3,54.1,-32.5,29.3,25.29
2004-02-11,29.8,28.0,18.4,46.3,53.5,-18.6,32.4,25.3
2004-02-12,30.9,31.2,25.4,44.3,50.4,-18.5,30.4,20.97
2004-02-13,25.4,22.3,5.0,43.2,49.9,-18.5,30.0,21.08
2004-02-17,22.9,17.0,0.9,33.1,47.8,-6.0,31.7,21.71
2004-02-18,24.1,17.8,-2.7,31.1,47.9,-6.8,33.6,21.99
2004-02-19,21.6,16.5,-6.0,28.8,44.3,-15.2,29.3,22.32
2004-02-20,20.7,16.1,-4.4,26.0,43.5,-14.2,27.6,22.72
2004-02-23,16.3,9.0,-12.2,14.2,40.4,-7.9,27.3,25.74
2004-02-24,9.8,0.2,-20.8,-3.1,34.4,-7.9,24.2,31.0
2004-02-25,9.8,-0.5,-20.9,-5.5,36.1,-7.5,25.3,30.92
2004-02-26,6.9,-1.4,-22.6,-7.7,26.1,-7.1,19.4,30.75
2004-02-27,8.2,3.6,-17.0,-3.9,25.9,-23.8,15.1,21.59
2004-03-01,7.3,2.3,-16.8,-6.6,24.7,-21.6,14.8,21.32
2004-03-02,6.8,1.7,-16.1,-8.5,24.3,-23.7,14.5,21.22
2004-03-03,5.4,-0.3,-20.1,-9.6,23.6,-23.5,14.0,21.2
2004-03-04,2.5,-4.5,-20.1,-23.7,21.7,-23.2,12.9,21.15
2004-03-05,-0.9,-9.7,-31.6,-23.7,21.3,-24.0,12.3,21.1
2004-03-08,-3.2,-10.6,-31.4,-23.8,22.1,-23.1,7.8,21.13
2004-03-09,-6.8,-16.7,-31.4,-23.6,22.1,-22.8,8.0,21.24
2004-03-10,-7.4,-19.2,-36.3,-23.3,23.4,-17.6,10.2,23.98
2004-03-11,-10.5,-24.5,-46.4,-23.0,23.1,-17.4,10.4,23.68
2004-03-12,-10.5,-25.9,-46.8,-22.7,25.8,-17.2,12.5,28.3
2004-03-15,-11.2,-25.8,-47.5,-21.8,23.2,-19.9,10.8,24.7
2004-03-16,-14.7,-31.6,-49.8,-38.4,22.2,-18.9,10.6,26.32
2004-03-17,-11.9,-28.4,-46.3,-37.4,23.2,-19.2,12.8,25.88
2004-03-18,-12.6,-29.4,-48.6,-36.1,22.9,-19.1,12.7,25.46
2004-03-19,-12.5,-28.8,-48.3,-34.5,22.7,-23.9,12.0,24.93
2004-03-22,-11.4,-26.8,-46.5,-30.4,21.9,-23.4,11.7,23.19
2004-03-23,-7.7,-24.8,-46.5,-26.6,32.1,-23.2,17.9,22.49
2004-03-24,-5.7,-21.3,-42.1,-22.0,31.6,-23.0,17.7,21.72
2004-03-25,-5.7,-21.1,-42.0,-21.7,30.9,-21.9,17.5,21.29
2004-03-26,-1.7,-18.1,-40.5,-21.6,39.9,-21.7,23.0,20.2
2004-03-29,-1.8,-18.1,-40.8,-20.5,38.8,-21.0,22.7,14.04
2004-03-30,-1.0,-16.7,-38.1,-15.4,38.5,-20.7,22.6,13.85
2004-03-31,-0.8,-20.1,-44.7,-15.2,46.5,-20.3,28.2,27.44
2004-04-01,2.7,-13.9,-35.2,-15.2,45.2,-19.9,27.6,27.18
2004-04-02,7.3,-6.1,-16.6,-15.2,45.2,-21.5,27.3,26.97
2004-04-05,8.9,-3.1,-5.8,-15.2,43.0,-20.7,26.9,26.28
2004-04-06,9.8,-2.7,-5.1,-15.5,44.2,-19.4,28.6,26.26
2004-04-07,9.5,-2.8,-3.7,-17.2,43.5,-19.4,28.0,25.62
2004-04-08,10.4,-4.9,-4.3,-25.1,42.8,-14.6,33.3,26.95
2004-04-12,6.0,-9.0,-10.8,-26.2,36.6,-15.8,28.6,22.39
2004-04-13,11.7,0.1,10.3,-26.2,37.0,-14.1,29.1,21.62
2004-04-14,13.4,3.6,18.6,-26.1,35.7,-14.5,28.2,20.78
2004-04-15,17.1,6.0,24.3,-26.0,43.7,-10.9,33.7,26.95
2004-04-16,15.4,3.6,19.1,-25.9,43.1,-11.4,33.2,25.58
2004-04-19,13.6,3.3,19.3,-25.4,38.0,-14.9,29.0,20.31
2004-04-20,10.1,-2.2,19.8,-39.8,37.7,-18.5,28.6,18.59
2004-04-21,9.7,-2.3,20.4,-40.2,37.3,-19.7,27.8,18.56
2004-04-22,8.9,-4.0,21.1,-46.7,35.4,-17.1,28.3,18.58
2004-04-23,8.8,-4.3,24.7,-47.4,35.8,-16.9,28.4,18.55
2004-04-26,16.1,9.3,31.6,-11.0,32.6,-16.2,26.2,18.6
2004-04-27,17.2,12.2,40.0,-9.5,31.7,-19.7,24.6,16.82
2004-04-28,16.8,12.3,41.9,-9.2,31.2,-21.4,23.6,16.84
2004-04-29,14.6,8.9,26.7,-0.7,30.7,-21.1,23.2,16.9
2004-04-30,15.3,10.4,30.7,-0.8,30.0,-20.7,22.7,16.93
2004-05-03,14.1,8.9,28.0,-1.9,30.2,-21.6,21.8,17.24
2004-05-04,14.0,8.7,28.8,-3.0,31.0,-21.4,21.9,17.39
2004-05-05,16.7,12.1,36.6,-3.5,32.0,-14.8,23.7,17.65
2004-05-06,14.7,9.1,36.9,-12.8,32.1,-15.1,23.0,17.76
2004-05-07,15.1,10.3,51.0,-32.2,32.7,-15.5,22.2,17.81
2004-05-10,16.1,10.8,52.4,-30.5,33.2,-18.6,24.0,18.46
2004-05-11,16.8,10.4,52.9,-29.8,33.6,-9.3,26.4,23.46
2004-05-12,16.2,6.0,40.8,-29.2,31.1,10.6,31.5,21.64
2004-05-13,16.0,5.7,42.8,-27.5,31.2,10.7,31.4,21.5
2004-05-14,18.9,8.7,47.1,-26.7,32.9,19.3,34.3,21.37
2004-05-17,20.2,8.2,47.0,-23.9,33.1,36.7,38.2,20.34
2004-05-18,20.9,8.9,46.8,-28.5,33.7,38.4,38.9,20.24
2004-05-19,21.7,9.3,46.7,-27.7,33.9,43.3,40.4,20.81
2004-05-20,22.0,8.0,43.4,-26.7,34.0,43.7,43.1,20.62
2004-05-21,24.4,8.6,44.0,-25.5,38.8,44.3,48.0,20.5
2004-05-24,26.0,10.7,46.1,-20.9,39.3,47.5,48.9,19.97
2004-05-25,27.4,13.0,44.8,-13.4,40.5,42.8,49.0,19.63
2004-05-26,25.2,7.9,36.6,-17.3,43.0,45.5,51.2,20.79
2004-05-27,25.6,7.6,35.3,-16.7,42.1,53.7,52.7,25.96
2004-05-28,26.2,7.7,40.1,-20.1,44.1,53.7,53.9,25.68
2004-06-01,29.5,13.2,48.4,-14.3,45.0,51.7,54.0,24.48
2004-06-02,32.4,13.9,50.2,-14.0,48.4,62.8,60.1,24.11
2004-06-03,33.5,15.9,48.7,-3.4,47.6,62.6,59.8,23.71
2004-06-04,35.2,19.0,51.2,-3.2,46.7,62.3,59.5,23.26
2004-06-07,35.7,21.9,53.3,-2.2,41.8,60.8,56.4,21.25
2004-06-08,38.8,25.3,54.3,6.5,40.5,62.6,59.1,20.64
2004-06-09,39.6,25.6,53.7,7.0,39.5,63.6,60.5,20.17
2004-06-10,38.7,27.4,53.1,7.6,31.5,63.8,55.6,9.5
2004-06-14,36.3,20.9,35.3,11.9,34.9,75.0,59.3,20.06
2004-06-15,35.8,21.6,37.7,11.6,33.3,70.5,57.0,19.82
2004-06-16,37.8,23.1,40.6,11.3,32.3,82.3,59.9,17.82
2004-06-17,38.4,23.6,41.5,10.9,33.9,82.0,60.7,17.46
2004-06-18,37.3,22.9,40.4,10.4,32.6,81.6,58.8,17.11
2004-06-21,33.6,19.9,35.9,8.0,27.2,77.7,54.2,15.83
2004-06-22,33.2,19.9,34.6,8.7,25.8,77.7,53.2,15.27
2004-06-23,31.3,18.9,33.2,8.6,23.7,77.4,50.0,14.7
2004-06-24,33.3,21.0,40.4,4.0,23.7,85.1,51.8,17.86
2004-06-25,24.9,7.5,29.7,-24.4,22.8,84.8,51.0,17.09
2004-06-28,20.1,1.8,23.5,-35.5,18.6,83.9,47.5,12.43
2004-06-29,19.5,1.1,30.9,-35.2,18.5,83.7,47.2,12.28
2004-06-30,14.9,-4.5,15.8,-33.5,11.1,80.8,43.9,5.19
2004-07-01,16.5,-2.3,13.5,-33.1,12.9,80.4,44.6,5.05
2004-07-02,12.1,-8.6,-2.2,-32.6,13.5,74.7,43.2,4.91
2004-07-06,8.5,-12.2,-13.1,-29.3,12.8,69.8,39.6,3.73
2004-07-07,10.5,-9.3,-14.3,-18.8,12.7,69.5,40.3,3.62
2004-07-08,12.3,-7.9,-15.7,-12.6,13.9,70.6,42.5,4.18
2004-07-09,10.3,-9.6,-17.5,-12.5,10.0,70.5,40.1,-3.1
2004-07-12,4.4,-12.7,-25.6,-12.3,4.0,45.9,30.0,-10.34
2004-07-13,7.1,-7.3,-14.5,-12.1,3.2,45.0,28.7,-11.34
2004-07-14,5.3,-10.1,-21.5,-11.9,3.1,44.6,28.4,-11.24
2004-07-15,7.2,-8.2,-17.5,-11.6,3.0,53.5,30.4,-7.39
2004-07-16,3.4,-9.7,-21.5,-11.2,-8.7,53.2,23.1,-21.07
2004-07-19,2.8,-8.8,-22.1,-9.3,-8.7,52.4,20.3,-20.43
2004-07-20,2.3,-10.0,-27.1,-6.8,-7.1,51.5,20.7,-20.33
2004-07-21,1.1,-10.6,-27.7,-8.6,-7.3,44.3,18.7,-20.1
2004-07-22,5.0,-4.2,-27.8,7.6,-7.4,45.2,18.7,-19.1
2004-07-23,3.7,-6.4,-28.2,4.1,-7.0,44.7,18.8,-18.98
2004-07-26,2.7,-7.4,-28.2,-2.5,-7.5,43.4,17.8,-18.54
2004-07-27,7.3,0.7,-17.1,9.3,-7.6,42.4,17.3,-18.5
2004-07-28,9.4,4.8,-18.7,25.6,-8.2,41.1,16.4,-18.52
2004-07-29,8.3,3.4,-19.0,26.5,-8.6,39.9,15.7,-18.55
2004-07-30,6.8,0.9,-26.0,27.4,-7.9,38.6,15.6,-18.57
2004-08-02,6.3,1.3,-28.7,32.2,-7.4,33.0,13.8,-18.7
2004-08-03,5.8,1.6,-29.4,35.4,-6.6,25.2,12.0,-18.78
2004-08-04,7.1,4.5,-24.3,38.3,-6.8,23.3,11.1,-18.84
2004-08-05,2.2,-2.7,-23.6,17.7,-6.8,21.3,9.5,-18.97
2004-08-06,-6.6,-15.5,-43.6,5.3,-8.0,14.0,6.7,-21.45
2004-08-09,-6.6,-12.4,-39.0,5.3,-8.3,2.1,2.1,-21.88
2004-08-10,-8.7,-14.0,-39.3,5.2,-12.0,0.4,-0.7,-25.11
2004-08-11,-8.6,-14.8,-39.5,5.3,-12.3,3.9,0.7,-24.66
2004-08-12,-9.0,-16.6,-42.9,5.5,-10.1,2.5,2.3,-20.74
2004-08-13,-21.8,-37.3,-85.2,5.7,-10.2,0.6,1.5,-20.71
2004-08-16,-24.3,-38.8,-88.1,6.6,-12.4,-6.2,-2.5,-24.36
2004-08-17,-26.3,-41.3,-89.4,0.5,-13.1,-6.4,-3.7,-24.34
2004-08-18,-26.1,-41.1,-88.9,0.3,-13.9,9.4,-3.7,-16.57
2004-08-19,-27.0,-41.3,-89.1,0.1,-15.5,6.7,-5.5,-16.62
2004-08-20,-25.9,-40.7,-88.4,0.1,-12.1,6.4,-3.6,-14.81
2004-08-23,-26.7,-41.6,-85.3,-0.6,-13.2,6.6,-4.4,-15.44
2004-08-24,-27.0,-41.7,-85.1,-0.5,-13.3,5.0,-5.0,-16.14
2004-08-25,-28.5,-44.7,-92.4,-0.1,-12.2,5.6,-4.3,-16.03
2004-08-26,-27.5,-41.6,-92.2,10.0,-16.5,8.1,-6.4,-15.04
2004-08-27,-27.7,-42.5,-90.8,9.5,-14.6,7.5,-5.6,-14.89
2004-08-30,-28.7,-43.0,-90.4,7.2,-14.8,4.1,-7.3,-14.54
2004-08-31,-32.0,-50.9,-102.1,6.2,-13.8,17.2,-3.6,-7.95
2004-09-01,-33.9,-54.0,-105.0,6.0,-13.9,16.8,-3.8,-7.82
2004-09-02,-33.8,-53.8,-104.4,5.8,-13.4,16.3,-3.9,-7.69
2004-09-03,-35.7,-56.5,-110.5,5.5,-13.8,16.1,-4.5,-7.53
2004-09-07,-34.4,-52.0,-107.6,19.0,-12.9,7.9,-7.9,-6.09
2004-09-08,-32.6,-48.0,-106.7,31.4,-15.5,6.2,-9.6,-7.04
2004-09-09,-34.2,-51.5,-105.6,31.7,-15.4,4.1,-8.3,-7.77
2004-09-10,-31.5,-52.1,-97.7,32.0,-6.5,4.0,-0.7,5.81
2004-09-13,-31.1,-50.9,-96.1,33.2,-6.5,1.9,-1.3,6.62
2004-09-14,-33.9,-55.6,-95.8,19.2,-6.7,2.0,-1.3,6.74
2004-09-15,-35.0,-57.0,-97.5,19.9,-8.5,1.9,-2.1,4.44
2004-09-16,-36.0,-58.7,-106.4,20.6,-8.3,2.1,-1.9,4.54
2004-09-17,-35.6,-58.8,-106.4,21.6,-6.3,5.3,-0.9,6.12
2004-09-20,-34.0,-56.5,-104.6,26.2,-5.7,5.0,-0.3,6.3
2004-09-21,-32.7,-54.7,-102.5,29.5,-5.6,7.9,0.4,7.33
2004-09-22,-33.1,-53.3,-100.3,30.4,-5.3,-5.9,-2.9,7.73
2004-09-23,-33.1,-52.7,-99.4,30.5,-4.9,-8.7,-3.8,6.58
2004-09-24,-33.2,-53.0,-98.8,30.8,-4.5,-8.1,-3.6,7.14
2004-09-27,-30.3,-50.0,-92.5,30.1,0.4,-5.5,-0.7,10.0
2004-09-28,-30.9,-51.5,-94.9,29.3,0.2,-1.8,0.1,10.33
2004-09-29,-28.6,-47.9,-86.3,28.5,0.3,-0.5,0.4,10.63
2004-09-30,-28.1,-46.8,-81.3,27.9,-0.6,-0.1,-0.1,17.1
2004-10-01,-27.6,-46.5,-81.4,26.8,0.7,0.5,0.8,17.49
2004-10-04,-26.2,-46.7,-78.6,21.2,4.8,7.3,4.5,19.17
2004-10-05,-27.3,-49.7,-82.8,19.9,5.9,12.4,6.3,20.04
2004-10-06,-28.7,-52.6,-82.4,11.6,6.8,13.4,7.1,21.58
2004-10-07,-28.5,-51.9,-82.1,11.2,7.8,14.5,6.6,22.12
2004-10-08,-31.3,-55.2,-87.2,6.5,6.2,16.3,4.5,22.87
2004-10-11,-28.7,-55.0,-85.7,4.7,8.1,32.6,10.8,34.7
2004-10-12,-32.2,-59.4,-85.2,-6.4,9.0,26.9,8.7,36.88
2004-10-13,-31.1,-58.4,-83.8,-7.3,10.7,27.0,9.9,38.81
2004-10-14,-34.2,-63.6,-95.0,-8.2,10.6,27.1,9.9,38.61
2004-10-15,-33.7,-64.5,-96.7,-9.4,10.2,38.0,12.6,34.76
2004-10-18,-33.2,-64.4,-93.4,-14.7,10.4,39.5,13.6,34.11
2004-10-19,-35.4,-64.3,-90.7,-18.0,8.8,19.0,8.0,24.04
2004-10-20,-35.1,-63.8,-90.0,-18.6,8.6,18.9,7.9,23.89
2004-10-21,-33.1,-60.4,-83.5,-26.2,8.5,18.6,7.8,26.02
2004-10-22,-32.6,-61.0,-82.8,-27.1,11.1,21.6,10.1,30.96
2004-10-25,-30.3,-58.7,-80.5,-25.1,14.7,21.6,12.3,35.91
2004-10-26,-30.6,-57.9,-80.6,-23.2,11.4,21.6,10.3,35.73
2004-10-27,-31.5,-60.5,-76.0,-37.8,11.2,28.3,11.9,35.55
2004-10-28,-28.3,-55.6,-74.6,-15.1,12.4,28.4,12.7,35.37
2004-10-29,-26.5,-52.8,-69.8,-15.3,13.0,28.6,12.9,35.26
2004-11-01,-23.1,-49.5,-70.0,-9.3,18.4,29.5,16.5,34.8
2004-11-02,-19.6,-46.3,-66.6,-5.1,24.9,29.4,20.5,34.74
2004-11-03,-16.8,-41.0,-58.1,-3.2,25.1,24.7,19.5,34.85
2004-11-04,-18.4,-42.7,-56.2,-11.0,23.8,24.1,18.0,34.53
2004-11-05,-15.8,-38.8,-39.1,-22.8,23.9,26.3,18.8,34.27
2004-11-08,-14.0,-33.6,-30.1,-22.7,24.7,23.0,15.3,33.18
2004-11-09,-18.3,-40.4,-25.1,-56.8,24.3,22.5,14.9,32.21
2004-11-10,-13.0,-31.9,-6.6,-56.7,24.8,22.8,15.3,34.18
2004-11-11,-12.4,-32.3,-5.8,-58.6,25.5,30.8,17.5,34.92
2004-11-12,-11.1,-30.0,2.7,-58.3,25.4,30.0,17.3,34.46
2004-11-15,-10.4,-28.0,5.2,-57.4,25.1,22.2,16.1,31.48
2004-11-16,-8.2,-27.6,5.8,-57.6,31.6,25.5,20.9,40.19
2004-11-17,-5.4,-24.1,14.6,-57.9,30.3,36.0,22.7,43.32
2004-11-18,-5.3,-24.6,13.8,-58.2,30.1,42.2,23.7,42.93
2004-11-19,-4.9,-24.0,14.5,-58.6,32.2,41.6,23.7,42.48
2004-11-22,-4.0,-21.7,17.9,-60.7,31.6,39.2,22.6,41.34
2004-11-23,-4.4,-21.7,18.4,-62.3,29.5,40.5,21.6,40.74
2004-11-24,-3.7,-21.6,17.1,-62.4,29.0,47.8,23.1,40.14
2004-11-26,-3.9,-23.2,19.1,-72.6,33.2,47.6,25.0,39.46
2004-11-29,-2.3,-19.0,23.9,-70.7,31.2,44.4,22.8,36.72
2004-11-30,-6.9,-24.0,23.2,-78.8,28.1,31.0,18.8,35.55
2004-12-01,-5.6,-22.7,26.6,-79.3,30.3,31.1,20.1,35.06
2004-12-02,-5.2,-21.9,26.5,-80.0,30.8,29.4,19.9,34.52
2004-12-03,-6.2,-23.5,23.1,-81.1,30.6,29.7,19.8,33.94
2004-12-06,-5.7,-21.2,22.6,-77.3,28.4,28.2,17.6,31.46
2004-12-07,-3.4,-17.2,22.3,-67.0,27.4,28.4,17.4,30.24
2004-12-08,-4.7,-17.0,21.5,-66.0,25.2,28.3,13.7,28.08
2004-12-09,-7.2,-17.8,21.9,-62.8,19.9,20.4,8.8,16.91
2004-12-10,-5.5,-16.6,23.8,-61.5,26.5,20.3,11.1,28.38
2004-12-13,-4.6,-11.6,30.1,-56.6,26.2,-0.6,5.9,28.28
2004-12-14,-7.2,-15.6,21.0,-56.1,25.2,-0.7,5.5,27.84
2004-12-15,-5.8,-13.0,23.6,-55.6,25.2,-3.5,5.0,32.28
2004-12-16,-5.2,-12.0,23.5,-55.0,24.9,-3.3,5.1,31.98
2004-12-17,1.8,-0.8,23.3,-19.4,24.5,-2.9,5.6,33.96
2004-12-20,2.4,-0.2,22.6,-17.3,23.8,0.2,6.2,33.05
2004-12-21,3.4,2.7,22.5,-10.0,23.5,-6.0,4.5,32.9
2004-12-22,3.7,3.6,24.4,-10.0,23.1,-7.9,3.9,33.01
2004-12-23,2.8,2.2,22.7,-14.9,23.1,-8.4,3.8,32.64
2004-12-27,2.6,2.5,21.4,-12.8,21.6,-10.9,2.7,30.2
2004-12-28,2.0,1.6,21.0,-16.7,21.4,-11.5,2.5,28.98
2004-12-29,2.0,1.8,21.4,-15.9,20.8,-10.9,2.4,28.71
2004-12-30,1.6,1.1,19.4,-15.1,20.5,-11.6,2.4,28.36
2004-12-31,1.7,1.3,19.8,-15.2,20.5,-12.7,2.2,28.04
2005-01-03,0.5,4.0,22.0,-10.7,9.1,-15.6,-4.7,26.86
2005-01-04,0.9,4.2,22.5,-9.7,9.5,-16.0,-4.1,26.34
2005-01-05,2.9,6.8,27.6,-8.4,9.7,-13.2,-3.0,25.74
2005-01-06,6.1,6.3,27.7,-7.6,9.5,11.6,5.8,24.97
2005-01-07,3.9,2.9,26.0,-18.4,9.0,10.5,5.3,24.0
2005-01-10,3.9,4.7,27.5,-14.9,8.3,8.5,2.7,22.2
2005-01-11,7.0,7.8,29.1,-6.7,9.0,20.7,5.8,27.35
2005-01-12,-0.5,-4.1,0.4,-6.3,7.8,19.6,4.9,26.16
2005-01-13,-1.2,-5.2,-2.2,-5.9,7.5,20.2,4.9,26.12
2005-01-14,3.0,1.7,1.6,-5.5,7.1,21.2,4.9,26.1
2005-01-18,4.7,4.3,5.1,-2.4,8.1,18.8,5.3,21.94
2005-01-19,4.3,4.2,3.9,-2.3,7.0,17.9,4.5,20.34
2005-01-20,1.3,1.7,-3.0,-2.3,6.0,20.0,0.8,19.0
2005-01-21,0.5,0.1,-4.6,1.5,6.3,19.5,1.0,19.56
2005-01-24,-0.1,0.1,-6.6,3.0,5.6,17.0,-0.2,19.01
2005-01-25,2.5,1.3,-3.3,0.8,12.9,17.2,4.4,30.25
2005-01-26,6.9,4.3,-4.3,8.6,22.4,19.9,10.9,43.16
2005-01-27,5.7,4.1,-5.0,9.8,17.8,19.8,8.2,42.83
2005-01-28,5.8,4.4,-13.2,21.4,16.8,20.9,8.0,42.53
2005-01-31,3.9,3.8,-17.2,24.9,10.4,20.9,4.0,41.39
2005-02-01,4.4,3.1,-20.9,28.2,14.1,20.2,6.3,40.93
2005-02-02,5.2,2.6,-23.7,31.3,18.8,19.3,9.0,40.51
2005-02-03,5.0,0.9,-29.1,32.8,19.0,25.9,11.1,40.02
2005-02-04,8.7,9.4,-32.7,70.1,18.7,25.3,7.6,39.44
2005-02-07,8.8,10.2,-37.2,78.1,16.9,23.3,6.7,37.13
2005-02-08,8.7,10.4,-37.9,79.5,16.5,21.6,6.2,36.4
2005-02-09,9.3,11.5,-39.1,79.2,16.1,21.1,5.9,35.74
2005-02-10,9.1,12.3,-36.4,79.0,14.1,19.5,4.4,34.54
2005-02-11,7.9,12.2,-36.6,78.7,13.3,9.3,1.5,35.46
2005-02-14,7.1,12.2,-38.2,77.9,11.5,4.4,-0.5,31.61
2005-02-15,11.9,17.4,-32.9,86.0,10.5,21.8,3.6,31.43
2005-02-16,14.6,17.2,-30.5,85.7,18.8,31.8,10.8,31.25
2005-02-17,17.5,18.5,-26.5,85.5,17.7,54.2,15.9,41.93
2005-02-18,23.7,18.3,-27.1,85.4,44.5,53.9,31.9,79.42
2005-02-22,25.0,20.7,-24.1,95.5,43.8,52.1,31.4,78.12
2005-02-23,20.1,12.5,-23.9,67.2,43.1,52.6,31.6,77.74
2005-02-24,19.6,12.1,-24.7,66.5,42.1,51.3,30.9,69.76
2005-02-25,19.0,11.0,-22.5,61.1,41.4,53.3,31.0,69.94
2005-02-28,22.1,13.8,-20.0,59.5,45.8,57.5,34.5,69.2
2005-03-01,19.3,10.5,-25.0,58.2,44.0,53.7,32.6,66.71
2005-03-02,19.0,9.9,-24.3,56.8,43.9,54.1,32.7,66.4
2005-03-03,19.3,8.5,-24.5,55.1,43.9,64.6,35.5,66.07
2005-03-04,20.5,10.9,-23.8,59.9,42.3,65.2,34.8,65.78
2005-03-07,19.4,9.4,-23.2,53.6,40.2,66.5,34.5,65.04
2005-03-08,20.1,9.1,-23.1,52.3,37.4,68.2,36.7,65.24
2005-03-09,22.4,12.8,-23.0,68.4,36.3,73.8,36.9,65.31
2005-03-10,22.0,11.4,-22.6,67.2,36.9,74.8,37.9,59.16
2005-03-11,20.9,8.8,-29.1,65.8,38.5,76.5,39.1,61.35
2005-03-14,20.6,8.6,-27.3,59.8,38.2,75.0,38.5,58.61
2005-03-15,22.0,11.4,-22.2,59.3,38.9,70.7,37.8,56.23
2005-03-16,22.2,10.7,-19.5,53.6,42.0,70.4,39.5,55.62
2005-03-17,21.2,8.6,-24.0,53.3,42.7,70.2,40.0,55.28
2005-03-18,20.8,8.0,-25.2,53.0,42.6,70.0,39.9,56.45
2005-03-21,21.6,7.8,-24.6,52.2,46.7,69.8,42.4,55.38
2005-03-22,22.4,8.9,-24.0,50.4,46.5,71.0,42.6,52.18
2005-03-23,18.6,2.4,-20.5,24.0,46.4,72.9,42.9,51.35
2005-03-24,18.6,2.5,-17.2,17.5,46.3,72.1,42.7,51.03
2005-03-28,14.1,3.3,-15.4,18.4,27.4,67.6,30.3,49.56
2005-03-29,10.1,-2.2,-15.7,2.5,27.5,60.4,28.6,49.17
2005-03-30,7.1,-7.2,-19.2,-2.0,27.7,59.9,28.6,48.79
2005-03-31,8.8,-4.1,-7.8,-4.6,25.0,58.4,28.1,50.11
2005-04-01,5.8,-9.6,-7.7,-4.6,26.9,56.7,28.8,49.65
2005-04-04,5.1,-9.3,-6.9,-4.4,30.4,40.5,26.6,48.2
2005-04-05,5.7,-7.3,-5.9,-3.9,30.0,37.1,25.3,47.65
2005-04-06,1.6,-11.4,-4.7,-19.1,29.7,20.0,21.0,39.18
2005-04-07,0.4,-12.8,-3.5,-26.1,29.9,19.1,20.2,38.52
2005-04-08,1.7,-12.3,-2.2,-26.9,33.2,18.1,22.6,38.25
2005-04-11,0.9,-9.5,6.4,-30.0,31.8,-3.7,16.5,36.11
2005-04-12,-4.6,-14.0,-2.8,-30.5,19.8,-3.8,9.4,20.63
2005-04-13,-7.8,-19.1,-11.5,-30.9,19.2,-4.0,9.1,20.13
2005-04-14,-10.6,-19.6,-11.5,-31.5,18.6,-27.8,3.0,8.1
2005-04-15,-11.2,-19.5,-10.0,-32.1,16.3,-27.8,1.2,7.61
2005-04-18,-11.9,-20.1,-9.8,-34.3,13.6,-27.9,0.4,3.85
2005-04-19,-18.5,-29.5,-14.1,-63.4,11.4,-28.6,-1.9,2.81
2005-04-20,-15.9,-26.8,-7.5,-64.7,15.3,-29.0,0.4,8.38
2005-04-21,-15.8,-24.8,0.9,-70.0,13.1,-34.7,-2.2,3.04
2005-04-22,-16.1,-24.5,1.0,-70.9,12.0,-35.2,-3.4,1.41
2005-04-25,-19.2,-26.9,1.5,-78.5,6.6,-37.3,-7.6,-6.31
2005-04-26,-16.4,-22.4,12.3,-79.9,6.9,-37.8,-7.5,-6.57
2005-04-27,-19.0,-27.7,10.4,-94.5,8.6,-36.3,-6.0,-5.08
2005-04-28,-21.9,-32.1,2.8,-95.1,8.2,-38.5,-6.6,-5.46
2005-04-29,-19.9,-29.9,6.3,-93.5,10.9,-39.1,-4.9,-5.78
2005-05-02,-21.8,-32.2,2.2,-97.6,8.6,-41.4,-6.2,-7.08
2005-05-03,-23.7,-33.1,3.0,-100.4,8.2,-55.0,-9.6,-7.54
2005-05-04,-23.8,-33.9,4.6,-105.5,9.1,-55.3,-8.6,-8.07
2005-05-05,-24.2,-34.0,4.4,-105.2,8.7,-58.5,-9.6,-8.64
2005-05-06,-19.8,-25.3,14.5,-91.7,7.0,-64.3,-11.6,-9.78
2005-05-09,-21.2,-28.1,13.1,-93.8,7.2,-65.4,-10.8,-12.1
2005-05-10,-21.7,-27.7,12.4,-93.5,4.2,-65.6,-12.7,-13.14
2005-05-11,-14.0,-13.9,42.1,-93.2,3.4,-65.6,-14.2,-14.43
2005-05-12,-11.5,-7.2,53.4,-87.6,5.4,-85.6,-18.0,-0.4
2005-05-13,-12.7,-8.3,50.8,-87.4,4.3,-87.9,-19.3,-1.84
2005-05-16,-18.8,-16.3,32.4,-87.1,4.4,-101.5,-22.6,-9.0
2005-05-17,-20.1,-13.9,28.2,-86.2,2.2,-124.6,-29.4,-13.71
2005-05-18,-22.9,-16.5,22.0,-85.3,-3.3,-124.0,-32.6,-21.13
2005-05-19,-23.3,-17.4,16.5,-84.2,-3.0,-122.5,-32.1,-20.7
2005-05-20,-21.6,-16.2,16.4,-83.0,-3.0,-121.9,-29.7,-20.27
2005-05-23,-20.5,-13.7,16.0,-75.3,-4.9,-120.1,-30.8,-18.14
2005-05-24,-23.0,-17.6,16.1,-87.3,-5.7,-118.7,-31.0,-10.7
2005-05-25,-23.3,-19.5,16.1,-94.0,-3.8,-116.4,-29.0,-9.66
2005-05-26,-23.9,-20.5,14.3,-93.8,-3.8,-116.0,-28.9,-9.42
2005-05-27,-26.4,-23.6,15.0,-104.8,-4.4,-120.7,-30.5,-9.12
2005-05-31,-27.7,-21.0,17.2,-103.9,-4.8,-130.9,-37.8,-13.02
2005-06-01,-29.1,-22.7,15.2,-104.6,-6.2,-130.3,-38.6,-12.88
2005-06-02,-29.8,-22.3,15.2,-104.4,-8.7,-133.8,-41.1,-12.67
2005-06-03,-33.2,-27.6,3.6,-104.3,-9.4,-133.0,-41.5,-12.46
2005-06-06,-35.6,-31.6,4.1,-119.7,-9.6,-130.9,-41.7,-11.85
2005-06-07,-32.8,-29.8,4.5,-114.3,-7.2,-127.0,-37.2,-9.59
2005-06-08,-32.4,-29.5,5.3,-113.1,-6.3,-125.9,-36.8,-9.81
2005-06-09,-31.6,-29.2,5.0,-111.9,-6.3,-124.7,-35.3,-9.15
2005-06-10,-27.8,-26.3,9.0,-110.6,2.0,-123.3,-30.0,3.37
2005-06-13,-28.3,-27.7,7.7,-106.3,1.4,-119.3,-29.3,4.8
2005-06-14,-30.2,-29.4,0.4,-104.3,1.4,-127.8,-31.5,0.45
2005-06-15,-29.1,-32.1,-6.6,-102.1,10.5,-121.5,-24.6,13.06
2005-06-16,-29.6,-34.3,-14.3,-99.7,13.6,-120.7,-22.5,13.38
2005-06-17,-29.3,-31.9,-10.5,-96.8,11.3,-119.8,-25.3,9.1
2005-06-20,-26.9,-28.8,-12.2,-83.0,12.2,-117.4,-24.1,12.47
2005-06-21,-24.9,-27.6,-12.7,-79.8,12.9,-105.8,-20.8,12.7
2005-06-22,-24.0,-26.7,-12.8,-78.1,13.8,-104.4,-19.9,12.93
2005-06-23,-23.0,-25.7,-12.9,-76.2,13.8,-100.0,-18.9,18.04
2005-06-24,-22.2,-23.6,-9.7,-74.0,15.5,-109.3,-20.2,18.3
2005-06-27,-18.6,-19.5,-10.2,-64.7,18.2,-103.3,-17.2,19.07
2005-06-28,-14.6,-13.0,-8.7,-47.2,18.1,-101.5,-17.0,19.3
2005-06-29,-13.1,-10.9,-6.6,-46.0,17.6,-97.6,-16.3,19.79
2005-06-30,-13.0,-11.5,-7.0,-44.5,19.8,-95.3,-15.3,22.17
2005-07-01,-7.3,-3.1,1.8,-42.9,21.5,-92.5,-13.5,22.85
2005-07-05,-3.4,-0.3,2.7,-33.2,22.1,-73.8,-8.0,27.15
2005-07-06,0.7,6.2,10.3,-22.4,21.8,-71.7,-7.6,27.83
2005-07-07,1.7,7.3,10.7,-21.6,18.9,-66.8,-6.7,29.93
2005-07-08,-0.5,5.0,7.3,-19.4,16.0,-63.6,-8.8,31.14
2005-07-11,2.7,7.5,10.8,-16.4,18.5,-54.2,-4.6,38.08
2005-07-12,7.1,7.9,10.2,-15.1,35.2,-53.4,5.8,63.18
2005-07-13,7.4,10.2,17.0,-13.6,35.1,-61.1,3.3,58.72
2005-07-14,7.2,9.8,15.5,-11.8,34.9,-60.3,3.4,58.47
2005-07-15,10.7,14.4,25.2,-9.6,34.1,-51.7,5.2,58.15
2005-07-18,10.9,15.3,22.1,-1.0,30.6,-48.7,4.3,59.83
2005-07-19,16.8,23.7,19.4,31.4,30.5,-47.1,6.4,60.04
2005-07-20,18.4,23.6,19.1,31.8,37.0,-46.4,10.6,69.28
2005-07-21,21.0,24.4,18.4,29.2,38.4,-28.7,15.9,73.21
2005-07-22,20.3,23.3,17.9,29.9,38.0,-27.9,15.9,72.77
2005-07-25,20.7,23.9,16.7,33.4,36.3,-30.1,15.8,70.94
2005-07-26,24.5,28.3,12.0,54.4,40.6,-28.7,18.7,70.52
2005-07-27,26.2,31.4,17.0,58.9,39.4,-27.4,18.3,70.05
2005-07-28,27.0,32.7,16.7,64.9,39.1,-25.6,18.5,69.55
2005-07-29,30.4,37.5,25.0,65.7,40.5,-23.9,19.7,69.04
2005-08-01,30.8,38.5,29.1,63.7,37.2,-17.2,19.3,67.41
2005-08-02,30.9,37.5,27.5,62.6,39.5,-15.4,21.0,66.76
2005-08-03,30.6,35.5,23.1,60.7,40.4,-8.3,23.2,66.11
2005-08-04,33.0,39.6,22.1,75.9,40.0,-7.2,23.2,65.28
2005-08-05,34.7,41.9,23.7,83.7,39.7,-2.1,23.9,66.24
2005-08-08,32.3,37.5,14.9,83.4,38.4,3.7,24.6,62.27
2005-08-09,33.7,39.9,14.4,82.8,36.5,7.3,24.3,57.98
2005-08-10,33.7,40.1,16.0,83.0,35.7,8.3,24.0,57.64
2005-08-11,31.4,38.6,11.6,83.2,35.2,-5.1,20.7,57.36
2005-08-12,29.8,34.4,4.3,83.5,37.8,-3.4,22.8,63.0
2005-08-15,29.3,38.2,14.8,84.7,27.3,-4.7,15.9,53.49
2005-08-16,26.9,36.6,8.7,85.3,28.9,-22.1,12.3,60.61
2005-08-17,27.0,36.9,8.8,86.1,29.0,-21.8,12.1,60.03
2005-08-18,27.3,38.6,10.9,87.0,27.7,-21.6,10.4,59.53
2005-08-19,28.4,39.1,11.1,88.2,27.5,-13.6,12.3,58.8
2005-08-22,29.2,40.6,11.9,93.1,26.7,-12.6,12.2,56.1
2005-08-23,33.0,47.8,12.3,116.5,25.1,-13.3,10.9,55.76
2005-08-24,32.8,48.2,12.5,117.8,22.1,-11.5,9.7,55.45
2005-08-25,31.3,45.4,12.8,108.1,22.1,-11.0,10.1,55.16
2005-08-26,33.0,47.0,10.9,117.1,24.5,-10.2,12.0,54.94
2005-08-29,34.7,47.6,12.8,115.9,28.0,-9.0,15.3,54.27
2005-08-30,36.6,50.4,21.6,115.7,27.9,-8.5,15.8,53.58
2005-08-31,33.1,43.9,7.4,116.7,26.5,-0.5,16.9,56.74
2005-09-01,30.2,39.3,-3.3,116.7,26.3,-0.6,16.6,55.93
2005-09-02,30.0,39.0,-4.0,116.9,28.4,-5.1,16.6,54.93
2005-09-06,35.4,50.6,6.3,143.5,25.2,-10.4,12.7,49.56
2005-09-07,37.3,53.6,6.1,153.1,24.4,-10.4,12.8,47.07
2005-09-08,38.0,56.2,6.6,159.0,23.8,-21.8,10.7,43.02
2005-09-09,37.8,56.1,7.3,158.1,22.6,-21.6,10.4,42.37
2005-09-12,36.0,58.9,11.1,155.1,14.3,-37.8,1.7,29.47
2005-09-13,37.9,62.1,19.9,154.1,13.9,-38.0,1.5,29.32
2005-09-14,39.1,64.0,26.6,152.9,14.4,-38.2,1.7,29.88
2005-09-15,37.5,59.4,17.7,151.8,17.7,-34.4,4.7,37.77
2005-09-16,38.6,61.1,22.4,150.5,18.1,-34.8,4.8,34.52
2005-09-19,36.6,58.6,20.4,146.4,17.6,-36.4,3.5,31.97
2005-09-20,33.5,53.5,19.2,131.6,17.5,-35.9,3.6,30.73
2005-09-21,34.3,55.0,18.1,137.3,17.2,-36.5,3.3,31.34
2005-09-22,33.7,53.7,17.4,135.5,17.0,-35.8,3.7,31.8
2005-09-23,33.6,52.5,16.5,133.4,19.7,-36.0,5.3,31.27
2005-09-26,30.8,48.1,13.0,125.9,18.9,-36.8,4.9,29.31
2005-09-27,31.5,48.3,-7.1,155.5,21.2,-37.0,6.4,28.44
2005-09-28,31.7,50.2,-6.0,162.5,16.5,-35.7,3.9,27.78
2005-09-29,30.9,49.1,-6.4,161.0,16.2,-36.5,3.5,27.09
2005-09-30,33.2,50.8,2.3,159.3,22.1,-37.0,6.8,34.14
2005-10-03,35.9,54.1,21.4,152.3,26.0,-38.2,8.7,31.28
2005-10-04,36.4,53.4,21.2,150.8,28.0,-33.4,11.0,30.05
2005-10-05,33.0,47.4,7.7,149.2,27.7,-32.0,11.3,28.82
2005-10-06,31.5,44.7,7.2,139.0,26.7,-26.9,11.6,29.65
2005-10-07,31.3,45.2,17.0,129.7,24.7,-26.6,10.4,28.14
2005-10-10,29.3,42.5,13.2,124.4,17.8,-24.6,9.6,17.43
2005-10-11,28.7,41.9,12.4,122.3,17.1,-25.5,8.9,16.86
2005-10-12,26.3,40.4,10.8,120.0,11.6,-27.7,5.1,8.76
2005-10-13,25.4,39.2,12.8,117.3,11.3,-28.0,4.8,7.94
2005-10-14,23.7,34.9,3.2,114.1,10.9,-18.0,6.9,9.32
2005-10-17,19.4,30.3,1.3,102.5,6.3,-20.4,3.0,5.89
2005-10-18,20.9,32.6,13.4,95.7,7.3,-22.6,3.3,5.13
2005-10-19,21.5,33.4,16.3,93.7,7.1,-22.1,3.7,5.07
2005-10-20,24.7,35.3,20.0,91.4,15.3,-21.6,8.7,16.99
2005-10-21,26.7,35.2,19.8,91.7,22.9,-17.4,14.0,25.31
2005-10-24,25.0,32.5,17.8,85.9,22.4,-16.1,13.8,24.93
2005-10-25,30.6,41.1,11.9,122.7,24.4,-15.9,14.8,24.75
2005-10-26,29.5,39.2,10.5,120.2,26.0,-19.4,14.9,22.81
2005-10-27,30.2,38.2,8.4,120.0,30.8,-18.0,18.1,22.65
2005-10-28,30.1,38.0,10.9,128.0,30.9,-17.8,18.2,22.5
2005-10-31,30.2,38.9,17.4,121.6,29.2,-18.0,17.1,21.84
2005-11-01,31.6,41.0,23.1,117.9,29.6,-17.6,17.5,21.59
2005-11-02,31.1,40.3,23.0,115.9,29.2,-17.3,17.3,21.19
2005-11-03,33.8,43.4,29.6,115.1,29.3,-8.8,19.5,21.1
2005-11-04,35.8,46.4,25.0,124.9,29.4,-7.7,19.8,20.98
2005-11-07,36.6,46.2,27.6,124.3,32.1,-4.6,22.1,20.51
2005-11-08,38.8,46.5,29.4,123.3,32.4,-1.6,27.3,20.01
2005-11-09,38.8,47.8,30.9,122.3,32.3,-8.8,25.4,15.33
2005-11-10,33.1,37.9,13.0,121.2,32.7,-7.6,26.0,15.74
2005-11-11,34.2,38.6,13.1,120.1,38.6,-14.5,27.7,25.38
2005-11-14,34.5,37.9,14.0,116.2,39.1,-9.8,29.3,24.07
2005-11-15,35.1,39.3,27.7,104.6,37.5,-11.6,28.9,21.29
2005-11-16,37.1,42.9,38.2,103.0,35.7,-9.2,28.4,16.92
2005-11-17,37.4,40.4,33.8,101.1,41.5,-4.2,33.0,19.11
2005-11-18,37.6,39.8,33.9,99.0,41.3,-3.2,34.2,18.99
2005-11-21,37.6,38.7,34.3,91.2,42.7,1.3,36.0,17.41
2005-11-22,36.5,37.1,34.6,87.7,42.1,1.6,35.6,17.28
2005-11-23,35.9,36.7,35.5,85.1,42.8,-7.1,34.6,17.16
2005-11-25,35.0,33.4,35.9,71.9,48.1,-8.4,37.4,15.89
2005-11-28,37.5,37.8,48.8,67.2,48.1,-8.4,37.1,14.68
2005-11-29,39.0,39.3,66.3,56.1,45.8,-8.1,38.6,14.73
2005-11-30,39.9,42.0,73.5,54.1,49.0,-23.1,36.7,11.2
2005-12-01,40.1,41.6,72.9,51.8,50.7,-22.1,37.9,11.3
2005-12-02,39.1,40.8,72.2,48.8,50.3,-25.9,36.5,11.39
2005-12-05,35.2,34.5,67.0,36.2,49.7,-23.5,36.2,12.09
2005-12-06,37.0,36.3,66.4,44.1,52.0,-21.2,38.0,12.68
2005-12-07,36.0,35.4,65.7,43.7,48.6,-20.1,36.8,12.99
2005-12-08,35.7,36.0,64.8,47.5,48.5,-19.2,35.3,13.2
2005-12-09,34.7,34.3,66.3,47.1,48.1,-17.9,35.3,13.58
2005-12-12,33.1,32.7,62.1,45.6,42.3,-14.7,33.7,6.72
2005-12-13,39.8,43.0,58.7,86.1,44.8,-15.4,35.0,10.26
2005-12-14,31.2,30.0,31.9,85.5,44.3,-23.0,33.0,13.52
2005-12-15,35.0,37.5,47.8,84.9,42.3,-25.0,31.3,10.71
2005-12-16,39.5,43.5,47.6,105.4,42.3,-14.7,33.5,11.92
2005-12-19,38.7,42.8,47.1,102.6,39.2,-14.6,32.5,10.77
2005-12-20,38.7,43.3,49.3,101.0,38.5,-15.0,31.8,7.49
2005-12-21,37.4,42.3,45.2,102.3,37.6,-20.0,30.0,5.53
2005-12-22,37.9,43.1,45.2,102.7,37.0,-18.5,30.0,5.22
2005-12-23,35.8,40.0,48.1,87.3,36.7,-18.7,29.6,4.9
2005-12-27,32.8,36.2,46.5,76.5,34.7,-20.1,27.6,2.71
2005-12-28,31.4,34.7,44.9,76.4,33.2,-20.6,26.4,1.42
2005-12-29,30.3,32.9,45.3,69.3,33.1,-20.6,26.3,1.32
2005-12-30,29.4,32.6,43.4,69.3,30.9,-21.2,24.7,1.21
2006-01-03,25.0,28.6,31.0,71.8,24.9,-24.7,19.7,0.51
2006-01-04,24.4,28.2,29.1,72.3,23.6,-24.8,18.7,0.59
2006-01-05,28.2,34.5,30.5,90.7,23.4,-22.7,18.8,0.78
2006-01-06,25.3,29.8,22.0,89.2,23.5,-22.9,18.5,1.14
2006-01-09,26.3,28.7,21.4,86.6,25.8,-8.2,22.8,2.54
2006-01-10,26.4,31.0,21.2,97.6,25.2,-15.8,19.6,-1.46
2006-01-11,24.1,29.9,21.9,96.6,22.2,-25.0,15.5,-6.16
2006-01-12,24.9,32.5,29.2,95.5,18.8,-24.9,13.4,-11.28
2006-01-13,22.5,29.1,24.0,94.3,18.0,-24.8,12.7,-12.04
2006-01-17,19.6,24.8,19.1,87.9,15.1,-20.1,11.7,-16.84
2006-01-18,18.4,23.6,20.6,85.1,13.4,-20.4,10.5,-17.98
2006-01-19,15.6,19.6,12.8,82.2,11.4,-20.1,9.7,-17.87
2006-01-20,13.5,16.9,13.4,71.9,10.7,-23.0,8.5,-17.71
2006-01-23,10.3,13.9,13.2,59.2,7.4,-28.7,4.8,-16.97
2006-01-24,9.5,13.1,12.6,57.7,7.0,-28.7,4.2,-16.75
2006-01-25,15.9,22.9,11.5,88.3,9.4,-28.5,5.5,-13.16
2006-01-26,14.5,22.8,11.0,87.8,1.2,-22.2,2.0,-12.21
2006-01-27,6.6,9.6,-20.3,89.3,1.1,-21.1,2.1,-12.14
2006-01-30,5.2,6.3,-23.1,87.2,3.2,-21.0,3.6,-6.69
2006-01-31,5.7,6.7,-23.0,83.6,4.7,-21.5,4.2,-6.68
2006-02-01,5.6,5.5,-24.2,81.7,7.4,-20.8,5.7,-6.59
2006-02-02,4.7,5.5,-24.1,81.5,3.6,-20.0,3.4,-6.56
2006-02-03,2.2,1.1,-34.9,81.2,3.1,-15.8,3.8,-6.55
2006-02-06,-0.3,-1.7,-33.2,67.1,1.4,-14.2,1.8,-6.14
2006-02-07,0.4,-3.1,-31.3,58.6,1.1,-5.1,5.7,-2.81
2006-02-08,1.0,-3.3,-32.2,58.8,1.1,-3.7,7.4,-4.03
2006-02-09,-0.3,-4.5,-33.4,59.0,-2.0,-3.6,6.1,-3.71
2006-02-10,-2.6,-5.3,-37.8,59.4,-9.3,-3.5,1.5,-16.64
2006-02-13,-0.7,-6.0,-44.2,61.2,2.6,-6.7,7.2,3.27
2006-02-14,4.3,2.9,-17.3,56.4,1.7,-8.2,6.3,2.49
2006-02-15,1.6,-1.2,-28.8,56.3,5.2,-16.0,5.9,2.69
2006-02-16,2.0,-0.4,-20.2,56.3,4.8,-15.4,5.7,2.87
2006-02-17,2.2,-0.4,-23.2,56.3,5.0,-14.8,6.0,3.14
2006-02-21,1.6,-0.5,-26.2,58.6,3.0,-12.0,4.8,4.1
2006-02-22,1.5,0.4,-27.3,62.3,0.3,-11.3,3.2,4.28
2006-02-23,5.3,7.6,-28.8,88.1,1.6,-17.1,1.8,2.64
2006-02-24,1.1,2.4,-39.2,85.0,1.4,-26.3,-0.8,-2.1
2006-02-27,0.1,-0.1,-47.5,86.0,2.5,-20.1,0.4,-0.78
2006-02-28,-3.0,-4.4,-55.4,84.5,0.4,-20.8,-1.0,-1.54
2006-03-01,-1.8,-3.0,-51.5,82.8,1.6,-20.0,0.1,-1.45
2006-03-02,-1.7,-3.2,-51.0,80.9,1.6,-19.9,0.5,-1.38
2006-03-03,-0.7,-1.7,-46.7,78.8,1.8,-19.0,0.8,-1.23
2006-03-06,-1.3,-2.6,-45.1,70.7,2.7,-21.7,0.6,-0.72
2006-03-07,-2.0,-4.6,-44.7,63.0,4.5,-21.6,1.9,-0.4
2006-03-08,-5.4,-4.6,-44.2,60.7,3.1,-21.6,-6.5,0.1
2006-03-09,-9.7,-11.7,-52.0,50.0,3.9,-32.7,-6.6,-4.32
2006-03-10,-8.4,-11.4,-48.9,46.5,8.3,-32.6,-4.0,6.6
2006-03-13,-8.0,-11.8,-42.4,32.9,7.8,-31.3,-2.2,4.82
2006-03-14,-13.4,-17.1,-42.7,15.5,-1.8,-31.8,-7.9,-8.69
2006-03-15,-20.1,-17.7,-38.5,12.2,-25.0,-39.5,-23.7,-41.42
2006-03-16,-18.7,-18.4,-40.1,12.1,-24.8,-21.3,-19.1,-41.09
2006-03-17,-18.8,-19.1,-41.8,12.0,-25.0,-21.1,-18.3,-40.65
2006-03-20,-18.6,-18.5,-40.5,11.8,-24.3,-23.7,-18.8,-38.99
2006-03-21,-15.6,-15.8,-40.3,20.0,-24.2,-10.6,-15.4,-32.37
2006-03-22,-15.2,-15.2,-40.4,21.7,-23.8,-11.5,-15.3,-32.25
2006-03-23,-15.5,-15.2,-40.0,21.4,-23.8,-14.7,-16.0,-34.33
2006-03-24,-15.3,-15.5,-43.1,21.1,-22.3,-14.8,-15.1,-34.2
2006-03-27,-12.5,-11.2,-41.9,31.4,-20.8,-14.9,-14.5,-33.67
2006-03-28,1.0,12.2,-32.7,96.6,-21.7,-17.9,-15.8,-33.53
2006-03-29,1.0,12.0,-31.9,95.5,-21.2,-17.9,-15.5,-33.3
2006-03-30,1.4,12.5,-31.0,94.3,-20.8,-18.0,-15.3,-33.07
2006-03-31,3.6,14.6,-25.9,90.9,-19.2,-22.3,-13.0,-32.88
2006-04-03,1.9,10.9,-29.2,85.2,-16.4,-22.9,-11.5,-32.03
2006-04-04,3.9,10.1,-28.4,81.6,-16.3,1.3,-5.4,-22.38
2006-04-05,4.1,11.1,-23.8,80.8,-16.2,-2.9,-6.4,-21.99
2006-04-06,4.6,11.9,-23.5,79.9,-16.1,-3.2,-6.3,-21.57
2006-04-07,5.4,14.5,-19.4,78.7,-19.1,-3.8,-8.3,-21.06
2006-04-10,6.5,14.2,-19.0,74.6,-17.3,-2.2,-5.1,-18.05
2006-04-11,5.0,11.8,-19.3,68.5,-17.5,-2.2,-5.3,-17.47
2006-04-12,9.5,15.9,-10.5,68.1,-8.2,-3.9,-0.1,-4.21
2006-04-13,8.5,14.2,-11.6,67.6,-8.2,-4.0,-0.1,-4.33
2006-04-17,12.2,20.4,1.1,65.7,-9.5,-3.2,-0.2,-5.22
2006-04-18,12.2,20.4,1.5,65.3,-9.2,-2.8,-0.1,-5.4
2006-04-19,12.4,22.0,5.4,65.2,-9.1,-10.8,-2.1,-9.82
2006-04-20,23.4,21.0,5.9,63.9,35.2,-8.3,27.0,53.49
2006-04-21,24.1,20.5,6.9,64.8,40.7,-9.0,29.6,61.23
2006-04-24,27.0,25.6,11.8,73.6,39.9,-9.0,29.0,59.15
2006-04-25,33.6,36.7,27.3,88.8,40.8,-9.9,28.9,58.69
2006-04-26,37.3,42.4,40.8,88.6,41.9,-9.9,29.7,58.34
2006-04-27,39.2,45.3,40.9,98.8,42.4,-9.2,30.0,57.91
2006-04-28,40.9,48.6,37.2,112.2,41.6,-9.1,29.4,57.29
2006-05-01,42.2,52.0,45.3,113.1,39.1,-9.1,27.5,56.1
2006-05-02,42.9,52.3,46.0,113.4,41.5,-9.1,28.8,55.95
2006-05-03,45.1,56.2,54.9,113.9,41.3,-9.5,28.4,55.82
2006-05-04,44.8,56.2,54.5,114.6,41.2,-11.2,27.7,55.64
2006-05-05,43.1,53.7,47.4,115.8,41.0,-12.2,27.1,56.88
2006-05-08,44.9,53.7,46.1,118.2,44.3,-12.1,31.7,56.46
2006-05-09,41.2,47.5,45.7,97.7,44.2,-11.4,31.8,56.98
2006-05-10,41.4,46.8,45.3,97.1,46.4,-10.7,33.3,58.17
2006-05-11,40.2,45.1,40.4,96.5,45.3,-9.8,32.8,57.11
2006-05-12,42.9,51.3,55.6,96.0,40.8,-8.8,30.4,52.66
2006-05-15,41.8,45.6,46.1,94.3,38.2,20.4,36.1,50.35
2006-05-16,39.1,39.5,46.0,72.8,39.5,20.9,38.6,52.5
2006-05-17,38.5,40.1,49.6,71.6,35.5,19.6,36.2,46.94
2006-05-18,39.7,40.4,50.8,70.3,39.5,20.2,38.7,53.08
2006-05-19,40.1,42.5,51.0,68.8,39.5,21.0,36.6,53.32
2006-05-22,38.4,39.0,47.8,61.4,39.5,24.2,37.5,53.56
2006-05-23,38.4,38.5,48.5,58.8,40.4,24.6,38.3,54.53
2006-05-24,40.9,42.6,52.4,67.1,40.4,26.2,38.3,55.34
2006-05-25,39.5,39.8,42.9,71.0,40.3,29.0,39.0,55.89
2006-05-26,37.9,39.8,43.2,70.4,36.5,22.1,35.0,55.94
2006-05-30,38.5,42.6,46.6,74.9,34.7,18.6,32.4,56.55
2006-05-31,42.4,44.9,52.4,77.2,42.3,23.2,38.6,70.6
2006-06-01,42.3,43.7,48.5,77.1,44.6,23.4,40.2,70.75
2006-06-02,40.9,40.0,39.7,77.2,47.5,23.8,42.2,70.99
2006-06-05,42.1,40.9,40.4,78.2,50.0,18.7,43.8,71.99
2006-06-06,42.3,42.5,41.2,78.9,50.2,13.2,42.0,69.34
2006-06-07,41.9,42.2,40.5,78.3,49.7,12.7,41.4,68.63
2006-06-08,42.1,42.2,40.0,77.9,50.6,12.1,42.0,69.06
2006-06-09,46.0,47.9,46.4,74.7,52.8,11.5,43.1,70.88
2006-06-12,47.0,46.2,44.3,74.1,66.7,9.1,48.1,91.01
2006-06-13,42.6,41.7,44.4,57.7,66.2,-5.2,44.0,90.14
2006-06-14,45.6,41.8,47.5,55.9,79.6,-5.5,51.4,108.8
2006-06-15,46.8,40.2,44.8,53.9,89.8,-7.7,56.8,123.26
2006-06-16,46.9,40.3,46.7,51.7,89.8,-8.1,56.8,122.12
2006-06-19,46.2,37.2,45.5,43.3,90.8,2.4,59.7,131.14
2006-06-20,47.6,37.3,47.0,40.5,90.1,2.8,63.0,130.53
2006-06-21,48.7,39.1,46.8,40.9,89.3,5.6,63.1,129.52
2006-06-22,46.7,37.4,45.9,36.9,88.3,-1.6,60.6,129.72
2006-06-23,45.0,35.2,44.1,31.6,88.6,-3.4,59.8,128.57
2006-06-26,39.0,28.5,44.1,9.5,81.1,-3.5,54.7,124.87
2006-06-27,45.3,39.6,46.6,43.7,80.2,-3.8,53.8,123.48
2006-06-28,44.8,39.3,45.6,43.7,79.3,-2.9,53.0,122.01
2006-06-29,48.5,45.1,45.3,68.3,80.6,-3.9,53.5,120.36
2006-06-30,49.0,45.7,43.8,67.9,81.0,-5.7,53.9,118.49
2006-07-03,47.7,44.4,38.0,66.7,81.4,-10.1,52.7,112.08
2006-07-05,46.7,42.6,35.6,65.9,81.2,-7.8,52.9,108.74
2006-07-06,44.1,38.3,30.6,58.1,79.8,-1.4,52.7,109.92
2006-07-07,43.2,36.8,23.8,64.2,80.1,-1.2,52.7,107.78
2006-07-10,41.6,36.1,19.7,63.3,73.6,-0.4,49.9,98.61
2006-07-11,40.8,35.1,19.1,62.4,72.9,-0.3,49.4,103.7
2006-07-12,42.2,36.5,22.8,61.4,74.9,-0.3,50.8,107.57
2006-07-13,42.9,36.3,21.7,60.4,73.0,6.2,52.7,105.03
2006-07-14,41.2,33.6,16.6,59.2,70.9,11.7,52.7,102.08
2006-07-17,37.6,31.4,14.8,54.8,60.9,13.7,46.8,88.23
2006-07-18,39.1,22.5,18.7,13.9,86.8,22.2,64.1,127.66
2006-07-19,38.1,21.0,16.6,11.5,83.4,22.2,63.8,122.9
2006-07-20,37.3,20.8,15.5,9.1,83.0,14.9,62.1,122.41
2006-07-21,37.1,21.3,14.1,12.6,81.3,14.7,60.8,125.39
2006-07-24,32.2,14.5,7.9,2.8,78.5,14.3,58.8,123.89
2006-07-25,29.9,12.4,7.8,-3.7,74.9,12.6,56.2,123.37
2006-07-26,29.2,10.8,7.9,-11.0,75.9,12.5,56.7,122.84
2006-07-27,27.9,10.6,7.5,-10.1,75.5,2.6,53.9,118.68
2006-07-28,25.0,5.4,-1.8,-12.8,76.5,2.5,54.4,118.12
2006-07-31,26.1,8.5,-2.2,-6.0,74.1,2.4,52.5,116.41
2006-08-01,27.3,10.5,1.7,-5.3,73.9,3.0,52.4,115.72
2006-08-02,26.8,11.3,2.6,-4.3,70.2,2.9,50.0,115.0
2006-08-03,25.5,9.2,-1.9,-3.2,69.6,5.5,50.0,114.45
2006-08-04,20.3,2.8,-8.7,-12.9,69.1,-5.5,46.6,108.78
2006-08-07,20.5,3.7,-10.0,-7.2,70.1,-9.3,45.6,107.23
2006-08-08,20.7,1.8,-10.7,-11.8,69.9,-10.1,49.0,106.82
2006-08-09,21.7,3.2,-13.0,-11.3,71.0,-11.1,49.4,106.54
2006-08-10,21.2,3.1,-14.2,-10.6,69.7,-12.3,48.3,102.65
2006-08-11,23.1,6.7,-4.1,-9.7,69.8,-14.2,47.6,102.97
2006-08-14,24.1,7.9,-4.1,-4.8,70.2,-8.9,48.5,100.8
2006-08-15,20.4,8.0,-1.0,-5.3,53.8,-4.6,38.9,75.59
2006-08-16,20.3,7.7,-3.0,-5.9,51.6,0.1,39.1,69.68
2006-08-17,21.0,8.9,2.9,-6.6,51.5,0.4,39.1,68.92
2006-08-18,19.7,7.4,0.3,-7.5,50.9,0.8,38.2,68.12
2006-08-21,20.4,8.3,1.1,-2.9,49.2,4.3,38.6,67.65
2006-08-22,14.7,8.3,2.4,-33.9,47.1,4.7,36.7,66.42
2006-08-23,14.4,-0.3,2.2,-34.1,46.2,6.1,36.4,65.27
2006-08-24,13.2,-0.9,-1.1,-31.6,45.3,1.2,34.4,61.46
2006-08-25,13.9,-0.2,-1.3,-26.6,46.2,1.7,35.0,60.03
2006-08-28,10.2,-3.5,-2.6,-34.7,42.3,-5.8,30.7,53.28
2006-08-29,7.8,-5.4,-6.7,-34.5,37.9,-7.7,27.5,52.37
2006-08-30,7.7,-6.0,-7.5,-34.2,37.7,-7.0,28.3,51.45
2006-08-31,3.1,-11.5,-7.6,-40.4,36.7,-18.0,24.9,44.68
2006-09-01,3.7,-10.8,-5.5,-40.2,37.5,-17.7,25.4,43.71
2006-09-05,3.5,-13.2,-7.5,-38.9,39.1,-7.9,28.5,38.8
2006-09-06,4.2,-11.5,-4.6,-33.2,37.6,-7.6,27.7,36.71
2006-09-07,5.1,-10.1,-4.7,-27.7,35.8,-7.2,27.8,34.3
2006-09-08,4.5,-11.1,-4.9,-27.2,34.0,-6.7,27.8,31.36
2006-09-11,-0.9,-17.3,-5.8,-25.0,25.7,-4.6,23.8,25.98
2006-09-12,-1.4,-21.7,-16.6,-25.6,37.4,-10.7,29.0,42.95
2006-09-13,-3.4,-21.8,-17.0,-26.2,30.0,-11.3,24.1,32.23
2006-09-14,-5.9,-22.5,-18.9,-26.9,21.9,-12.0,18.9,20.26
2006-09-15,-6.4,-24.5,-21.8,-27.8,21.0,-0.8,20.8,18.68
2006-09-18,-12.4,-32.4,-36.2,-31.5,18.0,-2.4,17.6,17.34
2006-09-19,-18.7,-41.3,-37.8,-59.6,19.2,-10.1,15.3,12.42
2006-09-20,-18.5,-41.8,-37.7,-61.0,18.9,-5.1,16.5,13.3
2006-09-21,-21.1,-45.2,-45.8,-64.0,18.8,-10.4,15.0,12.83
2006-09-22,-19.2,-41.6,-46.0,-51.7,20.5,-13.0,14.5,12.35
2006-09-25,-22.4,-46.6,-46.0,-68.2,19.7,-13.8,13.9,10.67
2006-09-26,-21.4,-43.9,-42.8,-64.3,17.5,-14.0,12.4,10.04
2006-09-27,-18.3,-38.3,-42.7,-42.2,16.7,-14.2,11.7,9.36
2006-09-28,-19.2,-40.2,-47.9,-42.8,18.8,-16.1,12.4,8.6
2006-09-29,-16.8,-37.2,-39.2,-42.1,21.6,-16.5,13.9,12.09
2006-10-02,-14.7,-33.9,-38.5,-39.4,23.2,-18.8,14.0,8.99
2006-10-03,-14.6,-33.3,-37.3,-38.0,22.7,-19.9,13.4,7.51
2006-10-04,-16.1,-35.2,-42.9,-38.2,21.7,-20.4,12.5,6.32
2006-10-05,-16.3,-34.9,-42.9,-37.2,22.1,-24.5,11.5,6.18
2006-10-06,-13.8,-29.5,-49.0,-11.0,21.3,-24.7,9.7,4.63
2006-10-09,-13.5,-25.6,-49.6,3.9,17.7,-26.3,4.6,2.33
2006-10-10,-14.9,-26.8,-49.2,5.3,15.9,-27.5,2.9,0.91
2006-10-11,-14.3,-26.1,-48.6,7.0,17.2,-28.2,3.5,-0.81
2006-10-12,-18.3,-31.2,-62.3,9.0,14.8,-28.1,1.1,-4.94
2006-10-13,-19.0,-33.2,-68.1,11.6,13.3,-21.2,2.2,-7.77
2006-10-16,-17.9,-29.7,-64.8,21.2,6.2,-10.6,-0.1,-18.6
2006-10-17,-14.6,-27.6,-49.1,6.9,7.8,5.4,4.8,-13.24
2006-10-18,-13.8,-27.0,-45.9,6.4,8.2,5.8,6.1,-13.33
2006-10-19,-15.4,-29.8,-49.8,7.1,8.4,6.2,6.3,-12.89
2006-10-20,-15.0,-28.8,-49.3,7.9,8.7,3.4,5.7,-10.54
2006-10-23,-13.6,-26.7,-47.6,11.5,8.9,4.7,6.0,-8.71
2006-10-24,-14.8,-28.6,-46.8,3.8,6.9,6.4,5.8,-7.72
2006-10-25,-10.6,-22.4,-45.3,21.6,8.0,6.5,7.2,-7.28
2006-10-26,-9.1,-19.1,-37.8,21.7,5.7,7.5,6.0,-4.56
2006-10-27,-9.4,-20.1,-44.9,29.5,6.0,10.0,6.7,-4.02
2006-10-30,-6.9,-18.2,-44.0,32.3,11.6,10.7,10.1,-2.0
2006-10-31,-9.0,-21.4,-52.6,33.5,10.7,11.2,9.6,-1.09
2006-11-01,-9.8,-22.6,-56.9,35.4,10.2,12.2,9.3,0.2
2006-11-02,-10.4,-23.0,-56.8,35.7,9.0,12.2,8.5,0.79
2006-11-03,-7.7,-17.9,-51.5,36.1,8.9,9.9,7.6,1.42
2006-11-06,-9.3,-20.9,-51.9,27.6,9.0,15.2,8.2,3.91
2006-11-07,-10.5,-21.3,-52.2,26.2,5.7,9.0,5.6,2.41
2006-11-08,-10.8,-21.5,-53.5,26.3,4.9,8.5,5.2,3.33
2006-11-09,-9.2,-18.9,-46.7,26.5,7.5,7.8,5.4,7.5
2006-11-10,-9.3,-21.1,-46.5,26.6,12.8,6.9,8.4,15.48
2006-11-13,-8.3,-20.7,-45.8,27.3,16.3,4.1,10.2,22.55
2006-11-14,-10.1,-23.7,-49.7,18.9,16.2,5.3,10.4,22.49
2006-11-15,-11.0,-23.1,-45.3,19.4,10.6,5.6,7.1,14.92
2006-11-16,-12.7,-24.2,-51.7,20.0,4.8,9.3,4.5,5.23
2006-11-17,-11.2,-25.2,-55.3,20.9,4.5,31.3,9.8,16.65
2006-11-20,-9.3,-22.4,-53.1,25.6,4.4,33.2,10.4,22.2
2006-11-21,-8.2,-22.3,-52.0,24.8,8.1,34.5,12.9,22.6
2006-11-22,-8.7,-22.4,-52.2,23.6,6.3,35.1,11.9,22.56
2006-11-24,-4.3,-14.2,-50.7,46.9,7.4,26.3,10.5,22.8
2006-11-27,-2.6,-11.7,-47.8,47.8,7.3,29.8,11.0,23.23
2006-11-28,-5.2,-15.2,-56.1,45.2,3.1,33.6,9.9,23.86
2006-11-29,-1.8,-8.8,-50.0,43.6,1.2,33.3,8.7,23.58
2006-11-30,-2.8,-10.4,-54.9,45.5,0.6,29.8,8.6,24.45
2006-12-01,-4.7,-12.9,-60.3,44.9,-0.7,28.8,7.5,24.06
2006-12-04,-3.3,-12.3,-58.8,41.7,5.0,27.8,10.3,22.8
2006-12-05,-1.8,-8.2,-50.5,40.7,4.9,19.0,7.9,22.25
2006-12-06,-3.6,-12.4,-49.3,27.0,4.6,19.0,9.5,21.58
2006-12-07,-3.7,-11.1,-48.0,26.8,2.1,19.0,7.5,20.74
2006-12-08,-6.3,-14.8,-44.1,13.0,1.8,19.1,6.4,17.88
2006-12-11,-3.5,-11.7,-38.1,12.8,8.2,19.0,8.9,25.62
2006-12-12,1.4,0.4,-18.8,24.4,-2.1,18.1,3.0,4.38
2006-12-13,5.9,9.5,-1.9,24.5,-4.2,13.9,0.5,1.4
2006-12-14,7.8,11.6,1.1,24.8,-1.8,14.3,2.2,4.91
2006-12-15,11.8,15.4,3.1,25.3,-2.1,32.0,6.5,3.38
2006-12-18,13.6,17.8,7.8,27.4,-2.3,33.5,7.4,3.16
2006-12-19,17.9,25.8,10.2,51.9,-2.7,34.6,6.0,2.95
2006-12-20,17.9,24.9,10.4,48.4,-3.1,41.2,7.5,1.3
2006-12-21,14.9,20.3,2.0,47.1,-3.6,42.9,6.7,1.97
2006-12-22,14.2,20.0,3.8,43.5,-5.6,42.6,5.4,1.7
2006-12-26,12.6,17.8,5.2,33.8,-6.4,41.9,4.9,0.06
2006-12-27,12.5,17.8,5.8,33.0,-7.2,42.0,4.5,-0.76
2006-12-28,16.1,23.6,21.3,32.3,-6.7,41.8,4.8,-0.99
2006-12-29,18.3,26.7,22.0,42.0,-5.7,42.4,5.6,-1.21
2007-01-03,18.5,26.8,31.7,30.0,-5.3,40.8,6.1,-2.76
2007-01-04,19.1,27.5,32.2,29.4,-4.7,40.1,6.4,-3.13
2007-01-05,23.2,33.0,40.0,30.9,-2.8,43.3,8.4,-0.83
2007-01-08,25.1,34.0,42.2,29.6,-2.6,39.9,11.7,-1.72
2007-01-09,25.5,34.8,44.1,29.8,-2.2,38.4,11.6,-1.66
2007-01-10,28.5,38.9,51.8,35.9,-2.9,43.0,13.0,-1.95
2007-01-11,26.9,39.0,50.8,36.3,-8.7,41.6,8.8,-10.59
2007-01-12,31.5,42.8,59.1,36.9,1.6,39.7,14.5,6.15
2007-01-16,34.2,45.3,52.4,51.2,2.2,54.7,17.6,8.89
2007-01-17,33.5,44.7,53.2,50.6,-0.5,55.0,16.7,8.47
2007-01-18,34.6,46.8,57.7,50.1,-0.4,53.2,16.2,8.37
2007-01-19,35.5,49.1,61.6,49.4,-0.2,53.0,15.1,8.25
2007-01-22,34.2,47.4,61.4,44.9,-0.3,52.0,14.4,4.78
2007-01-23,34.4,48.5,61.0,49.4,-1.8,51.4,13.2,4.38
2007-01-24,34.3,49.0,62.3,48.1,-2.0,50.8,12.3,4.35
2007-01-25,27.4,44.2,62.6,31.9,-19.9,53.9,2.3,-15.16
2007-01-26,30.1,47.8,66.1,39.5,-17.8,53.6,3.5,-10.42
2007-01-29,28.2,46.3,68.6,32.2,-21.8,53.0,1.0,-10.51
2007-01-30,28.3,46.7,68.3,32.6,-21.4,51.6,0.8,-10.5
2007-01-31,29.0,47.8,73.1,30.5,-21.2,51.5,0.9,-10.57
2007-02-01,27.7,44.9,65.6,31.1,-18.7,49.1,1.8,-10.58
2007-02-02,24.3,42.1,58.5,31.9,-16.7,27.7,-2.3,-10.6
2007-02-05,25.4,43.6,61.3,33.5,-15.7,27.2,-1.9,-11.93
2007-02-06,24.4,42.0,60.4,29.1,-16.1,26.6,-2.1,-12.74
2007-02-07,24.6,40.3,60.4,21.8,-13.0,26.0,1.0,-13.5
2007-02-08,23.6,40.2,60.5,21.9,-12.7,25.3,-1.3,-13.27
2007-02-09,24.2,42.1,60.7,22.0,-14.6,24.4,-2.6,-6.5
2007-02-12,27.3,42.5,61.7,22.7,0.4,20.5,4.5,13.48
2007-02-13,25.0,38.7,56.4,21.6,1.2,18.1,4.4,13.74
2007-02-14,22.2,37.9,54.8,20.9,1.2,1.3,-1.4,11.76
2007-02-15,17.1,28.0,36.7,20.2,1.9,9.0,0.8,10.69
2007-02-16,15.8,25.6,32.4,19.3,2.4,9.3,1.2,15.49
2007-02-20,14.4,22.4,31.6,11.6,1.5,8.0,2.5,14.8
2007-02-21,16.5,25.4,34.5,12.6,1.7,10.6,3.2,18.27
2007-02-22,17.8,27.7,34.3,21.3,1.9,9.6,3.0,17.89
2007-02-23,17.4,27.0,34.2,19.6,2.0,4.9,3.0,17.98
2007-02-26,16.6,25.8,33.9,20.4,2.5,4.8,2.9,18.11
2007-02-27,17.5,27.8,36.2,23.9,-2.6,5.2,2.0,18.11
2007-02-28,15.5,24.8,25.5,26.6,-6.8,13.5,1.6,16.56
2007-03-01,15.7,27.9,31.2,26.9,-14.1,14.3,-2.6,16.81
2007-03-02,14.4,26.7,28.2,27.3,-15.8,14.5,-4.0,17.03
2007-03-05,12.0,22.3,17.0,31.1,-15.1,15.7,-3.5,18.05
2007-03-06,12.1,21.8,15.5,31.4,-13.3,14.8,-2.4,19.02
2007-03-07,9.4,19.5,13.6,23.7,-19.1,14.2,-5.8,19.67
2007-03-08,12.3,21.1,11.8,33.3,-21.0,13.6,-0.8,20.13
2007-03-09,13.7,22.4,14.4,31.9,-18.7,12.8,0.7,20.65
2007-03-12,10.1,14.8,4.3,26.4,-14.1,10.0,3.0,29.3
2007-03-13,17.4,13.1,-3.9,30.4,19.5,8.1,23.8,76.57
2007-03-14,16.0,12.0,-4.2,29.1,19.4,1.5,22.0,70.31
2007-03-15,16.7,11.9,-2.0,27.6,18.5,11.4,23.8,71.86
2007-03-16,16.4,14.6,4.8,25.7,11.0,10.8,19.2,67.36
2007-03-19,15.1,12.5,4.3,18.5,10.8,7.8,19.0,66.78
2007-03-20,16.7,14.6,6.4,18.3,12.4,7.3,19.9,66.34
2007-03-21,16.4,14.0,5.3,18.1,12.5,7.7,20.0,66.08
2007-03-22,17.0,15.0,4.5,17.7,13.3,5.0,20.1,68.57
2007-03-23,16.4,14.7,3.5,18.3,12.3,4.7,18.9,68.28
2007-03-26,15.2,12.9,-6.8,27.3,12.6,3.7,18.6,67.28
2007-03-27,16.7,15.6,-11.7,42.6,12.3,3.3,18.3,66.91
2007-03-28,15.4,13.8,-14.1,43.7,11.9,2.3,17.7,66.5
2007-03-29,15.2,16.2,-8.8,43.9,5.4,2.0,13.7,66.09
2007-03-30,19.6,22.8,4.8,43.6,6.2,5.0,14.8,65.68
2007-04-02,17.9,18.1,-0.1,42.3,10.8,3.4,17.6,64.14
2007-04-03,16.7,17.4,-1.2,41.7,8.1,2.7,15.6,63.54
2007-04-04,18.2,19.9,-8.4,61.9,7.8,4.5,15.7,65.34
2007-04-05,20.6,23.6,-9.0,71.5,7.9,7.4,16.2,64.92
2007-04-09,19.8,24.5,-4.5,68.1,8.3,3.5,12.8,62.73
2007-04-10,19.4,24.4,-5.4,67.6,6.7,3.0,11.9,65.15
2007-04-11,11.9,21.6,-6.9,67.1,-20.8,2.3,-2.6,25.14
2007-04-12,11.3,20.9,-6.9,66.5,-21.1,1.3,-3.0,23.77
2007-04-13,11.4,22.8,-1.6,65.7,-19.6,-13.7,-5.6,23.34
2007-04-16,9.4,19.7,-10.9,62.8,-17.7,-18.5,-6.0,22.9
2007-04-17,12.2,22.4,-16.5,75.6,-17.3,-10.8,-3.1,28.83
2007-04-18,12.5,22.9,-16.9,75.7,-16.8,-10.5,-3.0,29.08
2007-04-19,13.6,24.1,-17.7,75.7,-16.1,-8.8,-2.2,28.33
2007-04-20,25.0,24.8,-17.5,77.9,30.6,-12.1,25.3,93.65
2007-04-23,25.5,25.1,-17.0,79.0,32.6,-12.8,26.2,95.57
2007-04-24,25.6,24.4,-18.7,81.0,34.4,-12.7,27.3,97.53
2007-04-25,27.9,27.4,-19.2,90.0,36.2,-12.0,28.7,96.15
2007-04-26,30.2,31.7,-18.8,102.3,34.0,-9.9,27.9,95.88
2007-04-27,27.6,28.5,-26.9,114.6,30.9,-9.0,26.2,95.19
2007-04-30,30.1,33.3,-26.8,129.9,27.7,-4.4,25.3,92.88
2007-05-01,33.7,38.6,-13.8,129.7,28.6,-2.2,26.3,92.01
2007-05-02,34.5,39.1,-12.5,129.6,29.4,1.1,27.6,91.13
2007-05-03,35.0,41.8,-5.9,129.5,25.0,1.1,24.9,90.18
2007-05-04,34.7,41.1,-7.1,129.6,24.6,2.7,25.0,89.39
2007-05-07,38.2,47.7,-5.9,149.4,21.7,5.9,23.9,85.44
2007-05-08,36.8,47.5,-5.1,148.0,19.5,6.1,20.8,83.59
2007-05-09,36.2,47.5,-4.2,147.3,16.8,6.3,19.2,81.16
2007-05-10,32.4,41.4,-19.9,146.5,16.8,6.6,18.9,81.17
2007-05-11,31.4,36.9,-28.3,145.8,23.9,7.0,23.2,92.8
2007-05-14,34.3,39.9,-21.7,143.3,27.3,9.7,26.0,95.48
2007-05-15,34.4,40.3,-19.8,144.8,27.3,1.1,25.6,98.25
2007-05-16,36.5,42.7,-14.1,143.8,29.6,1.1,27.2,100.07
2007-05-17,35.6,42.0,-13.8,142.8,29.4,-2.2,25.9,98.1
2007-05-18,34.7,40.7,-13.3,141.7,27.2,4.0,25.8,97.39
2007-05-21,32.8,38.5,-13.9,137.4,27.5,4.4,24.2,94.54
2007-05-22,32.5,38.4,-13.8,137.2,26.4,5.7,23.6,96.25
2007-05-23,32.3,38.2,-13.6,136.5,26.9,5.3,23.4,95.54
2007-05-24,29.6,34.0,-8.8,115.9,27.2,4.0,23.0,94.4
2007-05-25,28.9,32.8,-8.6,115.9,27.2,4.0,23.0,94.4
2007-05-29,31.2,33.9,-2.5,108.5,35.3,8.0,27.1,90.41
2007-05-30,30.0,30.9,-2.1,101.9,38.3,7.9,28.7,89.34
2007-05-31,31.4,33.6,3.1,106.0,36.2,9.7,28.0,84.73
2007-06-01,31.8,34.8,6.6,105.1,35.7,9.5,27.4,83.53
2007-06-04,31.3,33.7,6.6,102.7,38.7,9.1,27.7,78.94
2007-06-05,32.1,36.3,14.5,99.9,37.6,8.0,25.7,74.97
2007-06-06,30.9,35.5,13.8,97.6,35.9,7.9,24.0,72.76
2007-06-07,30.2,35.6,13.8,96.4,33.2,7.6,22.1,70.18
2007-06-08,29.3,37.1,35.1,74.3,30.0,7.4,17.6,66.79
2007-06-11,26.2,35.4,34.9,69.9,22.3,6.3,12.5,58.02
2007-06-12,27.9,33.8,33.7,68.7,33.6,4.7,19.0,74.66
2007-06-13,28.4,36.8,44.0,67.5,34.6,-7.0,15.8,71.33
2007-06-14,30.6,36.4,43.7,66.2,44.7,-7.0,21.8,86.88
2007-06-15,31.0,36.0,43.8,64.8,48.6,-9.7,23.4,92.37
2007-06-18,28.3,33.5,42.9,59.7,48.3,-18.8,20.5,88.85
2007-06-19,24.6,27.4,42.8,40.4,48.1,-18.5,20.4,88.0
2007-06-20,23.9,26.9,42.7,38.1,48.2,-18.5,19.4,87.64
2007-06-21,22.7,24.7,48.8,28.6,48.1,-17.3,19.6,89.98
2007-06-22,18.1,17.8,48.8,5.6,47.7,-20.9,18.5,89.52
2007-06-25,16.6,14.4,47.3,-4.3,51.8,-21.1,19.8,88.18
2007-06-26,15.4,12.0,42.9,-6.0,53.1,-21.4,20.5,87.76
2007-06-27,14.8,11.4,38.8,-1.7,52.7,-22.5,19.9,87.3
2007-06-28,13.5,9.1,36.9,1.2,53.0,-22.5,20.2,86.8
2007-06-29,14.0,9.2,40.5,-3.1,54.5,-21.2,21.3,86.33
2007-07-02,13.8,8.2,44.1,-13.1,54.8,-22.0,22.1,84.59
2007-07-03,14.4,6.8,43.3,-15.2,61.3,-22.2,25.9,84.35
2007-07-05,16.0,9.6,47.8,-16.4,62.2,-26.2,25.5,87.52
2007-07-06,19.3,15.3,48.6,-1.1,62.7,-25.8,25.3,87.72
2007-07-09,22.5,16.1,48.6,-3.6,70.5,-23.8,32.2,93.44
2007-07-10,22.8,16.3,48.6,-4.6,70.4,-22.7,32.5,91.79
2007-07-11,22.9,16.1,48.3,-5.8,70.6,-20.6,33.1,92.98
2007-07-12,22.1,15.7,48.9,-7.1,66.1,-20.7,31.6,85.4
2007-07-13,18.4,12.3,42.8,-8.7,64.2,-26.9,27.6,82.47
2007-07-16,17.9,11.5,47.7,-14.7,56.9,-10.3,27.4,75.41
2007-07-17,17.7,13.1,65.2,-34.0,51.9,-10.1,24.5,69.3
2007-07-18,15.8,12.4,65.5,-35.5,44.7,-9.5,20.8,64.24
2007-07-19,21.4,10.8,62.9,-36.8,75.0,-9.5,37.3,104.29
2007-07-20,22.1,11.2,62.9,-38.4,74.9,-4.7,38.4,106.15
2007-07-23,21.6,9.3,63.4,-46.7,77.0,-3.9,40.0,104.19
2007-07-24,23.2,11.6,63.6,-47.6,77.6,-4.1,40.5,103.43
2007-07-25,24.1,8.8,64.3,-60.0,88.8,-4.6,47.1,102.71
2007-07-26,23.6,7.7,60.8,-57.8,88.6,-2.8,47.5,102.9
2007-07-27,24.3,8.7,63.4,-59.1,88.3,-2.8,47.6,102.08
2007-07-30,23.3,7.3,60.0,-61.6,87.7,-3.1,47.3,99.5
2007-07-31,25.9,10.6,66.5,-61.1,89.4,-1.6,48.8,98.51
2007-08-01,24.8,9.2,63.3,-61.6,88.5,-1.8,48.3,97.39
2007-08-02,24.5,9.3,63.6,-62.2,86.9,-2.6,47.3,96.26
2007-08-03,21.3,3.6,51.5,-63.3,85.3,3.1,47.9,97.78
2007-08-06,27.4,14.1,54.5,-33.0,83.3,3.6,47.4,92.74
2007-08-07,27.3,13.4,57.3,-39.0,82.5,3.8,48.1,90.13
2007-08-08,24.6,11.2,58.0,-38.4,80.3,4.1,44.8,86.66
2007-08-09,24.7,12.0,57.2,-37.9,78.5,4.3,43.7,84.76
2007-08-10,23.2,11.5,56.4,-37.4,73.4,4.7,40.7,73.68
2007-08-13,24.5,10.1,52.8,-35.7,83.2,6.2,46.2,87.0
2007-08-14,24.8,13.4,64.1,-36.1,82.9,-3.4,41.9,86.69
2007-08-15,29.4,21.6,83.2,-35.1,83.3,-6.7,41.1,85.42
2007-08-16,27.9,20.5,76.9,-34.0,81.0,-10.1,39.0,79.68
2007-08-17,27.8,19.3,73.2,-32.8,82.7,-9.0,40.6,79.11
2007-08-20,28.0,19.4,69.4,-27.5,82.3,-9.6,40.9,77.21
2007-08-21,26.4,16.6,67.6,-34.5,81.4,-6.5,41.2,79.29
2007-08-22,26.2,16.3,66.4,-33.5,81.4,-7.6,41.1,78.71
2007-08-23,26.6,16.3,66.4,-33.5,81.4,-7.6,42.1,79.14
2007-08-24,28.0,18.6,70.8,-32.2,84.5,-8.8,42.1,79.14
2007-08-27,26.3,17.5,65.0,-29.6,79.7,-8.2,39.5,77.09
2007-08-28,29.3,22.4,64.6,-13.2,79.0,-8.1,39.6,76.83
2007-08-29,29.5,21.8,62.8,-12.3,82.0,-10.2,41.0,76.0
2007-08-30,29.9,20.6,59.3,-11.3,82.6,-9.9,43.9,75.17
2007-08-31,31.6,22.0,59.1,-8.2,85.5,-8.8,46.1,76.83
2007-09-04,30.9,21.3,49.5,-1.1,83.1,-10.1,45.3,70.52
2007-09-05,31.5,21.5,45.5,2.6,81.9,-4.5,46.4,68.76
2007-09-06,27.1,14.3,47.6,-24.2,80.5,-3.8,46.2,66.63
2007-09-07,22.9,7.6,34.8,-29.3,78.9,-2.9,45.8,64.49
2007-09-10,21.7,6.8,30.3,-26.7,72.7,1.9,44.1,57.67
2007-09-11,22.2,8.6,29.1,-25.7,70.1,2.5,42.7,54.29
2007-09-12,19.6,8.6,28.7,-24.4,62.0,-4.1,36.1,37.51
2007-09-13,19.2,8.9,28.3,-22.9,59.2,-3.4,34.7,33.96
2007-09-14,17.6,4.6,15.5,-21.1,59.6,3.3,37.0,35.97
2007-09-17,18.3,6.0,12.8,-13.1,57.9,4.8,36.8,34.45
2007-09-18,11.8,-2.6,-6.8,-12.8,55.6,-2.8,33.5,26.16
2007-09-19,11.3,-2.7,-7.3,-10.1,54.8,-2.3,32.2,25.7
2007-09-20,12.7,0.3,-2.6,-10.5,53.9,-3.2,31.3,24.81
2007-09-21,11.6,-0.8,-2.7,-11.4,52.3,-3.3,30.3,27.69
2007-09-24,10.8,-1.2,-2.6,-14.1,49.2,-0.8,28.8,26.04
2007-09-25,7.0,-7.1,-10.8,-22.5,48.2,-0.9,28.2,25.45
2007-09-26,7.5,-5.7,-12.6,-15.7,47.0,-1.2,27.4,24.79
2007-09-27,6.2,-6.8,-14.4,-17.5,45.6,-4.6,25.6,24.1
2007-09-28,6.1,-8.0,-14.0,-20.4,48.4,-4.5,27.2,23.34
2007-10-01,1.1,-10.6,-17.5,-22.1,34.1,-4.0,18.6,20.34
2007-10-02,0.8,-11.7,-18.6,-23.3,35.6,-3.6,19.6,19.53
2007-10-03,0.1,-12.6,-18.4,-25.4,34.8,-3.8,19.1,18.75
2007-10-04,-0.5,-12.7,-18.5,-25.1,34.0,-6.3,17.9,20.43
2007-10-05,-0.3,-11.4,-17.4,-24.7,33.0,-9.4,16.3,19.45
2007-10-08,-1.8,-13.4,-17.7,-29.3,30.4,-10.3,15.5,15.74
2007-10-09,-0.1,-10.2,-17.6,-20.0,28.8,-10.6,15.1,15.02
2007-10-10,-0.1,-9.9,-17.2,-19.3,26.8,-10.6,14.8,13.32
2007-10-11,0.6,-8.3,-12.1,-18.4,25.9,-11.8,14.0,11.09
2007-10-12,1.4,-8.3,-12.8,-17.3,31.4,-13.6,15.9,20.22
2007-10-15,0.5,-6.7,-12.4,-13.0,24.4,-16.4,11.3,8.98
2007-10-16,-6.7,-16.7,-40.4,-4.5,19.2,-16.9,8.4,-0.58
2007-10-17,-7.4,-17.1,-42.3,-4.6,17.1,-17.7,7.2,-1.01
2007-10-18,-6.8,-16.2,-42.3,-4.6,16.4,-11.0,7.3,2.22
2007-10-19,-6.7,-15.5,-42.2,-4.6,15.4,-11.6,6.5,2.35
2007-10-22,-8.4,-15.7,-42.0,-3.6,9.7,-14.2,2.5,2.02
2007-10-23,-8.1,-14.8,-41.8,-1.2,9.5,-14.5,2.0,1.81
2007-10-24,-8.3,-14.4,-42.2,1.9,7.4,-14.3,0.8,1.76
2007-10-25,-6.2,-15.0,-45.5,4.4,15.8,-11.6,6.9,11.91
2007-10-26,-7.6,-16.4,-46.2,2.3,13.6,-11.6,5.7,10.8
2007-10-29,-7.7,-16.3,-45.4,0.4,12.9,-12.2,5.2,10.23
2007-10-30,-9.2,-19.0,-50.3,-0.5,15.0,-16.6,5.4,9.99
2007-10-31,-5.3,-13.3,-36.6,-4.2,17.5,-17.0,6.8,9.47
2007-11-01,-6.5,-15.0,-38.6,-5.7,16.5,-16.7,6.3,9.43
2007-11-02,-1.6,-9.9,-29.6,-7.9,23.8,-16.5,10.8,9.42
2007-11-05,-3.0,-11.0,-27.0,-10.5,22.5,-22.3,9.1,9.26
2007-11-06,-7.1,-15.1,-27.6,-23.3,22.0,-37.9,4.9,7.18
2007-11-07,-5.6,-13.4,-28.3,-17.2,23.5,-37.3,6.0,7.44
2007-11-08,-9.8,-15.8,-29.3,-16.9,21.5,-36.5,-0.9,5.1
2007-11-09,-9.4,-15.3,-25.2,-16.5,21.5,-35.7,-0.6,1.21
2007-11-12,-12.4,-16.9,-32.4,-15.2,10.6,-31.9,-5.7,-14.01
2007-11-13,-16.2,-22.9,-31.1,-39.9,10.3,-31.5,-6.2,-13.23
2007-11-14,-18.1,-22.3,-30.6,-39.4,9.7,-45.4,-11.8,-11.99
2007-11-15,-15.7,-21.3,-26.1,-38.8,15.4,-40.7,-7.3,-5.66
2007-11-16,-19.7,-27.8,-42.0,-38.0,20.4,-54.1,-7.6,2.59
2007-11-19,-19.0,-27.0,-41.8,-35.3,21.4,-54.2,-7.1,4.39
2007-11-20,-19.2,-27.4,-40.8,-35.4,20.4,-54.1,-6.9,4.35
2007-11-21,-19.7,-27.7,-40.7,-35.5,20.2,-57.1,-7.7,4.45
2007-11-23,-19.5,-30.4,-39.7,-42.0,27.5,-53.3,-3.2,4.43
2007-11-26,-20.0,-30.6,-38.2,-43.8,25.5,-53.4,-4.1,4.59
2007-11-27,-13.9,-23.9,-43.7,-12.4,33.5,-53.7,1.0,4.63
2007-11-28,-11.3,-20.3,-43.5,0.3,35.4,-53.5,2.1,4.5
2007-11-29,-11.9,-21.1,-43.6,1.4,35.0,-53.3,1.9,4.81
2007-11-30,-9.9,-20.1,-39.9,0.2,37.8,-52.7,5.3,6.87
2007-12-03,-7.2,-17.3,-36.3,6.7,42.3,-52.3,8.0,8.2
2007-12-04,-4.1,-15.4,-34.9,11.5,50.3,-51.9,12.9,8.6
2007-12-05,-3.1,-15.5,-34.3,12.4,50.3,-51.1,15.5,12.33
2007-12-06,0.3,-9.3,-33.4,30.8,50.4,-50.6,14.6,12.83
2007-12-07,1.3,-7.3,-29.4,32.3,49.1,-50.1,14.1,19.3
2007-12-10,3.5,-3.9,-25.4,32.3,51.1,-47.4,14.6,24.12
2007-12-11,4.3,-4.3,-23.5,26.9,54.3,-47.5,17.1,27.62
2007-12-12,7.5,-3.5,-22.7,27.0,60.0,-35.9,23.9,43.08
2007-12-13,15.2,7.8,0.8,27.0,61.7,-30.1,26.4,45.65
2007-12-14,15.5,6.7,6.4,27.2,62.9,-24.5,28.6,48.15
2007-12-17,19.6,13.7,21.8,27.8,60.8,-24.1,28.5,47.79
2007-12-18,20.5,13.3,21.7,27.8,65.1,-23.8,31.2,45.04
2007-12-19,18.2,10.1,22.0,16.4,65.0,-22.9,30.3,44.2
2007-12-20,17.0,7.6,15.8,16.5,64.8,-19.9,31.0,45.32
2007-12-21,18.0,9.1,17.1,18.5,62.6,-14.0,31.4,47.08
2007-12-24,18.6,10.1,19.5,18.6,61.9,-13.1,31.3,46.04
2007-12-26,18.9,10.3,19.6,19.1,61.1,-12.1,31.9,45.3
2007-12-27,19.5,11.1,21.5,18.9,62.3,-11.8,32.1,44.87
2007-12-28,20.4,12.6,27.3,18.7,62.0,-10.1,32.1,44.87
2007-12-31,20.4,12.4,24.6,18.1,61.9,-8.9,32.3,42.81
2008-01-02,17.6,8.2,16.0,17.6,60.5,-7.6,31.7,41.48
2008-01-03,16.1,8.7,16.1,18.9,52.9,-7.5,27.1,40.98
2008-01-04,14.4,6.2,7.8,18.6,52.4,-7.4,26.7,40.37
2008-01-07,14.6,5.0,8.1,14.1,55.2,-2.9,29.1,39.0
2008-01-08,20.1,14.1,7.9,44.1,54.8,-2.8,29.1,37.78
2008-01-09,17.9,11.1,8.6,33.4,53.4,-2.7,28.1,35.8
2008-01-10,18.8,11.8,9.7,32.8,51.7,9.1,29.4,35.57
2008-01-11,12.3,4.3,-4.4,32.2,43.0,9.1,24.3,25.61
2008-01-14,13.0,5.8,2.1,29.6,42.0,8.6,23.8,24.88
2008-01-15,9.8,2.5,-4.0,26.2,41.1,-2.7,20.7,24.05
2008-01-16,13.3,7.8,6.7,26.0,40.6,3.5,21.5,26.43
2008-01-17,9.6,1.7,-7.8,25.7,40.8,2.8,21.5,26.02
2008-01-18,9.6,2.9,-3.8,25.4,40.2,3.3,19.7,25.61
2008-01-22,9.3,4.3,-3.7,23.4,34.8,5.7,16.8,21.96
2008-01-23,10.3,7.0,-4.0,30.3,31.8,6.4,15.3,23.1
2008-01-24,13.8,11.6,-4.5,46.4,38.1,4.8,17.0,31.15
2008-01-25,14.6,11.4,-5.1,46.7,41.6,5.7,19.4,31.08
2008-01-28,11.2,6.4,-10.5,37.5,38.1,8.9,18.5,31.02
2008-01-29,12.8,9.1,-5.9,38.9,37.1,9.9,18.3,35.02
2008-01-30,8.2,1.8,-19.5,39.3,35.5,11.1,17.7,35.1
2008-01-31,8.0,0.7,-20.4,34.7,38.2,8.4,18.9,35.18
2008-02-01,7.0,-1.9,-17.6,21.7,39.3,10.4,20.3,35.26
2008-02-04,8.9,-0.6,-18.1,23.7,39.4,16.3,23.2,36.11
2008-02-05,3.3,-9.7,-41.3,24.1,39.0,12.2,22.9,36.48
2008-02-06,4.7,-8.9,-41.4,24.7,40.5,17.6,25.2,37.15
2008-02-07,5.0,-8.5,-41.1,27.0,40.3,18.3,25.2,37.36
2008-02-08,4.0,-7.0,-40.8,26.8,40.1,21.0,20.5,38.82
2008-02-11,5.3,-5.1,-39.4,31.3,37.7,25.8,20.8,43.14
2008-02-12,7.1,-1.9,-38.7,42.0,38.0,26.2,20.5,44.85
2008-02-13,7.5,-0.6,-34.6,41.3,36.4,28.0,19.6,43.11
2008-02-14,11.5,7.1,-24.3,40.6,35.4,27.0,18.1,42.55
2008-02-15,9.5,-0.4,-39.4,39.9,41.5,32.1,24.3,52.42
2008-02-19,9.8,-1.8,-39.7,36.3,38.0,41.0,27.3,50.06
2008-02-20,9.9,0.1,-35.2,35.5,36.5,34.3,24.7,49.52
2008-02-21,7.7,-2.9,-42.9,33.6,36.9,29.9,23.7,46.59
2008-02-22,5.2,-6.5,-42.6,23.9,35.7,29.7,22.8,45.99
2008-02-25,3.1,-9.0,-41.6,13.4,32.8,28.8,21.3,44.0
2008-02-26,4.0,-8.3,-52.5,30.3,34.9,28.9,22.5,43.17
2008-02-27,4.3,-8.8,-55.6,32.8,38.0,28.4,24.0,42.21
2008-02-28,2.6,-13.0,-59.3,32.3,41.0,30.8,26.1,41.84
2008-02-29,1.0,-15.4,-64.6,29.5,40.5,28.2,25.5,40.95
2008-03-03,-0.3,-17.4,-64.3,26.5,41.8,26.1,25.4,37.17
2008-03-04,0.8,-18.4,-64.9,24.2,48.6,25.3,29.5,35.92
2008-03-05,0.6,-16.0,-61.5,24.3,48.3,10.4,25.6,32.74
2008-03-06,-0.4,-18.0,-62.1,19.1,49.3,9.4,26.1,31.73
2008-03-07,0.5,-17.2,-69.5,29.4,50.6,8.3,27.1,30.44
2008-03-10,-0.5,-12.2,-73.4,30.9,30.9,2.3,17.0,0.84
2008-03-11,2.4,-6.9,-72.1,47.4,30.3,0.8,16.3,0.21
2008-03-12,3.0,-4.8,-72.7,47.5,21.0,8.8,14.7,-10.73
2008-03-13,1.5,-7.6,-80.1,47.7,20.9,8.5,15.1,-5.76
2008-03-14,0.5,-10.6,-87.5,48.0,23.6,10.4,17.2,-0.08
2008-03-17,-0.3,-12.4,-94.0,50.8,22.5,15.5,17.8,-0.02
2008-03-18,0.8,-11.0,-90.9,50.5,24.2,14.4,18.6,-0.42
2008-03-19,2.5,-11.2,-90.4,50.2,24.4,23.6,23.0,2.09
2008-03-20,3.9,-8.9,-88.9,49.9,24.4,23.4,23.0,2.08
2008-03-24,3.9,-8.9,-88.9,49.9,24.4,23.4,23.0,2.08
2008-03-25,2.9,-11.9,-98.8,51.7,26.4,24.9,25.2,6.54
2008-03-26,8.6,-3.0,-100.6,78.5,26.5,24.4,25.9,6.49
2008-03-27,8.7,-2.7,-99.4,77.9,26.9,22.3,25.7,5.56
2008-03-28,9.0,-3.2,-98.5,77.3,27.0,28.1,27.4,5.5
2008-03-31,10.7,-0.5,-89.9,69.6,27.4,27.5,27.4,5.5
2008-04-01,9.9,-0.3,-85.0,68.6,25.1,28.0,25.1,5.89
2008-04-02,10.9,0.6,-82.8,67.8,27.4,27.5,26.4,5.9
2008-04-03,11.4,1.2,-79.6,66.8,27.8,27.6,26.8,5.89
2008-04-04,8.7,-3.2,-83.8,58.7,27.4,26.8,26.5,5.92
2008-04-07,9.9,-1.8,-79.9,60.2,27.3,28.7,27.4,3.49
2008-04-08,11.6,-0.8,-78.0,59.9,32.2,27.0,30.2,4.02
2008-04-09,13.3,0.6,-75.2,59.7,33.2,27.3,32.4,5.2
2008-04-10,9.0,-6.7,-93.2,59.4,33.1,27.5,32.5,4.88
2008-04-11,8.8,-9.0,-98.2,59.1,36.1,27.9,35.5,8.37
2008-04-14,8.6,-8.8,-96.0,58.4,33.7,28.8,34.8,6.57
2008-04-15,7.9,-12.3,-86.3,36.0,32.5,43.8,38.3,8.06
2008-04-16,17.9,-11.2,-83.8,35.3,70.5,43.7,61.6,61.91
2008-04-17,17.7,-13.8,-88.7,34.6,66.9,64.2,65.0,61.3
2008-04-18,15.8,-14.0,-88.0,33.7,66.3,63.2,60.6,60.61
2008-04-21,14.2,-16.4,-85.5,29.1,64.1,65.1,60.2,59.44
2008-04-22,14.3,-16.8,-84.6,26.9,63.8,69.5,61.0,57.83
2008-04-23,11.9,-19.0,-83.6,19.2,58.9,69.3,58.2,57.38
2008-04-24,4.6,-30.4,-86.1,-14.2,55.8,72.9,57.2,58.72
2008-04-25,5.4,-31.3,-85.5,-17.7,61.1,72.8,60.4,58.15
2008-04-28,5.7,-30.0,-80.4,-20.7,58.8,72.7,59.2,56.13
2008-04-29,6.8,-28.8,-77.2,-19.7,60.1,73.0,60.1,55.8
2008-04-30,1.5,-35.3,-73.2,-18.8,56.1,69.3,56.8,55.38
2008-05-01,3.4,-34.1,-69.8,-19.1,60.9,68.9,59.7,54.95
2008-05-02,6.6,-29.6,-58.2,-19.5,62.7,68.6,60.8,54.51
2008-05-05,6.6,-29.6,-58.2,-19.5,62.7,68.6,60.8,54.51
2008-05-06,4.7,-26.1,-44.6,-21.5,58.5,35.3,50.9,48.15
2008-05-07,3.1,-28.0,-44.1,-26.4,55.6,34.7,49.7,47.27
2008-05-08,1.3,-28.1,-43.6,-27.1,54.9,34.4,45.4,49.65
2008-05-09,3.5,-23.5,-32.3,-27.9,52.6,34.1,43.9,48.49
2008-05-12,-0.4,-24.1,-31.1,-31.2,42.2,32.8,35.1,32.27
2008-05-13,2.1,-19.6,-25.0,-31.4,48.3,17.1,34.7,41.6
2008-05-14,-1.1,-19.3,-26.4,-31.5,35.6,16.1,26.1,25.53
2008-05-15,0.8,-16.0,-25.3,-16.4,33.2,17.9,25.9,23.03
2008-05-16,0.5,-15.3,-25.1,-16.6,36.5,3.7,24.1,23.2
2008-05-19,-0.2,-14.6,-22.7,-17.3,35.9,3.6,21.3,23.83
2008-05-20,-1.5,-16.7,-20.5,-26.5,35.1,6.1,21.3,26.71
2008-05-21,2.2,-8.8,-19.5,-4.8,34.4,-3.0,18.8,27.24
2008-05-22,-0.3,-8.7,-18.4,-5.9,33.6,-26.6,12.3,27.28
2008-05-23,-2.0,-10.7,-17.0,-14.4,33.6,-28.2,11.1,19.34
2008-05-27,-3.3,-11.5,-13.9,-21.0,31.7,-28.8,9.1,19.84
2008-05-28,-2.7,-11.0,-11.4,-21.0,33.1,-28.5,9.8,20.15
2008-05-29,-4.7,-14.0,-11.0,-26.7,31.5,-27.5,9.2,20.38
2008-05-30,-4.8,-15.0,-9.7,-27.1,32.3,-26.9,10.5,26.82
2008-06-02,-4.2,-14.9,-5.5,-28.6,34.6,-24.3,11.9,28.46
2008-06-03,-2.8,-14.4,-4.5,-29.2,38.9,-22.5,14.7,30.28
2008-06-04,-4.3,-14.4,-1.5,-31.3,39.3,-37.4,10.9,31.11
2008-06-05,-5.2,-17.2,-0.9,-43.1,40.3,-30.7,12.9,32.31
2008-06-06,-7.9,-21.9,-5.3,-50.7,41.8,-31.7,13.2,34.11
2008-06-09,-8.1,-23.8,-2.6,-54.6,48.1,-36.6,15.5,37.83
2008-06-10,-5.7,-23.6,-3.8,-54.7,58.2,-37.6,21.2,50.71
2008-06-11,-4.9,-24.2,-2.1,-54.7,57.4,-39.0,24.1,49.33
2008-06-12,-2.7,-20.7,8.1,-54.8,58.6,-40.6,24.4,51.51
2008-06-13,-3.1,-20.5,6.7,-54.9,56.8,-41.2,23.0,49.9
2008-06-16,-0.1,-16.9,16.7,-55.6,55.1,-26.2,25.2,51.24
2008-06-17,-4.1,-22.3,13.9,-76.4,51.7,-28.1,23.1,48.93
2008-06-18,-5.8,-22.3,14.5,-77.2,51.1,-28.4,19.0,48.15
2008-06-19,-3.2,-17.7,11.3,-77.6,50.6,-28.7,18.6,47.34
2008-06-20,-2.4,-16.8,12.3,-78.2,49.9,-24.2,19.3,46.49
2008-06-23,-5.9,-22.1,16.4,-101.2,49.2,-26.0,18.4,48.09
2008-06-24,-5.8,-22.1,8.0,-89.8,46.2,-17.9,18.7,47.63
2008-06-25,-5.7,-21.9,8.0,-88.7,45.8,-19.1,18.5,47.02
2008-06-26,-6.8,-22.9,8.0,-91.7,41.6,-13.8,17.4,49.08
2008-06-27,-9.6,-25.4,7.5,-98.1,41.1,-26.9,14.0,48.35
2008-06-30,-9.5,-23.7,9.3,-93.9,37.9,-34.5,11.8,46.02
2008-07-01,-8.8,-20.4,15.0,-92.5,36.6,-43.7,8.7,40.95
2008-07-02,-7.9,-19.1,16.2,-90.7,37.0,-44.1,8.8,40.04
2008-07-03,-11.6,-23.2,9.0,-89.9,34.0,-48.8,5.8,39.14
2008-07-07,-14.7,-27.7,13.3,-112.2,33.7,-50.8,4.8,34.04
2008-07-08,-14.5,-25.9,16.3,-110.5,32.3,-51.4,2.7,31.59
2008-07-09,-12.7,-22.2,16.8,-108.7,30.6,-52.1,1.5,29.04
2008-07-10,-14.4,-21.2,16.3,-106.6,23.3,-53.1,-4.2,18.79
2008-07-11,-14.6,-16.5,27.3,-104.1,11.1,-54.4,-11.7,1.04
2008-07-14,-16.7,-14.6,24.9,-94.9,-0.8,-60.8,-19.9,-16.05
2008-07-15,-19.6,-19.0,22.5,-111.7,-0.6,-64.2,-20.4,-14.52
2008-07-16,-17.2,-15.0,30.0,-109.9,-0.7,-63.8,-20.4,-20.94
2008-07-17,-13.9,-13.4,31.3,-107.9,21.2,-93.8,-14.7,12.62
2008-07-18,-14.1,-12.5,30.9,-105.6,21.1,-96.6,-16.6,12.47
2008-07-21,-11.7,-8.9,29.9,-94.3,21.0,-95.2,-16.0,10.23
2008-07-22,-10.6,-7.2,29.8,-88.2,21.3,-94.8,-15.7,10.12
2008-07-23,-10.1,-6.0,29.1,-85.9,19.8,-93.4,-16.2,10.22
2008-07-24,-22.2,-24.0,28.2,-138.8,13.7,-93.0,-19.4,9.94
2008-07-25,-22.4,-24.1,35.1,-149.8,12.8,-91.5,-19.8,10.08
2008-07-28,-21.2,-22.9,30.6,-148.0,11.9,-85.8,-18.6,10.72
2008-07-29,-21.1,-22.8,31.6,-147.5,11.0,-83.8,-18.6,10.95
2008-07-30,-23.4,-27.0,29.4,-155.7,10.7,-81.6,-18.1,11.2
2008-07-31,-25.8,-30.7,23.4,-155.2,10.5,-83.0,-18.4,11.58
2008-08-01,-22.6,-29.6,26.8,-154.6,19.0,-79.3,-12.2,12.19
2008-08-04,-20.9,-30.2,23.8,-152.3,21.8,-69.1,-7.0,13.64
2008-08-05,-19.8,-30.1,24.4,-152.1,22.0,-61.4,-4.3,13.72
2008-08-06,-23.7,-35.7,22.6,-168.2,22.4,-60.0,-5.6,14.34
2008-08-07,-23.5,-35.0,22.5,-172.0,18.6,-58.2,-6.3,15.64
2008-08-08,-25.3,-37.2,22.2,-171.9,19.5,-56.2,-7.5,16.8
2008-08-11,-22.0,-39.0,22.0,-172.7,34.1,-48.6,3.5,39.03
2008-08-12,-16.6,-29.9,41.9,-174.3,33.7,-46.7,3.4,39.22
2008-08-13,-15.3,-30.6,40.0,-173.5,39.2,-43.5,7.7,48.2
2008-08-14,-15.4,-27.5,44.2,-166.9,33.3,-50.6,2.8,34.23
2008-08-15,-14.2,-26.1,46.5,-166.1,33.5,-49.4,3.7,42.37
2008-08-18,-13.9,-26.5,46.1,-166.1,34.7,-47.9,4.9,40.88
2008-08-19,-10.4,-21.7,46.1,-151.0,34.2,-44.3,6.5,41.19
2008-08-20,-10.3,-20.1,46.0,-148.7,33.5,-46.2,4.5,41.96
2008-08-21,-11.3,-18.5,45.9,-147.4,33.0,-64.8,-0.5,42.92
2008-08-22,-11.7,-18.7,45.8,-146.0,31.6,-64.7,-1.3,42.32
2008-08-25,-12.4,-17.1,45.5,-141.1,25.4,-64.1,-5.4,40.31
2008-08-26,-16.1,-24.3,50.5,-172.3,27.8,-64.0,-3.8,39.34
2008-08-27,-15.8,-23.4,51.9,-170.8,27.0,-63.8,-4.4,37.97
2008-08-28,-11.9,-17.6,62.5,-164.7,28.9,-64.9,-3.4,37.43
2008-08-29,-8.0,-12.5,72.5,-162.0,31.4,-65.0,-1.2,36.06
2008-09-02,-6.4,-8.0,71.2,-151.8,25.5,-61.3,-4.1,34.54
2008-09-03,-5.9,-6.8,71.6,-151.2,25.0,-61.3,-4.5,33.75
2008-09-04,-6.1,-10.5,73.6,-164.2,27.3,-46.6,0.4,32.84
2008-09-05,-10.2,-16.2,66.2,-171.3,26.4,-46.7,-1.1,31.61
2008-09-08,-9.3,-15.7,64.7,-166.4,28.7,-47.3,0.3,27.08
2008-09-09,-9.2,-15.6,63.2,-164.6,28.6,-47.6,0.3,32.73
2008-09-10,-7.8,-15.0,63.2,-162.5,31.2,-39.3,2.9,39.25
2008-09-11,-11.6,-21.0,46.8,-160.2,31.3,-40.1,2.6,38.96
2008-09-12,-12.2,-20.5,46.0,-157.6,26.6,-41.4,0.3,32.89
2008-09-15,-13.8,-23.8,35.6,-148.2,27.5,-44.3,1.3,32.19
2008-09-16,-10.9,-19.5,26.6,-122.3,27.5,-40.8,1.9,32.29
2008-09-17,-11.4,-19.8,25.5,-120.5,26.2,-39.9,1.3,32.06
2008-09-18,-7.8,-12.8,33.4,-118.5,27.8,-42.9,-0.3,31.72
2008-09-19,-7.1,-11.9,33.6,-116.0,27.8,-41.3,0.1,31.24
2008-09-22,-5.9,-9.7,34.5,-110.1,27.9,-42.1,-0.1,30.15
2008-09-23,-5.9,-9.4,34.0,-108.4,27.0,-38.5,-0.7,29.85
2008-09-24,-12.0,-19.8,33.6,-143.1,26.8,-35.4,-0.2,29.95
2008-09-25,-14.6,-23.6,26.4,-145.9,23.1,-30.2,-1.1,31.92
2008-09-26,-16.5,-27.0,16.1,-144.1,22.9,-28.5,-0.8,32.1
2008-09-29,-15.6,-26.2,14.7,-137.7,22.4,-23.1,0.4,33.07
2008-09-30,-15.1,-21.9,27.0,-135.0,14.6,-25.4,-4.8,33.11
2008-10-01,-19.8,-30.5,8.5,-131.4,15.9,-24.9,-3.7,33.17
2008-10-02,-19.8,-29.6,7.9,-128.9,14.2,-26.7,-5.0,32.17
2008-10-03,-21.4,-32.3,1.2,-125.8,14.2,-27.3,-5.0,32.36
2008-10-06,-21.2,-32.0,-1.7,-118.1,14.7,-31.8,-5.1,34.18
2008-10-07,-19.5,-27.5,-3.1,-100.8,9.4,-30.8,-7.4,35.85
2008-10-08,-16.7,-20.6,-5.4,-74.9,8.7,-29.7,-10.9,37.85
2008-10-09,-19.0,-24.2,-5.9,-72.7,7.9,-28.3,-11.2,36.71
2008-10-10,-20.6,-20.7,-6.9,-70.0,-8.4,-26.8,-20.4,9.37
2008-10-13,-20.0,-19.4,-9.9,-60.4,-13.0,-19.5,-21.0,6.6
2008-10-14,-23.6,-25.0,-10.5,-82.4,-16.4,-14.3,-21.6,1.37
2008-10-15,-25.3,-28.2,-18.5,-80.0,-16.4,-9.1,-20.9,5.68
2008-10-16,-28.4,-33.0,-29.6,-77.4,-16.4,-12.1,-21.6,5.59
2008-10-17,-30.5,-36.4,-38.8,-74.3,-15.4,-17.0,-21.6,5.62
2008-10-20,-31.7,-32.5,-40.5,-60.1,-30.8,-16.3,-30.5,-13.75
2008-10-21,-29.7,-29.5,-41.4,-50.0,-30.1,-15.9,-29.9,-13.88
2008-10-22,-32.3,-29.5,-42.9,-47.4,-36.1,-29.8,-36.6,-14.1
2008-10-23,-32.1,-28.4,-43.2,-45.4,-38.0,-31.4,-37.6,-15.22
2008-10-24,-34.2,-33.8,-43.5,-58.1,-33.3,-31.1,-34.7,-15.45
2008-10-27,-34.6,-34.8,-43.7,-63.0,-33.8,-30.0,-34.4,-16.37
2008-10-28,-39.5,-42.8,-64.2,-62.2,-34.6,-29.3,-34.6,-16.7
2008-10-29,-38.3,-40.2,-62.5,-61.3,-36.0,-29.2,-35.5,-17.1
2008-10-30,-41.0,-45.1,-59.2,-81.5,-36.2,-26.8,-34.9,-17.53
2008-10-31,-43.1,-48.9,-71.4,-80.2,-35.6,-26.4,-34.3,-17.94
2008-11-03,-44.2,-49.9,-79.4,-73.6,-39.2,-26.6,-35.7,-19.8
2008-11-04,-44.0,-50.0,-79.9,-72.8,-40.9,-20.3,-35.1,-17.84
2008-11-05,-46.4,-53.3,-86.2,-72.6,-39.1,-30.0,-36.0,-18.81
2008-11-06,-51.7,-61.1,-87.2,-99.9,-39.9,-29.3,-37.6,-20.11
2008-11-07,-56.5,-67.9,-96.2,-111.9,-43.0,-28.5,-39.3,-21.86
2008-11-10,-59.3,-69.9,-101.1,-111.6,-45.8,-25.2,-43.4,-17.69
2008-11-11,-55.2,-64.2,-101.7,-92.8,-45.1,-23.2,-41.7,-14.29
2008-11-12,-55.2,-65.4,-104.8,-92.4,-43.1,-22.4,-40.0,-11.72
2008-11-13,-59.8,-66.4,-102.7,-98.0,-59.8,-21.4,-49.8,-35.11
2008-11-14,-64.4,-73.1,-120.0,-97.8,-63.7,-15.5,-51.3,-37.42
2008-11-17,-62.3,-70.3,-110.3,-97.2,-64.0,-10.6,-50.2,-37.31
2008-11-18,-60.2,-68.8,-102.6,-95.7,-62.3,-4.8,-47.3,-39.36
2008-11-19,-63.1,-71.7,-111.0,-93.9,-62.1,-17.3,-50.2,-39.26
2008-11-20,-63.4,-71.2,-113.6,-91.8,-65.4,-13.5,-51.7,-39.18
2008-11-21,-62.2,-71.5,-114.0,-88.7,-65.3,-0.3,-48.3,-43.91
2008-11-24,-70.7,-82.3,-116.9,-119.1,-71.9,-3.8,-53.3,-43.58
2008-11-25,-71.3,-82.9,-108.4,-134.7,-72.3,-4.0,-53.8,-43.48
2008-11-26,-76.9,-91.8,-119.9,-146.6,-73.2,-4.5,-54.6,-43.31
2008-11-28,-74.2,-89.7,-117.6,-143.4,-67.9,-6.6,-50.9,-39.89
2008-12-01,-77.0,-89.5,-115.9,-137.5,-78.8,-10.5,-58.2,-40.14
2008-12-02,-77.7,-88.2,-114.3,-134.1,-78.8,-26.4,-62.0,-46.71
2008-12-03,-79.6,-91.5,-121.9,-132.4,-78.6,-26.6,-61.8,-46.83
2008-12-04,-77.8,-89.6,-120.3,-127.4,-81.1,-14.0,-60.1,-46.99
2008-12-05,-90.0,-107.2,-140.6,-153.6,-81.0,-21.3,-64.1,-47.28
2008-12-08,-89.8,-105.3,-133.6,-153.9,-85.0,-23.6,-66.6,-49.14
2008-12-09,-84.3,-99.3,-129.7,-130.1,-84.1,-8.5,-61.8,-40.53
2008-12-10,-89.4,-99.6,-128.1,-130.0,-105.7,-8.5,-74.2,-70.1
2008-12-11,-92.5,-105.0,-140.6,-130.1,-105.2,-8.4,-73.7,-69.75
2008-12-12,-92.9,-101.3,-130.0,-130.4,-110.7,-8.3,-80.4,-80.2
2008-12-15,-95.4,-103.0,-129.3,-132.3,-119.2,-3.5,-84.1,-93.61
2008-12-16,-95.2,-103.8,-136.1,-130.6,-119.3,2.8,-82.2,-100.25
2008-12-17,-95.4,-103.4,-134.8,-128.8,-119.1,-2.3,-83.3,-99.72
2008-12-18,-97.5,-104.9,-129.2,-145.9,-119.5,-5.6,-86.4,-99.23
2008-12-19,-99.5,-106.5,-127.8,-158.6,-118.4,-18.7,-88.9,-107.27
2008-12-22,-94.8,-99.4,-122.1,-144.7,-118.5,-16.4,-87.8,-105.67
2008-12-23,-95.3,-97.1,-118.4,-140.9,-125.3,-16.5,-92.7,-105.22
2008-12-24,-95.3,-97.1,-118.4,-140.9,-125.3,-16.5,-92.7,-105.22
2008-12-26,-95.3,-97.1,-118.4,-140.9,-125.3,-16.5,-92.7,-105.22
2008-12-29,-91.4,-95.6,-104.5,-152.5,-115.6,-12.1,-85.1,-100.06
2008-12-30,-95.1,-101.8,-112.6,-162.8,-129.1,-13.7,-85.1,-100.06
2008-12-31,-98.4,-101.8,-112.6,-162.8,-129.1,-13.7,-93.4,-97.89
2009-01-02,-97.8,-103.3,-117.3,-163.7,-124.6,-11.5,-89.6,-95.51
2009-01-05,-96.4,-102.9,-113.3,-169.5,-120.8,-13.7,-86.7,-90.45
2009-01-06,-93.7,-97.8,-103.1,-167.5,-118.6,-22.5,-87.5,-92.07
2009-01-07,-93.4,-96.9,-101.4,-165.4,-120.2,-22.2,-88.2,-87.65
2009-01-08,-96.2,-101.5,-99.6,-181.1,-119.2,-18.9,-88.3,-87.28
2009-01-09,-98.3,-104.9,-100.5,-185.3,-119.3,-18.5,-88.3,-86.96
2009-01-12,-90.4,-97.6,-91.1,-174.9,-106.1,-17.4,-79.7,-68.55
2009-01-13,-79.3,-81.3,-49.7,-173.3,-101.1,-16.0,-76.3,-62.87
2009-01-14,-86.4,-92.1,-77.7,-171.5,-99.8,-14.7,-77.8,-61.6
2009-01-15,-89.5,-96.3,-70.0,-188.6,-98.2,-22.5,-79.2,-58.09
2009-01-16,-94.6,-102.1,-85.7,-186.5,-97.0,-42.7,-83.4,-58.29
2009-01-20,-85.8,-88.0,-80.7,-152.0,-93.1,-42.5,-82.5,-53.74
2009-01-21,-84.1,-85.7,-79.1,-147.7,-93.2,-39.1,-81.6,-53.39
2009-01-22,-89.6,-86.8,-78.5,-149.0,-114.7,-36.2,-93.7,-43.45
2009-01-23,-86.5,-81.7,-76.3,-136.9,-114.8,-36.2,-93.6,-43.54
2009-01-26,-82.4,-76.0,-68.5,-126.8,-112.5,-38.2,-91.9,-42.49
2009-01-27,-76.6,-66.8,-68.9,-94.8,-111.6,-38.4,-91.3,-39.37
2009-01-28,-75.9,-66.1,-65.9,-93.1,-110.8,-38.4,-90.6,-39.03
2009-01-29,-76.9,-68.5,-69.2,-97.7,-109.2,-38.2,-89.5,-38.71
2009-01-30,-73.8,-59.4,-39.2,-95.6,-118.7,-40.5,-95.5,-38.4
2009-02-02,-67.4,-49.5,-37.1,-77.8,-118.5,-38.8,-94.3,-37.49
2009-02-03,-67.9,-47.9,-34.6,-74.8,-117.2,-57.8,-97.9,-46.14
2009-02-04,-63.9,-41.9,-22.5,-72.9,-115.7,-58.1,-96.8,-45.61
2009-02-05,-67.4,-48.0,-26.5,-87.3,-114.4,-60.4,-96.4,-45.03
2009-02-06,-74.9,-59.2,-40.0,-95.9,-113.0,-60.5,-98.5,-44.63
2009-02-09,-71.7,-55.8,-36.0,-94.3,-105.4,-60.8,-95.6,-36.97
2009-02-10,-70.6,-53.8,-33.8,-91.6,-103.6,-61.0,-95.7,-32.56
2009-02-11,-74.4,-57.0,-44.5,-90.2,-109.8,-61.6,-100.4,-38.02
2009-02-12,-70.1,-47.3,-23.3,-88.6,-115.9,-61.5,-104.2,-46.07
2009-02-13,-71.7,-50.5,-26.0,-95.6,-114.4,-61.4,-103.4,-45.33
2009-02-17,-64.7,-36.7,-24.2,-56.3,-116.4,-68.0,-106.6,-45.3
2009-02-18,-64.9,-36.9,-26.8,-53.3,-117.8,-69.7,-107.0,-43.95
2009-02-19,-66.2,-38.5,-34.1,-49.6,-116.5,-69.1,-107.8,-40.08
2009-02-20,-65.5,-36.9,-29.3,-54.6,-114.8,-75.8,-108.3,-41.24
2009-02-23,-62.7,-32.6,-26.3,-41.0,-115.8,-73.7,-107.9,-39.27
2009-02-24,-66.8,-36.1,-37.7,-37.9,-118.6,-81.1,-112.8,-38.56
2009-02-25,-65.5,-34.4,-36.6,-37.1,-118.0,-80.5,-112.2,-38.05
2009-02-26,-73.4,-47.2,-44.3,-69.6,-120.8,-76.9,-112.8,-36.86
2009-02-27,-80.7,-56.5,-54.0,-92.4,-124.7,-85.1,-117.0,-42.19
2009-03-02,-71.7,-49.5,-41.4,-88.4,-107.3,-83.1,-104.9,-37.3
2009-03-03,-70.1,-47.8,-39.8,-86.5,-105.1,-84.5,-103.5,-35.94
2009-03-04,-67.6,-45.0,-35.5,-83.4,-103.1,-83.5,-101.6,-34.46
2009-03-05,-66.7,-44.0,-33.7,-84.5,-100.9,-86.2,-100.7,-32.78
2009-03-06,-71.3,-49.5,-47.9,-84.8,-99.8,-111.3,-104.0,-42.73
2009-03-09,-68.8,-48.2,-44.2,-86.3,-89.0,-113.0,-99.6,-31.26
2009-03-10,-68.3,-47.2,-41.6,-85.2,-87.0,-121.4,-100.0,-33.66
2009-03-11,-78.3,-53.5,-42.2,-103.8,-113.7,-120.7,-115.6,-71.68
2009-03-12,-82.9,-51.9,-28.9,-121.1,-135.6,-120.0,-129.5,-103.46
2009-03-13,-79.2,-49.3,-20.7,-119.4,-134.9,-102.4,-124.0,-93.02
2009-03-16,-77.8,-49.4,-33.3,-100.6,-129.5,-103.0,-120.5,-84.44
2009-03-17,-74.7,-45.1,-30.7,-89.3,-128.6,-100.8,-119.0,-83.59
2009-03-18,-73.4,-43.4,-26.3,-87.0,-127.3,-113.6,-118.3,-82.11
2009-03-19,-71.5,-41.0,-23.5,-86.2,-125.9,-113.2,-117.3,-86.99
2009-03-20,-70.1,-39.5,-23.3,-85.3,-124.1,-112.6,-115.9,-86.83
2009-03-23,-68.3,-38.0,-22.9,-82.4,-119.7,-111.6,-113.7,-86.5
2009-03-24,-66.4,-35.6,-22.6,-85.0,-116.8,-117.3,-112.6,-86.35
2009-03-25,-63.2,-30.9,-12.5,-84.5,-115.8,-116.3,-111.6,-86.26
2009-03-26,-63.4,-31.5,-7.7,-85.9,-116.2,-114.7,-111.3,-83.49
2009-03-27,-62.4,-30.6,-7.0,-83.6,-114.6,-113.6,-110.0,-83.37
2009-03-30,-60.5,-30.5,-6.6,-82.7,-108.8,-109.8,-105.4,-83.16
2009-03-31,-60.0,-34.0,-11.2,-81.5,-96.9,-110.4,-98.9,-83.06
2009-04-01,-59.9,-33.5,-9.1,-87.1,-94.7,-118.8,-99.5,-87.73
2009-04-02,-63.4,-38.6,-11.3,-85.6,-97.6,-117.3,-100.7,-85.7
2009-04-03,-62.3,-38.4,-14.6,-83.7,-94.5,-115.5,-98.2,-85.59
2009-04-06,-59.7,-36.3,-16.1,-74.6,-91.6,-112.5,-94.9,-85.47
2009-04-07,-58.4,-33.6,-16.1,-67.9,-91.3,-111.7,-95.6,-86.04
2009-04-08,-59.0,-32.7,-13.9,-71.2,-91.0,-110.3,-98.4,-86.75
2009-04-09,-50.2,-18.3,17.7,-71.0,-91.3,-108.9,-98.0,-89.15
2009-04-13,-50.2,-18.3,17.7,-71.0,-91.3,-108.9,-98.0,-89.15
2009-04-14,-49.7,-21.3,4.7,-72.9,-85.7,-96.6,-92.2,-88.63
2009-04-15,-48.3,-17.4,14.6,-73.6,-86.5,-102.3,-94.7,-89.82
2009-04-16,-37.1,-10.9,22.5,-62.7,-56.4,-102.6,-76.5,-49.81
2009-04-17,-37.6,-10.6,24.8,-63.9,-54.8,-113.9,-78.2,-49.75
2009-04-20,-34.7,-12.7,22.8,-69.0,-46.3,-112.2,-67.7,-51.51
2009-04-21,-30.3,-7.2,23.4,-51.7,-42.1,-111.7,-64.9,-52.45
2009-04-22,-28.4,-8.2,23.0,-52.9,-38.9,-94.7,-58.6,-51.89
2009-04-23,-26.4,-6.7,22.5,-49.4,-35.2,-93.7,-55.9,-51.37
2009-04-24,-23.5,-1.7,23.8,-30.8,-33.6,-99.8,-56.3,-50.84
2009-04-27,-23.3,-3.1,21.3,-34.3,-31.7,-95.8,-53.7,-49.22
2009-04-28,-18.6,3.8,31.4,-26.3,-30.1,-94.3,-52.3,-48.33
2009-04-29,-23.3,-5.3,5.9,-23.5,-27.7,-92.4,-50.2,-47.41
2009-04-30,-18.5,-1.0,11.5,-22.3,-19.5,-91.1,-44.7,-46.3
2009-05-01,-14.9,1.4,18.3,-20.9,-11.7,-89.2,-39.3,-45.1
2009-05-04,-14.9,1.4,18.3,-20.9,-11.7,-89.2,-39.3,-45.1
2009-05-05,-9.5,6.2,23.3,-13.4,-9.2,-76.9,-33.1,-40.54
2009-05-06,-5.8,11.4,25.7,-11.6,-8.3,-76.1,-31.6,-39.73
2009-05-07,0.1,18.5,29.4,3.1,-9.9,-62.0,-27.6,-38.86
2009-05-08,5.5,25.3,37.0,9.0,-8.2,-61.2,-24.3,-37.97
2009-05-11,8.1,25.8,38.4,10.7,-1.8,-58.5,-18.5,-32.83
2009-05-12,9.7,28.1,40.2,11.5,-2.0,-57.4,-17.9,-33.62
2009-05-13,7.1,25.1,29.3,12.8,-6.3,-56.3,-20.0,-40.07
2009-05-14,6.6,23.9,27.1,12.5,-5.3,-57.2,-19.3,-40.21
2009-05-15,8.9,29.3,42.7,11.6,-9.5,-55.2,-21.6,-39.18
2009-05-18,11.0,29.8,46.1,9.4,-5.1,-50.0,-17.2,-40.26
2009-05-19,17.0,35.2,46.1,29.4,-2.9,-28.9,-10.2,-39.64
2009-05-20,19.4,38.8,46.2,32.5,-1.8,-26.8,-9.7,-38.4
2009-05-21,13.8,31.4,44.4,34.4,-1.6,-38.8,-12.5,-35.51
2009-05-22,17.2,32.5,45.5,36.6,1.8,-20.1,-5.7,-34.6
2009-05-26,30.6,47.8,67.2,58.6,18.3,-14.0,4.9,-28.62
2009-05-27,30.7,48.9,68.4,60.5,14.7,-11.7,3.4,-26.28
2009-05-28,31.2,51.1,69.9,64.4,11.6,-12.8,1.3,-24.82
2009-05-29,33.8,51.1,59.9,68.6,22.2,-11.6,7.9,-16.44
2009-06-01,34.4,52.1,60.1,69.9,24.2,-9.4,7.9,-16.44
2009-06-02,35.9,52.4,60.5,70.6,25.6,-6.4,11.1,-8.91
2009-06-03,37.9,54.5,59.8,71.3,27.4,-2.2,13.1,-4.82
2009-06-04,38.6,53.4,58.8,72.2,28.2,8.3,16.4,-2.27
2009-06-05,38.2,56.0,64.8,73.3,27.3,-10.2,11.5,0.94
2009-06-08,42.0,56.8,60.4,81.1,41.5,-8.4,19.7,18.7
2009-06-09,42.0,53.1,57.5,73.7,44.9,5.8,25.4,30.09
2009-06-10,40.4,50.6,55.8,72.7,47.1,4.2,25.0,28.57
2009-06-11,42.0,54.8,62.0,71.5,42.7,5.3,22.8,44.16
2009-06-12,42.9,54.3,61.9,69.8,47.3,6.8,25.9,63.51
2009-06-15,40.9,48.1,51.6,57.7,51.5,12.6,30.0,62.97
2009-06-16,42.4,49.8,51.0,61.7,52.5,15.1,31.3,62.78
2009-06-17,46.1,50.5,50.2,61.8,67.0,15.6,39.6,62.4
2009-06-18,49.2,51.8,55.5,61.9,66.3,40.1,45.4,61.94
2009-06-19,49.0,50.9,54.5,62.1,65.8,40.8,46.2,63.2
2009-06-22,49.2,51.9,49.5,73.3,62.4,43.1,45.1,61.5
2009-06-23,49.3,52.1,48.4,74.1,62.3,43.4,45.2,60.72
2009-06-24,50.0,53.4,50.9,74.0,61.4,43.8,44.9,60.32
2009-06-25,50.6,53.0,51.0,72.2,63.7,44.8,47.1,60.78
2009-06-26,51.2,53.6,51.9,72.5,63.3,47.2,47.6,60.39
2009-06-29,53.3,57.8,51.2,89.3,58.8,50.7,46.5,59.57
2009-06-30,47.5,50.5,44.7,78.1,57.5,50.3,43.1,58.61
2009-07-01,46.1,45.0,43.7,75.0,64.6,51.4,47.8,57.88
2009-07-02,44.4,41.9,37.2,74.2,63.6,54.5,48.2,58.5
2009-07-06,41.4,37.5,31.0,71.5,59.7,52.8,47.3,54.53
2009-07-07,43.2,38.6,25.9,82.4,58.7,64.8,50.1,53.29
2009-07-08,43.3,40.2,25.8,94.3,57.1,65.0,47.9,51.36
2009-07-09,44.2,42.0,29.5,92.8,55.8,65.2,47.5,48.47
2009-07-10,47.6,46.1,37.9,91.1,59.2,65.6,49.8,53.9
2009-07-13,45.0,43.5,36.7,84.5,52.9,68.8,47.2,46.17
2009-07-14,39.5,36.5,31.9,67.9,48.0,73.6,43.9,42.06
2009-07-15,38.3,34.5,38.1,54.5,47.5,74.6,43.9,44.77
2009-07-16,36.5,31.2,34.6,52.4,49.7,72.5,44.4,48.64
2009-07-17,36.3,30.7,35.4,50.0,48.9,71.6,44.6,48.61
2009-07-20,33.3,27.3,34.0,40.1,46.4,71.6,42.4,50.81
2009-07-21,32.3,26.0,33.4,37.0,45.5,71.6,41.8,50.65
2009-07-22,32.3,26.2,32.7,37.6,44.7,72.1,41.4,50.58
2009-07-23,35.5,27.7,32.5,38.7,47.4,87.9,47.2,53.94
2009-07-24,35.7,27.6,32.6,46.5,48.8,87.1,47.9,53.8
2009-07-27,33.9,26.2,34.1,42.4,47.9,79.8,45.4,53.48
2009-07-28,31.5,23.1,29.2,41.8,46.2,78.9,44.1,53.35
2009-07-29,30.6,22.2,24.9,45.3,45.1,77.9,43.3,53.27
2009-07-30,31.1,23.0,23.4,49.6,45.1,77.8,43.2,53.18
2009-07-31,34.9,24.9,30.9,48.7,54.4,76.5,49.8,53.1
2009-08-03,33.6,23.3,34.7,40.1,56.2,71.2,49.1,53.26
2009-08-04,32.0,21.1,33.3,37.0,56.5,68.6,48.3,53.24
2009-08-05,30.9,19.5,28.5,35.8,57.1,67.1,48.1,53.28
2009-08-06,35.4,24.7,31.3,47.5,57.1,80.8,51.5,53.42
2009-08-07,39.9,32.7,55.5,44.6,55.6,80.0,50.6,54.73
2009-08-10,41.8,33.8,55.7,42.9,57.9,77.5,53.7,56.76
2009-08-11,39.2,33.0,54.6,42.3,49.6,76.6,48.4,40.7
2009-08-12,43.0,33.9,57.1,41.5,62.8,77.7,56.6,61.76
2009-08-13,41.5,32.5,44.4,54.7,62.2,74.0,55.0,60.41
2009-08-14,41.9,32.7,40.9,53.5,65.4,72.0,55.8,60.12
2009-08-17,43.6,36.8,52.7,48.9,63.7,65.5,53.7,62.72
2009-08-18,48.1,44.2,52.1,66.3,64.4,64.4,53.9,61.76
2009-08-19,46.9,43.5,51.4,66.3,63.3,63.1,52.0,61.13
2009-08-20,46.9,43.2,50.8,66.3,62.9,65.4,52.5,59.57
2009-08-21,47.5,42.7,49.8,66.4,61.9,75.8,54.6,58.77
2009-08-24,46.4,41.0,46.3,65.5,58.8,80.9,54.4,55.87
2009-08-25,47.0,43.4,53.6,64.4,53.0,80.8,52.5,54.62
2009-08-26,51.5,50.0,59.1,80.1,55.1,80.4,53.7,52.87
2009-08-27,52.3,52.6,66.0,77.5,56.0,70.7,51.9,52.16
2009-08-28,54.5,55.3,66.6,84.3,55.4,70.4,53.2,51.42
2009-08-31,54.5,55.3,66.6,84.3,55.4,70.4,53.2,51.42
2009-09-01,56.5,57.9,71.1,88.3,55.3,74.2,54.5,47.69
2009-09-02,56.6,57.4,69.7,88.2,56.4,73.9,55.3,46.24
2009-09-03,56.8,58.4,71.4,88.1,55.2,72.4,54.3,44.65
2009-09-04,53.7,54.1,58.1,88.1,53.7,70.6,53.0,42.78
2009-09-08,47.7,50.2,55.6,82.3,47.4,48.6,43.9,29.9
2009-09-09,45.8,49.2,55.6,81.5,42.7,47.3,40.8,26.61
2009-09-10,42.2,41.8,42.7,80.7,43.2,46.0,42.7,28.87
2009-09-11,42.5,42.3,44.7,79.8,42.7,48.0,42.7,30.11
2009-09-14,42.8,40.8,43.7,76.7,41.3,61.1,45.7,29.28
2009-09-15,44.7,45.0,54.6,72.2,40.7,57.5,44.3,25.97
2009-09-16,44.0,44.7,49.5,82.9,40.3,53.3,42.9,25.49
2009-09-17,44.7,45.8,53.1,81.7,41.4,52.8,43.1,25.23
2009-09-18,44.3,45.4,52.7,80.3,40.9,52.2,42.7,24.93
2009-09-21,43.0,44.0,51.1,77.1,39.0,50.3,41.4,22.23
2009-09-22,41.9,42.9,50.8,76.6,37.9,49.2,40.5,21.76
2009-09-23,40.1,43.6,50.6,77.4,33.5,42.6,34.9,21.47
2009-09-24,37.8,42.0,52.6,68.7,29.7,39.9,31.4,20.72
2009-09-25,37.6,40.2,50.4,65.1,32.6,39.5,33.8,20.4
2009-09-28,37.8,41.7,51.2,63.7,29.5,36.9,31.9,19.14
2009-09-29,36.4,39.2,46.8,62.3,30.3,35.7,32.1,18.57
2009-09-30,34.7,38.9,48.5,61.3,24.2,35.2,28.3,18.15
2009-10-01,34.6,36.2,42.0,57.0,29.4,34.2,32.3,17.72
2009-10-02,32.0,32.1,30.0,55.5,28.9,33.4,31.8,17.51
2009-10-05,29.7,30.1,28.6,48.6,24.6,31.7,29.0,15.77
2009-10-06,27.3,28.1,26.9,48.8,21.3,31.1,26.1,14.95
2009-10-07,27.6,27.6,25.3,50.0,24.1,30.2,27.6,13.39
2009-10-08,27.4,28.9,26.8,50.1,24.4,29.4,25.1,10.66
2009-10-09,30.2,33.3,33.2,50.8,25.3,28.6,25.5,10.05
2009-10-12,29.5,33.3,31.2,55.2,23.6,25.8,23.7,11.11
2009-10-13,26.7,31.0,31.2,49.8,22.7,16.6,20.3,10.28
2009-10-14,28.8,32.6,35.3,48.9,29.5,15.1,23.1,20.09
2009-10-15,30.5,36.1,44.4,47.8,29.4,11.5,22.1,21.53
2009-10-16,30.4,35.2,43.7,46.7,29.1,16.5,23.1,21.06
2009-10-19,28.6,32.8,41.9,41.6,28.6,12.2,22.2,19.64
2009-10-20,27.7,31.8,40.8,39.8,27.6,12.6,21.6,18.34
2009-10-21,27.1,31.1,40.0,37.7,26.7,13.1,21.1,18.18
2009-10-22,27.5,30.2,37.7,40.8,30.7,15.5,23.4,25.37
2009-10-23,26.4,29.3,37.0,47.2,30.4,11.4,22.1,25.24
2009-10-26,24.1,27.0,34.8,43.1,27.6,10.0,19.7,24.7
2009-10-27,20.7,21.6,26.6,36.9,27.7,9.3,19.4,24.53
2009-10-28,20.1,21.3,22.6,41.3,26.3,8.8,18.2,24.37
2009-10-29,21.3,23.7,25.5,46.8,26.1,8.0,17.7,24.14
2009-10-30,25.1,25.4,29.2,43.2,37.9,7.1,24.7,23.9
2009-11-02,24.3,26.0,32.2,39.4,35.1,2.6,21.7,23.23
2009-11-03,22.2,24.0,29.3,36.9,33.9,-3.2,19.4,20.19
2009-11-04,20.4,22.0,23.5,36.3,31.7,-3.4,18.0,19.85
2009-11-05,20.7,22.4,24.3,35.2,32.4,-7.2,18.2,19.66
2009-11-06,12.4,10.6,0.7,33.7,32.1,-22.2,15.1,19.54
2009-11-09,12.5,10.5,0.5,35.5,30.5,-22.9,15.6,16.49
2009-11-10,9.1,7.0,2.0,26.1,28.7,-22.8,12.2,21.57
2009-11-11,10.0,7.6,1.7,25.1,30.7,-23.0,13.5,25.4
2009-11-12,11.9,7.6,1.4,23.8,37.2,-19.2,18.3,36.45
2009-11-13,6.1,-1.4,-17.0,19.4,33.7,-15.9,17.3,36.26
2009-11-16,6.7,0.5,-24.9,25.3,32.6,-18.1,16.0,35.42
2009-11-17,5.5,-1.3,-25.5,24.6,33.8,-22.1,15.6,31.52
2009-11-18,4.8,-1.2,-23.5,23.9,32.0,-24.5,13.7,31.4
2009-11-19,5.2,-0.8,-22.2,23.0,31.9,-24.2,14.1,31.25
2009-11-20,5.0,-1.6,-23.1,21.9,33.4,-23.7,15.0,32.74
2009-11-23,4.7,-4.7,-27.4,15.9,34.4,-3.8,18.7,32.3
2009-11-24,7.5,-0.9,-28.1,30.2,36.5,-5.7,20.1,32.13
2009-11-25,8.1,0.2,-24.8,28.9,33.7,1.9,19.9,32.03
2009-11-27,9.4,1.1,-24.7,26.4,37.7,1.9,21.9,32.09
2009-11-30,12.4,2.8,-21.4,25.3,44.2,-0.7,26.9,44.66
2009-12-01,12.6,1.0,-24.1,25.6,48.6,0.7,29.9,44.46
2009-12-02,13.9,1.9,-21.9,25.7,49.5,6.5,32.0,45.96
2009-12-03,12.9,0.4,-25.3,25.8,49.2,6.1,31.7,45.73
2009-12-04,21.8,14.0,3.7,25.9,52.4,5.4,33.5,45.5
2009-12-07,20.2,13.5,5.4,18.0,51.2,-5.4,30.2,44.47
2009-12-08,21.5,10.8,6.9,6.4,50.9,-6.2,37.5,43.9
2009-12-09,19.4,7.2,6.3,6.2,50.7,-7.3,37.7,43.57
2009-12-10,20.9,11.1,15.1,6.1,53.3,-23.3,35.6,36.03
2009-12-11,20.5,17.1,30.0,5.8,37.6,-24.6,25.5,12.87
2009-12-14,20.5,17.4,27.8,3.5,37.0,-25.6,25.1,13.28
2009-12-15,19.6,15.3,20.5,4.4,36.6,-21.8,26.1,21.14
2009-12-16,14.6,7.5,16.5,-18.7,36.4,-21.5,25.2,21.01
2009-12-17,15.5,7.3,17.1,-18.4,37.8,-21.0,27.9,20.93
2009-12-18,15.6,7.4,17.2,-17.8,37.7,-20.4,27.9,19.38
2009-12-21,16.5,8.0,17.6,-16.3,37.9,-16.4,29.2,19.1
2009-12-22,14.6,4.2,8.3,-14.8,40.4,-18.7,30.1,18.94
2009-12-23,12.7,1.5,4.5,-17.2,41.1,-23.8,29.5,18.66
2009-12-24,14.4,2.2,6.3,-17.1,40.2,-9.2,32.6,18.43
2009-12-28,14.4,2.2,6.3,-17.1,40.2,-9.2,32.6,18.43
2009-12-29,15.8,6.2,10.4,-8.6,36.9,-8.7,30.2,16.92
2009-12-30,16.4,6.2,16.1,-15.5,38.1,-5.0,31.8,16.53
2009-12-31,16.9,7.1,18.4,-15.5,37.8,-4.9,31.7,16.19
2010-01-04,20.4,8.3,19.9,-15.8,47.5,-3.9,38.5,14.66
2010-01-05,20.8,7.6,18.7,-15.8,47.7,2.2,40.5,14.33
2010-01-06,20.0,6.6,16.5,-15.8,47.8,0.9,40.2,12.79
2010-01-07,16.7,5.4,16.6,-17.7,36.6,1.5,33.7,11.88
2010-01-08,13.2,-0.4,5.2,-18.8,36.4,4.2,33.7,10.75
2010-01-11,11.9,-1.1,2.3,-18.4,31.6,5.6,31.4,28.2
2010-01-12,14.0,-3.4,-4.3,-18.7,36.5,27.6,40.1,36.77
2010-01-13,13.4,-3.5,-4.1,-19.0,36.0,26.8,38.8,36.45
2010-01-14,9.6,-9.2,-12.4,-19.4,35.3,24.2,37.7,34.92
2010-01-15,11.7,-5.5,-11.8,-8.2,34.7,24.3,37.5,34.49
2010-01-19,18.5,0.1,2.8,-16.2,48.8,25.7,46.1,31.24
2010-01-20,18.0,-0.5,2.7,-17.4,47.8,27.8,45.7,31.09
2010-01-21,14.9,-2.7,-2.4,-17.5,44.5,27.9,41.2,26.95
2010-01-22,15.9,-3.2,-2.0,-13.6,48.2,32.4,44.5,26.34
2010-01-25,16.5,-3.7,-0.7,-14.9,50.1,38.1,46.8,25.66
2010-01-26,17.1,-0.1,1.2,-0.8,43.4,38.4,43.0,25.41
2010-01-27,16.2,-0.9,-0.3,-0.4,41.5,38.9,41.8,29.52
2010-01-28,16.3,-0.7,-4.3,7.0,42.2,37.4,41.8,28.37
2010-01-29,25.7,9.4,14.8,10.3,55.8,38.1,50.1,28.11
2010-02-01,28.9,14.1,26.2,10.0,56.6,42.1,51.2,27.26
2010-02-02,29.5,14.9,28.3,9.8,56.2,44.5,51.3,27.45
2010-02-03,29.5,14.9,30.9,9.8,56.2,44.5,51.3,26.74
2010-02-04,27.4,10.8,28.6,1.5,55.3,50.9,52.2,25.87
2010-02-05,30.7,16.5,45.3,-5.3,56.5,56.2,52.1,24.85
2010-02-08,34.3,18.4,49.7,-5.4,57.0,57.3,58.1,21.62
2010-02-09,33.9,18.4,51.1,-5.6,55.9,56.0,57.1,25.39
2010-02-10,31.2,17.1,40.9,-5.7,48.2,55.4,52.3,13.1
2010-02-11,32.3,17.7,41.9,-6.5,47.9,59.5,54.3,13.14
2010-02-12,33.9,15.1,42.1,-13.7,60.9,58.6,62.0,36.26
2010-02-16,36.1,19.1,45.6,-9.4,59.1,62.8,61.6,38.95
2010-02-17,33.8,17.2,46.8,-9.7,55.0,60.0,58.7,38.51
2010-02-18,32.4,15.2,44.5,-13.2,53.0,59.6,58.3,40.34
2010-02-19,29.3,10.3,37.6,-16.9,52.6,59.2,57.8,40.09
2010-02-22,30.1,8.2,34.8,-19.6,58.8,67.6,63.0,39.03
2010-02-23,23.6,-1.3,23.7,-36.1,58.5,60.4,60.9,35.04
2010-02-24,23.9,-2.7,20.1,-35.9,63.5,60.5,63.7,34.55
2010-02-25,21.4,-2.6,19.4,-34.8,56.9,52.3,57.5,35.64
2010-02-26,20.3,-0.8,23.7,-45.0,50.7,46.5,51.9,27.3
2010-03-01,17.0,-3.4,16.1,-42.4,46.0,44.0,47.5,25.69
2010-03-02,16.7,-3.5,13.7,-41.3,45.6,44.4,47.0,26.11
2010-03-03,16.2,-3.8,12.9,-44.1,44.8,45.2,46.3,26.65
2010-03-04,15.1,-3.8,12.4,-42.6,43.1,39.4,43.4,27.19
2010-03-05,20.4,4.2,23.4,-31.2,44.8,43.6,44.8,27.91
2010-03-08,21.6,6.2,19.7,-27.1,50.7,46.2,44.6,31.78
2010-03-09,21.2,3.8,17.0,-26.5,51.1,47.9,47.4,34.5
2010-03-10,21.1,2.2,14.8,-25.8,54.5,47.4,49.4,50.54
2010-03-11,24.0,5.8,26.0,-25.0,56.8,53.1,51.4,57.25
2010-03-12,24.5,10.1,36.1,-24.0,55.2,36.7,46.0,54.92
2010-03-15,24.2,11.1,36.3,-17.5,53.4,33.7,43.9,52.21
2010-03-16,23.1,12.3,36.6,-16.0,52.3,20.3,39.2,52.0
2010-03-17,24.2,13.8,37.0,-16.1,53.1,19.4,39.7,46.08
2010-03-18,25.0,14.3,37.7,-16.1,55.5,19.5,41.1,45.68
2010-03-19,26.1,16.4,38.4,-16.0,54.8,19.2,40.7,39.72
2010-03-22,28.4,17.9,41.8,-16.0,62.3,15.4,44.1,38.56
2010-03-23,27.4,18.1,41.5,-13.1,60.0,6.0,41.3,38.13
2010-03-24,31.6,26.3,40.7,15.4,59.0,4.7,39.6,37.66
2010-03-25,31.1,24.8,40.8,5.4,60.0,6.0,40.6,38.08
2010-03-26,30.5,22.7,36.3,5.2,59.7,13.5,42.3,37.58
2010-03-29,29.0,22.8,34.5,7.9,54.9,10.7,38.4,35.91
2010-03-30,28.9,23.3,35.9,7.8,52.9,11.0,37.3,35.27
2010-03-31,26.1,21.4,33.8,7.7,43.7,10.3,33.1,34.61
2010-04-01,30.8,27.8,40.1,6.7,44.6,16.5,35.2,36.82
2010-04-05,30.8,27.8,40.1,6.7,44.6,16.5,35.2,36.82
2010-04-06,28.1,28.4,41.8,6.3,38.3,0.4,27.7,31.46
2010-04-07,28.3,29.3,43.4,7.8,36.9,-0.9,26.9,29.55
2010-04-08,25.9,25.5,42.1,3.3,35.2,-2.1,26.6,27.03
2010-04-09,24.6,24.7,42.2,2.9,32.3,-3.7,24.5,25.64
2010-04-12,22.1,24.7,43.1,1.2,23.9,-9.7,18.1,13.92
2010-04-13,21.4,23.6,40.1,0.1,23.8,-9.6,18.2,14.03
2010-04-14,21.1,21.9,37.7,-1.6,23.3,-0.2,19.8,18.72
2010-04-15,21.5,20.5,34.4,-1.6,28.8,-1.0,22.9,29.74
2010-04-16,22.1,20.9,28.0,9.3,29.4,1.4,23.9,29.6
2010-04-19,20.4,19.0,23.8,9.0,27.5,-0.6,22.6,30.78
2010-04-20,24.6,24.5,23.5,21.2,28.5,-1.3,24.7,31.08
2010-04-21,24.5,25.1,22.8,20.2,27.2,-2.3,23.5,30.7
2010-04-22,24.7,26.0,21.6,26.3,25.4,-0.6,22.8,30.29
2010-04-23,31.4,35.4,23.5,62.3,24.5,6.7,25.3,29.86
2010-04-26,29.2,32.5,19.7,57.5,24.0,5.4,24.3,27.76
2010-04-27,30.9,33.3,22.9,56.2,29.1,5.3,27.2,27.55
2010-04-28,28.6,32.4,19.2,57.7,26.6,-5.2,22.8,27.2
2010-04-29,29.4,34.1,18.3,63.5,26.2,-5.7,22.3,26.77
2010-04-30,31.3,34.5,20.3,64.2,33.7,-6.8,26.4,26.31
2010-05-03,31.3,34.5,20.3,64.2,33.7,-6.8,26.4,26.31
2010-05-04,32.1,36.3,17.1,76.0,33.9,-7.1,25.9,25.9
2010-05-05,30.6,35.1,13.2,78.0,33.2,-13.7,23.8,25.33
2010-05-06,32.5,39.3,13.4,89.4,32.6,-13.8,22.4,24.64
2010-05-07,34.9,44.0,11.5,99.7,29.6,-13.9,21.3,23.83
2010-05-10,33.8,44.4,14.7,100.3,30.1,-14.7,17.9,24.85
2010-05-11,33.6,45.0,14.4,100.7,28.5,-15.5,16.5,23.51
2010-05-12,40.0,52.2,14.4,111.6,21.8,7.2,21.8,15.83
2010-05-13,40.2,52.3,13.9,111.4,22.3,7.1,22.0,15.56
2010-05-14,39.8,52.1,14.3,111.2,21.7,6.8,21.4,2.0
2010-05-17,41.7,55.1,21.6,111.1,23.1,5.7,21.6,1.3
2010-05-18,42.2,54.9,22.8,110.1,21.4,16.2,23.1,1.1
2010-05-19,41.8,54.3,20.7,111.0,21.0,16.5,23.0,5.05
2010-05-20,42.0,51.0,19.2,108.2,25.8,29.7,28.6,5.2
2010-05-21,42.2,51.4,19.4,104.2,25.1,30.6,28.4,5.82
2010-05-24,45.8,52.3,20.5,108.2,36.6,34.1,36.1,6.87
2010-05-25,45.7,53.6,25.0,108.5,37.7,22.0,33.9,7.02
2010-05-26,47.3,54.6,30.3,106.9,42.4,23.5,36.3,7.91
2010-05-27,51.3,59.0,23.2,131.0,47.2,25.7,39.7,8.58
2010-05-28,50.8,57.6,21.7,130.2,46.6,31.1,40.6,8.3
2010-06-01,46.3,50.1,18.1,119.2,42.9,41.9,40.6,9.48
2010-06-02,44.9,48.5,15.8,117.1,41.0,41.6,39.4,8.98
2010-06-03,45.1,48.1,14.8,116.4,40.3,47.5,40.5,8.36
2010-06-04,43.1,45.8,8.2,115.8,36.2,47.8,39.0,7.61
2010-06-07,45.7,46.9,4.9,123.4,39.5,61.8,44.0,2.84
2010-06-08,45.2,45.5,2.6,123.3,38.9,70.2,44.8,5.8
2010-06-09,45.1,44.8,1.2,122.3,38.8,72.9,45.5,1.61
2010-06-10,50.8,47.2,3.2,121.2,55.5,73.5,56.2,30.54
2010-06-11,46.9,39.0,-14.2,120.1,65.8,59.3,58.8,48.55
2010-06-14,45.5,37.1,-13.6,116.1,64.2,60.5,58.0,50.55
2010-06-15,40.9,30.1,-12.1,93.1,63.2,60.2,57.2,50.82
2010-06-16,40.3,29.5,-10.8,91.7,63.0,58.5,56.6,48.74
2010-06-17,38.3,27.4,-15.9,90.1,59.6,58.4,54.7,52.86
2010-06-18,38.5,26.8,-15.8,88.2,59.4,50.5,56.0,54.09
2010-06-21,36.3,23.8,-15.1,78.5,58.8,49.2,55.1,53.13
2010-06-22,38.9,27.5,-14.9,90.3,61.2,47.3,56.0,52.7
2010-06-23,35.8,22.9,-20.6,87.9,60.2,46.9,55.2,52.4
2010-06-24,35.7,23.2,-20.0,88.1,61.0,44.3,54.4,50.26
2010-06-25,35.2,21.0,-24.3,87.1,64.0,46.4,56.6,49.93
2010-06-28,33.2,18.0,-24.8,79.5,64.7,44.4,55.9,48.64
2010-06-29,30.4,13.4,-36.4,80.5,64.8,43.5,55.8,47.93
2010-06-30,28.9,12.1,-35.9,79.5,61.8,43.1,54.0,47.68
2010-07-01,29.6,13.1,-43.6,75.3,68.0,29.8,54.3,41.19
2010-07-02,35.1,22.6,-19.9,74.2,67.4,30.2,53.9,40.93
2010-07-06,35.5,21.0,-21.1,70.1,65.9,49.7,57.2,39.77
2010-07-07,35.3,19.6,-20.8,66.1,65.7,49.0,58.8,39.34
2010-07-08,34.6,20.0,-20.1,71.4,62.2,48.2,56.4,39.66
2010-07-09,35.4,21.4,-19.6,69.7,61.7,47.2,56.3,39.94
2010-07-12,32.9,20.2,-17.2,63.1,52.4,51.9,51.9,23.11
2010-07-13,28.8,14.1,-26.0,53.5,52.3,48.3,50.9,19.86
2010-07-14,28.1,12.6,-25.3,49.7,53.1,47.8,51.3,19.77
2010-07-15,24.0,10.4,-28.5,47.2,41.6,47.3,44.4,1.82
2010-07-16,21.9,7.1,-33.5,44.3,41.0,47.8,44.0,1.68
2010-07-19,18.8,2.7,-34.1,32.4,39.1,45.6,42.9,1.96
2010-07-20,17.5,0.9,-35.0,27.3,38.5,44.8,42.3,1.85
2010-07-21,16.2,-1.0,-35.6,20.9,37.7,46.9,42.1,1.82
2010-07-22,17.6,1.7,-36.8,32.5,35.7,49.6,41.5,3.11
2010-07-23,27.9,18.2,-37.0,80.8,36.1,50.6,42.4,3.02
2010-07-26,26.0,16.4,-37.1,76.7,32.9,51.9,40.3,2.85
2010-07-27,26.2,16.3,-37.9,77.8,34.4,51.3,41.0,2.76
2010-07-28,24.3,14.2,-41.1,76.6,32.9,48.2,39.4,2.67
2010-07-29,25.8,17.0,-40.8,87.6,32.5,47.6,38.9,2.54
2010-07-30,25.7,16.0,-37.4,89.8,34.3,48.6,40.2,2.45
2010-08-02,24.2,14.8,-34.1,83.2,32.6,46.6,38.4,2.01
2010-08-03,23.0,13.2,-33.8,80.1,33.2,42.1,37.6,0.41
2010-08-04,22.4,13.4,-30.4,78.0,33.2,36.2,35.9,0.44
2010-08-05,23.2,14.1,-31.6,83.0,34.1,38.9,36.9,0.52
2010-08-06,21.4,11.1,-32.9,77.7,33.6,37.2,36.9,0.53
2010-08-09,19.0,8.2,-33.0,74.0,36.2,28.2,35.1,2.15
2010-08-10,19.2,7.9,-33.0,73.9,38.2,27.3,36.1,8.4
2010-08-11,12.2,-2.2,-55.0,73.7,30.3,32.5,33.7,2.85
2010-08-12,10.9,-2.5,-56.1,73.6,26.5,31.2,31.1,-2.64
2010-08-13,17.5,9.1,-57.4,115.1,25.9,29.6,30.2,-3.13
2010-08-16,13.6,4.5,-57.3,114.9,22.6,25.0,27.2,-8.12
2010-08-17,13.7,3.6,-53.2,105.2,23.2,29.9,28.8,-8.46
2010-08-18,13.2,3.4,-53.0,105.1,23.1,32.0,28.0,-9.27
2010-08-19,12.8,1.7,-59.0,104.1,25.2,32.5,29.4,-9.72
2010-08-20,12.4,1.2,-59.0,103.1,23.4,36.2,29.2,-10.1
2010-08-23,10.8,1.3,-59.5,103.3,18.6,31.0,25.1,-11.69
2010-08-24,9.6,0.2,-57.8,99.4,17.5,29.6,23.7,-12.37
2010-08-25,9.7,1.3,-64.3,111.3,17.2,23.9,22.4,-12.94
2010-08-26,9.0,1.7,-62.8,110.3,13.1,24.0,20.0,-13.15
2010-08-27,9.9,3.5,-59.6,110.3,12.8,23.0,19.5,-13.92
2010-08-30,10.7,5.3,-57.3,113.0,11.5,19.4,18.9,-16.77
2010-08-31,13.5,9.6,-53.1,117.2,14.4,14.9,19.4,-19.4
2010-09-01,14.0,12.6,-43.2,115.7,9.6,14.4,16.2,-20.48
2010-09-02,13.4,12.4,-42.3,114.9,7.7,13.7,14.9,-21.73
2010-09-03,15.1,13.0,-38.4,113.8,6.0,31.1,18.2,-17.35
2010-09-07,12.1,11.5,-33.4,103.6,-3.0,34.4,13.0,-30.49
2010-09-08,14.1,14.7,-30.3,100.0,-4.5,36.8,13.1,-32.99
2010-09-09,16.9,19.8,-17.3,100.4,-5.3,36.8,12.5,-32.74
2010-09-10,21.2,20.4,-16.9,101.1,12.0,36.9,22.3,-5.01
2010-09-13,23.3,22.0,-15.5,104.0,21.4,28.6,25.2,8.22
2010-09-14,21.0,17.5,-9.6,79.9,21.8,28.8,26.3,7.56
2010-09-15,22.0,19.4,-10.2,90.2,21.8,29.8,26.0,9.24
2010-09-16,21.9,20.0,-7.9,89.1,23.0,21.7,24.7,9.57
2010-09-17,21.1,17.3,-13.7,87.9,26.4,21.5,26.9,10.91
2010-09-20,20.2,17.6,-10.6,83.9,25.3,13.8,24.2,12.28
2010-09-21,20.2,17.8,-8.9,83.3,24.9,13.3,23.8,12.94
2010-09-22,19.8,16.3,-8.0,80.2,24.4,12.8,25.1,13.35
2010-09-23,20.5,15.6,-8.3,79.8,26.1,19.9,27.8,15.18
2010-09-24,20.7,16.6,-8.7,84.2,25.6,16.6,26.8,15.7
2010-09-27,23.6,18.4,-7.1,90.1,33.4,17.1,31.3,17.88
2010-09-28,21.1,14.1,-11.7,84.6,32.6,20.5,31.5,19.18
2010-09-29,24.2,19.6,-14.9,89.2,32.7,19.3,31.2,19.53
2010-09-30,24.7,20.6,-7.9,88.1,33.1,17.3,30.8,19.98
2010-10-01,25.1,20.4,-6.4,84.9,37.1,13.7,32.1,19.3
2010-10-04,25.7,20.5,-4.4,81.4,38.7,19.1,33.6,20.95
2010-10-05,26.3,21.8,-1.2,79.3,38.7,17.7,33.1,21.57
2010-10-06,28.2,24.4,-0.5,85.9,38.7,17.1,33.9,22.14
2010-10-07,28.7,26.3,0.8,89.8,34.8,16.5,32.4,22.59
2010-10-08,28.2,24.0,-2.8,88.7,34.9,15.5,34.4,25.38
2010-10-11,28.6,24.4,1.2,85.0,36.8,13.9,34.8,32.54
2010-10-12,27.4,24.2,2.2,82.9,28.1,28.9,32.1,17.09
2010-10-13,28.7,27.2,3.1,80.6,27.8,28.4,31.0,16.93
2010-10-14,26.6,23.5,-4.1,78.1,27.6,30.5,31.3,18.04
2010-10-15,26.4,23.3,-3.3,75.2,27.8,30.1,31.1,18.52
2010-10-18,23.6,18.5,-5.8,62.6,27.7,32.4,31.3,18.04
2010-10-19,22.0,16.6,-4.9,55.0,25.9,31.8,30.2,13.21
2010-10-20,20.6,13.8,-4.8,46.4,25.3,35.8,30.8,13.18
2010-10-21,21.1,15.0,-4.9,51.1,23.9,38.5,30.2,13.06
2010-10-22,22.7,18.9,-4.7,63.0,23.9,31.2,28.4,13.03
2010-10-25,21.6,18.4,-3.9,57.4,20.5,31.3,26.3,12.99
2010-10-26,21.6,19.8,-3.7,54.5,17.5,31.0,24.4,12.99
2010-10-27,22.1,21.9,-1.7,57.6,14.5,30.7,22.5,13.06
2010-10-28,22.5,23.0,-0.5,59.9,14.3,27.7,21.7,13.07
2010-10-29,19.7,21.3,1.7,59.1,6.8,28.2,17.3,13.12
2010-11-01,21.0,24.0,9.1,56.0,5.3,29.1,16.4,13.47
2010-11-02,21.1,24.1,10.0,54.5,5.9,28.1,16.5,13.45
2010-11-03,21.4,25.3,12.7,54.0,4.8,27.6,15.5,13.46
2010-11-04,20.5,24.5,12.8,52.7,4.6,23.8,14.4,11.83
2010-11-05,20.3,25.7,26.0,37.6,0.9,23.4,12.2,11.9
2010-11-08,20.6,25.5,32.6,26.3,4.2,20.6,13.2,13.29
2010-11-09,20.6,25.5,32.6,22.6,4.3,20.3,13.2,13.95
2010-11-10,20.7,25.1,36.1,16.3,6.3,19.9,14.2,16.81
2010-11-11,19.5,25.3,35.9,16.5,3.0,17.0,10.9,12.6
2010-11-12,18.6,24.4,36.0,12.1,-1.3,20.5,9.9,3.05
2010-11-15,16.4,22.0,28.5,13.2,-3.5,17.8,8.1,2.66
2010-11-16,21.6,29.4,29.2,36.7,-3.7,25.9,10.0,3.79
2010-11-17,20.5,27.5,24.1,36.0,-3.9,25.6,10.1,3.43
2010-11-18,22.2,29.8,29.9,35.1,-2.2,25.2,10.9,2.31
2010-11-19,21.6,29.3,29.7,34.0,-2.3,27.2,10.1,1.9
2010-11-22,19.8,28.8,29.7,32.8,-2.8,14.6,6.4,0.45
2010-11-23,19.3,28.7,30.4,29.9,-1.6,13.1,5.2,-0.17
2010-11-24,21.8,33.1,25.9,51.1,-1.9,12.8,4.9,-0.67
2010-11-26,19.8,32.5,24.1,52.0,-6.9,6.9,0.7,-1.9
2010-11-29,18.0,30.9,19.4,51.8,-7.9,2.8,-1.3,-4.45
2010-11-30,22.2,34.0,22.4,52.1,-2.0,2.3,4.6,0.12
2010-12-01,21.8,33.2,21.7,48.9,-0.8,-0.4,4.6,-1.72
2010-12-02,21.1,32.7,20.6,49.4,-1.4,-2.0,3.7,-3.59
2010-12-03,14.7,23.0,-9.6,50.1,-1.5,-7.3,2.3,-4.78
2010-12-06,12.5,21.9,-12.1,53.3,-5.5,-11.7,-1.5,-10.38
2010-12-07,11.2,21.0,-14.1,52.5,-6.4,-11.1,-3.6,-13.58
2010-12-08,12.7,23.0,-14.1,60.5,-10.0,-10.4,-2.7,-18.92
2010-12-09,13.5,24.5,-14.0,60.8,-10.9,-10.3,-3.1,-21.24
2010-12-10,21.5,30.7,1.7,61.3,8.3,-9.0,7.7,10.14
2010-12-13,21.8,30.8,1.4,62.2,14.1,-17.9,8.4,19.44
2010-12-14,23.2,34.8,11.0,62.3,13.5,-26.5,5.8,15.09
2010-12-15,24.9,38.9,14.3,61.8,12.6,-31.2,3.9,15.65
2010-12-16,25.6,40.2,17.8,61.3,12.5,-31.5,3.7,15.72
2010-12-17,27.1,43.5,17.7,72.9,9.6,-28.9,2.5,18.06
2010-12-20,25.2,41.4,17.4,66.7,9.0,-31.4,0.8,18.21
2010-12-21,24.6,40.8,17.6,65.5,8.6,-32.3,0.3,18.21
2010-12-22,23.7,38.2,14.3,64.0,11.3,-30.2,1.9,18.4
2010-12-23,24.6,38.7,12.5,70.0,15.4,-33.2,3.4,18.6
2010-12-27,22.0,35.4,11.9,65.7,13.9,-35.1,1.8,19.59
2010-12-28,21.2,33.4,6.5,65.2,15.8,-35.5,2.8,19.91
2010-12-29,21.3,33.8,6.3,67.5,15.6,-35.8,2.5,20.37
2010-12-30,23.2,37.6,14.7,69.1,14.3,-35.3,1.7,20.66
2010-12-31,23.0,37.4,14.6,68.1,14.7,-36.3,1.5,20.98
2011-01-03,23.7,35.3,14.6,63.4,25.0,-38.6,6.4,22.25
2011-01-04,23.8,35.2,14.9,62.1,26.1,-39.1,6.6,22.81
2011-01-05,25.5,36.7,18.9,61.6,26.8,-32.4,8.6,24.74
2011-01-06,27.3,39.7,18.9,76.1,27.4,-33.2,8.8,25.58
2011-01-07,31.9,45.2,35.1,71.3,27.9,-34.5,12.0,26.74
2011-01-10,29.8,43.4,35.8,69.3,23.4,-38.9,9.3,21.35
2011-01-11,31.4,43.3,36.7,68.6,23.5,-27.7,13.5,21.21
2011-01-12,28.2,42.7,36.4,67.8,11.2,-26.2,6.5,4.32
2011-01-13,28.2,42.6,40.2,66.9,11.4,-26.0,6.6,4.49
2011-01-14,27.0,40.6,36.2,65.9,11.6,-25.9,6.7,4.11
2011-01-18,31.7,45.9,40.6,73.1,13.8,-16.7,10.3,5.18
2011-01-19,31.0,44.4,39.5,70.6,14.1,-15.4,11.0,5.17
2011-01-20,31.8,43.7,39.2,69.2,19.4,-15.1,14.0,12.05
2011-01-21,33.5,45.3,38.6,73.4,20.1,-9.1,15.9,11.5
2011-01-24,33.5,43.1,35.7,70.9,25.2,-8.1,19.1,11.24
2011-01-25,32.1,41.4,42.2,71.4,23.8,-7.5,18.2,11.27
2011-01-26,32.6,41.9,42.8,71.2,25.4,-10.9,18.6,11.24
2011-01-27,30.2,38.2,33.4,71.9,25.4,-12.5,18.2,8.87
2011-01-28,27.7,34.9,28.2,70.0,23.4,-12.2,17.0,8.94
2011-01-31,27.9,34.3,28.7,66.5,25.4,-11.9,18.2,9.31
2011-02-01,30.5,34.7,40.4,52.1,35.3,-11.7,24.2,9.57
2011-02-02,30.4,35.8,42.0,53.8,37.1,-23.8,22.2,3.67
2011-02-03,31.9,38.5,46.8,53.5,36.8,-23.6,22.0,3.79
2011-02-04,36.8,46.2,64.1,53.3,36.5,-20.7,22.6,3.91
2011-02-07,33.8,42.8,63.2,45.7,35.6,-23.4,20.3,4.54
2011-02-08,33.0,40.4,63.4,38.0,36.0,-23.2,22.0,5.76
2011-02-09,32.4,39.4,63.6,37.3,36.2,-23.7,21.9,6.9
2011-02-10,31.5,39.0,66.6,39.2,36.0,-23.6,20.3,15.05
2011-02-11,31.2,38.3,67.1,37.5,35.2,-20.1,20.6,12.85
2011-02-14,35.0,37.5,68.4,30.9,52.4,-19.1,31.2,38.0
2011-02-15,32.2,33.8,67.4,20.2,51.9,-22.9,29.7,36.33
2011-02-16,30.4,30.7,63.9,19.5,51.5,-22.1,30.0,35.9
2011-02-17,32.8,33.8,72.1,21.2,52.9,-20.7,31.2,28.57
2011-02-18,33.0,33.7,72.0,15.8,52.9,-18.7,32.0,28.13
2011-02-22,36.0,36.0,76.6,17.9,53.8,-5.8,36.0,25.88
2011-02-23,35.8,36.4,77.2,18.4,54.3,-6.3,34.8,25.13
2011-02-24,37.1,36.5,77.1,19.5,60.2,-6.6,38.1,23.91
2011-02-25,34.4,31.8,70.2,14.6,59.3,-2.3,38.4,22.98
2011-02-28,29.8,27.3,74.5,6.0,53.0,-4.0,33.5,16.36
2011-03-01,32.0,30.8,77.3,5.8,52.9,-2.7,33.7,15.73
2011-03-02,33.7,33.3,83.6,5.7,51.9,2.9,34.4,16.87
2011-03-03,34.9,34.1,86.1,6.5,55.6,1.1,36.2,14.61
2011-03-04,38.2,39.8,97.5,6.3,54.0,4.1,35.9,13.48
2011-03-07,37.1,37.3,93.2,5.1,53.2,11.8,36.9,8.29
2011-03-08,38.2,36.7,91.2,7.2,51.0,12.7,40.4,5.35
2011-03-09,37.7,37.2,88.4,8.3,47.4,13.6,38.5,0.19
2011-03-10,26.9,31.2,74.9,8.2,17.3,14.9,20.5,-40.28
2011-03-11,24.1,28.0,68.3,7.6,10.9,16.7,18.3,-51.27
2011-03-14,22.9,24.3,63.5,4.2,9.6,30.4,20.8,-51.53
2011-03-15,22.2,23.0,62.6,0.8,9.8,31.4,21.1,-50.76
2011-03-16,22.3,20.7,60.2,-9.6,13.2,36.2,24.8,-53.05
2011-03-17,23.7,22.7,63.8,-9.8,13.7,36.0,25.3,-52.78
2011-03-18,23.6,22.4,63.3,-9.9,13.2,37.9,25.4,-48.56
2011-03-21,22.5,21.6,61.6,-11.4,11.0,36.7,23.9,-47.69
2011-03-22,22.7,21.1,61.0,-12.8,12.9,36.8,25.0,-47.41
2011-03-23,21.7,20.1,57.8,-12.3,10.6,34.0,24.0,-47.07
2011-03-24,23.0,19.6,53.8,-6.9,18.6,31.2,28.0,-47.05
2011-03-25,24.4,22.0,54.2,0.3,18.2,32.4,27.9,-46.7
2011-03-28,21.4,19.6,50.3,-1.9,13.2,30.7,24.2,-45.55
2011-03-29,22.2,21.1,46.1,1.5,13.2,30.0,23.8,-45.08
2011-03-30,22.0,21.6,44.4,1.6,13.0,26.8,22.7,-44.62
2011-03-31,21.0,21.1,42.9,0.6,7.6,26.6,20.9,-44.12
2011-04-01,26.3,25.0,51.5,-0.1,17.2,33.8,28.3,-41.55
2011-04-04,23.2,20.8,43.1,-3.3,16.7,30.0,26.8,-39.86
2011-04-05,21.8,18.7,37.1,-5.7,17.5,28.0,26.4,-39.0
2011-04-06,22.3,20.0,34.6,0.5,18.0,27.3,25.7,-37.91
2011-04-07,24.2,21.8,34.5,4.7,18.6,26.4,27.7,-36.69
2011-04-08,23.3,20.5,34.1,4.2,19.5,25.3,27.4,-35.07
2011-04-11,24.4,19.2,32.8,2.4,32.3,15.3,32.1,-14.05
2011-04-12,21.6,15.2,28.5,-2.7,31.3,13.8,31.1,-14.59
2011-04-13,20.8,14.5,29.6,-3.0,30.9,13.4,30.2,-14.59
2011-04-14,19.4,12.5,25.8,-3.4,30.4,12.7,29.7,-14.67
2011-04-15,23.7,16.3,23.0,13.3,41.2,7.7,34.9,2.65
2011-04-18,22.0,14.1,20.2,10.8,40.3,5.9,33.8,1.7
2011-04-19,22.2,15.0,19.9,10.0,40.7,7.3,32.9,5.55
2011-04-20,22.8,15.4,19.8,9.7,40.2,13.5,33.8,5.77
2011-04-21,21.3,13.1,11.6,9.0,39.7,13.8,33.6,5.96
2011-04-25,22.2,14.0,10.2,10.0,40.8,16.2,34.6,6.95
2011-04-26,22.4,14.7,12.1,10.4,39.9,15.6,33.9,7.42
2011-04-27,22.2,14.4,11.7,11.3,39.4,15.9,33.9,7.6
2011-04-28,15.6,2.6,3.5,7.4,38.0,23.7,35.0,7.83
2011-04-29,11.2,-3.8,1.0,-8.9,35.3,25.2,33.7,8.11
2011-05-02,9.1,-5.9,-4.2,-7.2,30.6,28.5,31.7,4.42
2011-05-03,9.0,-7.4,-6.7,-6.7,33.1,29.9,33.5,4.99
2011-05-04,4.4,-13.4,-20.3,-6.0,33.7,18.4,31.0,4.64
2011-05-05,-0.1,-20.3,-26.7,-18.8,32.2,19.4,30.3,4.21
2011-05-06,-0.4,-20.3,-31.3,-16.9,32.5,19.4,29.4,3.76
2011-05-09,-0.4,-19.3,-32.1,-14.1,32.7,19.0,28.0,1.46
2011-05-10,-1.3,-20.5,-32.6,-20.4,31.8,18.6,27.5,3.27
2011-05-11,-3.4,-22.2,-35.3,-19.9,26.7,18.0,24.7,-2.41
2011-05-12,-3.3,-23.7,-35.8,-19.4,34.5,10.4,27.4,11.33
2011-05-13,2.9,-14.6,-34.4,9.3,37.4,10.4,29.1,9.84
2011-05-16,4.0,-9.8,-38.3,20.3,31.3,10.6,24.8,7.99
2011-05-17,2.6,-10.6,-43.8,18.3,27.9,10.1,22.4,5.44
2011-05-18,1.9,-11.2,-43.9,18.7,26.9,9.6,21.6,4.65
2011-05-19,-3.1,-16.1,-49.0,18.4,24.1,-4.9,16.3,4.97
2011-05-20,-3.2,-16.2,-49.1,23.1,23.6,-2.7,16.3,5.78
2011-05-23,-5.1,-16.6,-49.8,22.8,18.8,-7.3,12.2,7.19
2011-05-24,-4.8,-15.4,-48.0,24.6,17.8,-7.4,11.1,7.78
2011-05-25,-4.6,-15.4,-48.9,25.6,17.8,-8.2,11.5,8.3
2011-05-26,-9.8,-19.9,-57.9,23.1,9.7,-12.6,5.4,9.0
2011-05-27,-10.8,-20.8,-57.2,16.5,8.1,-12.8,4.3,9.75
2011-05-31,-16.1,-27.1,-71.4,14.7,6.7,-22.2,0.5,5.45
2011-06-01,-21.8,-36.1,-91.3,14.5,6.1,-23.0,-0.3,8.71
2011-06-02,-21.7,-35.9,-90.9,14.4,6.6,-23.6,-0.4,9.91
2011-06-03,-28.6,-46.9,-117.2,14.2,7.2,-26.7,-1.1,11.4
2011-06-06,-28.1,-45.5,-112.7,13.7,11.7,-31.6,-2.0,19.0
2011-06-07,-26.0,-43.5,-109.9,16.1,15.7,-32.1,0.3,24.78
2011-06-08,-26.1,-43.1,-108.7,12.8,16.7,-32.7,-0.6,25.89
2011-06-09,-27.3,-42.2,-98.2,12.9,13.2,-33.5,-4.9,25.6
2011-06-10,-29.7,-44.1,-97.8,9.8,11.1,-40.5,-8.0,18.05
2011-06-13,-32.1,-45.6,-96.6,9.4,10.0,-52.1,-11.8,17.31
2011-06-14,-31.8,-45.4,-95.4,8.9,10.0,-52.2,-11.3,23.77
2011-06-15,-32.7,-47.6,-97.7,8.3,10.2,-52.2,-10.4,22.92
2011-06-16,-35.8,-53.0,-101.1,-1.0,9.7,-49.5,-10.1,22.52
2011-06-17,-36.1,-53.6,-101.9,-1.8,10.0,-49.2,-9.8,22.22
2011-06-20,-36.8,-53.7,-99.5,-5.0,7.9,-48.6,-11.4,21.43
2011-06-21,-39.0,-57.0,-98.7,-14.8,6.6,-48.3,-12.1,22.73
2011-06-22,-38.7,-56.0,-98.5,-11.1,3.7,-43.3,-12.7,22.38
2011-06-23,-39.2,-56.4,-98.9,-11.4,5.0,-49.5,-13.5,22.05
2011-06-24,-37.9,-53.5,-97.9,-2.7,3.9,-48.3,-14.4,21.67
2011-06-27,-38.7,-54.6,-96.9,-4.5,3.5,-47.9,-14.9,20.44
2011-06-28,-39.0,-56.0,-99.4,-5.7,6.5,-48.4,-13.4,20.01
2011-06-29,-38.4,-54.9,-100.2,-5.9,5.0,-46.4,-13.7,19.66
2011-06-30,-36.1,-52.5,-93.6,-9.3,6.7,-46.4,-11.5,19.01
2011-07-01,-34.9,-49.6,-85.2,-9.8,3.8,-44.5,-12.9,15.15
2011-07-05,-33.9,-48.9,-81.3,-13.1,1.4,-31.0,-11.4,11.27
2011-07-06,-32.1,-45.9,-81.3,-5.9,1.0,-30.5,-11.4,9.85
2011-07-07,-31.0,-41.4,-73.7,-4.3,-4.0,-29.9,-15.3,7.92
2011-07-08,-34.0,-47.2,-91.4,-4.2,-6.0,-29.1,-14.2,4.9
2011-07-11,-32.4,-43.6,-87.8,0.6,-9.8,-27.3,-15.6,1.93
2011-07-12,-38.6,-50.7,-99.1,-0.7,-19.8,-19.9,-20.5,-13.43
2011-07-13,-35.9,-51.1,-98.0,-3.0,-7.8,-19.3,-13.0,3.23
2011-07-14,-33.6,-47.2,-96.1,6.0,-8.0,-19.4,-13.1,3.09
2011-07-15,-34.1,-48.7,-99.9,6.4,-8.1,-19.6,-12.3,3.95
2011-07-18,-33.5,-47.4,-98.0,7.9,-9.7,-19.2,-12.6,2.88
2011-07-19,-34.1,-46.8,-94.7,5.0,-9.9,-20.0,-15.1,2.54
2011-07-20,-35.4,-47.0,-94.4,2.9,-10.3,-25.9,-18.0,2.57
2011-07-21,-35.5,-45.9,-93.8,3.5,-10.3,-33.2,-19.8,2.63
2011-07-22,-37.2,-48.8,-92.8,-5.3,-10.3,-33.0,-19.7,2.69
2011-07-25,-34.9,-44.4,-89.0,-1.8,-12.1,-32.7,-20.6,2.95
2011-07-26,-32.3,-40.4,-83.8,0.5,-11.7,-33.3,-20.2,3.06
2011-07-27,-33.1,-41.7,-86.2,-1.2,-12.2,-32.9,-20.3,3.26
2011-07-28,-31.7,-40.7,-83.2,-4.0,-7.9,-34.9,-18.2,3.6
2011-07-29,-34.3,-45.1,-91.4,-3.0,-8.5,-34.0,-18.2,4.3
2011-08-01,-31.5,-45.2,-92.6,-1.5,1.7,-30.6,-10.9,6.45
2011-08-02,-31.2,-43.8,-90.4,-1.5,1.7,-37.1,-12.4,2.88
2011-08-03,-30.9,-43.3,-89.4,-0.7,1.0,-36.4,-12.4,2.62
2011-08-04,-28.4,-40.6,-88.0,5.9,1.7,-25.7,-10.1,2.3
2011-08-05,-27.5,-38.6,-76.1,0.2,1.4,-23.4,-10.9,1.92
2011-08-08,-26.9,-38.1,-72.5,-3.0,4.5,-20.4,-10.1,0.27
2011-08-09,-29.0,-39.2,-71.5,-5.7,-2.4,-18.7,-13.8,-9.54
2011-08-10,-28.6,-40.4,-70.5,-14.4,2.0,-18.0,-10.9,-3.97
2011-08-11,-29.7,-42.7,-78.8,-14.8,2.7,-17.2,-10.3,-6.2
2011-08-12,-28.2,-43.2,-79.1,-15.4,10.1,-16.5,-5.6,7.82
2011-08-15,-25.9,-41.2,-79.2,-16.2,12.7,-13.0,-2.9,9.24
2011-08-16,-27.5,-43.3,-74.1,-33.3,13.5,-13.9,-3.7,9.3
2011-08-17,-33.3,-53.0,-72.9,-66.4,13.0,-13.3,-3.8,8.35
2011-08-18,-35.5,-57.5,-83.9,-65.9,15.3,-10.5,-2.6,8.47
2011-08-19,-35.8,-56.6,-82.5,-65.3,16.0,-20.1,-4.6,8.57
2011-08-22,-33.1,-53.3,-76.6,-63.1,17.1,-15.6,-2.7,8.95
2011-08-23,-36.5,-59.5,-74.5,-86.0,17.7,-14.5,-2.0,9.14
2011-08-24,-38.4,-62.6,-69.7,-103.4,18.1,-13.9,-2.2,9.33
2011-08-25,-37.5,-61.8,-68.7,-102.9,15.7,-3.6,-1.0,10.56
2011-08-26,-38.2,-61.8,-67.8,-104.2,12.2,-2.8,-2.8,10.94
2011-08-29,-34.3,-55.3,-55.0,-102.3,15.3,0.1,-2.8,10.94
2011-08-30,-35.0,-58.1,-59.6,-102.9,15.8,-2.0,-0.4,12.89
2011-08-31,-34.7,-55.4,-53.1,-103.3,11.1,-4.7,-3.7,11.69
2011-09-01,-32.9,-53.3,-48.1,-102.8,12.6,-3.6,-2.4,11.2
2011-09-02,-35.2,-57.0,-57.7,-102.3,12.6,-3.1,-2.4,10.41
2011-09-06,-34.6,-56.5,-55.1,-103.1,11.6,-2.2,-1.8,11.22
2011-09-07,-30.9,-50.7,-54.7,-87.7,11.7,-1.1,-1.3,11.98
2011-09-08,-31.3,-48.5,-42.3,-91.7,8.1,-0.7,-5.6,11.57
2011-09-09,-31.2,-48.0,-41.8,-86.9,3.3,-0.1,-5.9,2.35
2011-09-12,-32.5,-47.5,-39.5,-90.4,-3.6,-5.0,-9.9,-8.94
2011-09-13,-31.3,-46.4,-38.5,-88.8,-3.1,-1.6,-8.7,-7.25
2011-09-14,-31.0,-45.9,-39.4,-88.6,-3.2,-1.6,-8.7,-7.32
2011-09-15,-31.3,-46.5,-42.2,-88.4,-2.7,-1.8,-8.4,-6.41
2011-09-16,-29.9,-46.7,-43.1,-88.2,-2.7,5.8,-4.8,-6.49
2011-09-19,-28.3,-46.2,-42.2,-88.2,0.5,4.7,-1.5,-1.26
2011-09-20,-27.0,-45.8,-42.3,-86.5,4.6,5.4,1.2,-1.23
2011-09-21,-26.7,-45.1,-41.0,-87.5,4.6,3.3,0.9,-1.22
2011-09-22,-27.1,-46.2,-41.0,-89.1,5.4,4.0,1.5,-0.7
2011-09-23,-27.7,-46.5,-40.8,-90.2,4.9,-0.4,0.5,-0.67
2011-09-26,-26.4,-44.1,-40.4,-80.6,5.3,-2.3,0.1,-0.4
2011-09-27,-25.5,-42.3,-41.8,-72.6,4.9,-2.9,-0.4,-0.18
2011-09-28,-26.4,-44.6,-42.0,-80.0,7.0,-3.3,0.8,0.24
2011-09-29,-26.1,-44.3,-36.5,-85.1,7.0,-2.3,1.1,0.15
2011-09-30,-22.5,-38.3,-29.5,-81.4,5.0,-2.2,1.1,0.15
2011-10-03,-21.1,-36.8,-23.3,-82.9,9.5,-4.2,2.4,0.39
2011-10-04,-21.2,-35.9,-21.9,-82.8,9.5,-11.0,0.8,-0.57
2011-10-05,-19.9,-33.4,-16.6,-82.6,9.5,-11.8,0.4,-0.62
2011-10-06,-20.2,-33.9,-14.7,-86.8,9.4,-11.9,0.4,-0.62
2011-10-07,-16.8,-28.1,-7.5,-82.7,10.4,-12.1,0.2,-0.85
2011-10-10,-13.7,-21.3,-3.1,-69.0,8.1,-13.1,-2.3,-3.77
2011-10-11,-13.2,-20.6,-2.5,-69.3,9.7,-17.0,-2.2,-0.16
2011-10-12,-11.3,-17.7,-1.5,-68.2,6.9,-18.4,-1.7,-3.07
2011-10-13,-10.9,-16.5,-0.6,-67.0,3.3,-17.8,-2.6,-7.95
2011-10-14,-8.3,-12.2,2.2,-57.4,2.9,-17.0,-2.4,-7.93
2011-10-17,-8.6,-13.1,2.0,-60.2,0.5,-13.2,-1.8,-9.97
2011-10-18,-4.7,-8.8,10.6,-62.9,4.6,-10.0,1.5,-5.96
2011-10-19,-4.0,-8.8,8.5,-60.6,4.3,-9.9,3.3,-3.81
2011-10-20,-1.4,-5.3,14.4,-59.4,4.1,-4.7,4.5,-3.81
2011-10-21,-0.6,-4.8,14.8,-58.1,3.8,-1.1,5.7,-3.81
2011-10-24,0.6,-2.6,17.0,-54.1,2.6,-0.4,5.3,-3.89
2011-10-25,-1.7,-4.4,11.9,-52.9,-3.0,0.1,2.3,-3.97
2011-10-26,-0.8,-2.8,14.9,-52.1,-3.5,0.2,2.1,-3.99
2011-10-27,-0.8,-0.8,15.2,-44.8,-4.3,-1.7,1.3,-5.02
2011-10-28,-1.7,-3.5,17.8,-51.4,-5.4,-0.5,1.0,-5.09
2011-10-31,-1.7,-4.6,18.0,-50.1,-3.6,-0.9,2.6,-4.88
2011-11-01,-4.3,-5.2,14.5,-49.4,-11.8,-5.2,-3.0,-14.55
2011-11-02,-3.9,-4.7,14.0,-47.2,-11.9,-5.3,-2.8,-14.58
2011-11-03,-4.5,-4.8,13.6,-45.7,-14.3,-5.2,-4.1,-14.63
2011-11-04,-6.3,-8.6,18.7,-57.6,-13.2,-3.4,-2.8,-14.64
2011-11-07,-5.3,-8.3,21.6,-58.2,-11.9,-0.1,-0.9,-15.57
2011-11-08,-4.2,-6.9,23.6,-55.9,-12.3,0.1,-0.2,-16.25
2011-11-09,-3.6,-5.6,24.3,-53.4,-14.9,0.4,-0.7,-20.74
2011-11-10,-3.0,-4.5,31.8,-57.9,-15.9,2.5,-0.7,-19.76
2011-11-11,-0.5,-2.7,34.3,-54.2,-19.8,6.9,2.8,-26.92
2011-11-14,3.8,3.7,36.5,-36.6,-18.9,8.1,4.0,-27.72
2011-11-15,3.9,4.3,44.6,-45.6,-19.3,5.3,3.4,-27.56
2011-11-16,6.2,7.5,49.9,-43.9,-18.8,6.8,4.3,-27.25
2011-11-17,6.3,9.0,49.1,-41.8,-21.8,6.3,2.3,-27.09
2011-11-18,7.4,9.9,48.9,-39.3,-19.2,5.7,3.7,-26.78
2011-11-21,9.1,13.7,48.9,-27.1,-19.4,2.1,2.3,-26.28
2011-11-22,9.6,11.0,40.8,-25.6,-18.5,21.1,7.5,-26.18
2011-11-23,10.1,11.3,41.1,-25.2,-18.5,24.8,8.4,-25.93
2011-11-25,15.6,14.8,41.1,-14.4,-10.7,38.2,16.8,-24.88
2011-11-28,12.5,13.7,40.5,-18.5,-20.8,39.6,10.8,-23.6
2011-11-29,14.3,17.5,51.4,-18.5,-20.8,35.1,9.6,-23.14
2011-11-30,18.3,22.8,61.8,-22.2,-19.1,35.8,11.6,-22.67
2011-12-01,17.8,22.3,61.9,-22.4,-19.7,35.7,11.1,-27.11
2011-12-02,22.8,31.0,85.7,-22.7,-19.2,32.9,10.6,-27.95
2011-12-05,20.0,27.6,77.2,-25.2,-18.0,23.2,8.5,-26.04
2011-12-06,22.0,31.5,75.1,-11.7,-17.1,18.2,7.8,-27.48
2011-12-07,22.1,31.7,74.9,-11.5,-16.4,18.1,7.6,-25.9
2011-12-08,20.4,29.9,76.1,-11.2,-18.7,18.0,6.1,-25.76
2011-12-09,21.4,31.1,78.0,-13.1,-16.8,17.9,6.9,-26.45
2011-12-12,18.9,30.7,77.8,-12.4,-25.3,11.9,1.3,-37.59
2011-12-13,18.1,30.4,75.0,-9.8,-25.5,7.1,-0.3,-39.59
2011-12-14,18.1,30.7,74.7,-9.9,-26.1,7.3,-0.9,-39.7
2011-12-15,17.5,30.2,71.9,-10.0,-25.4,3.3,-1.5,-39.54
2011-12-16,18.6,32.0,75.5,-8.7,-25.1,3.5,-1.6,-39.91
2011-12-19,17.6,30.7,73.4,-9.2,-27.7,4.3,-2.0,-40.33
2011-12-20,19.4,34.0,73.9,1.1,-27.8,2.7,-2.5,-39.26
2011-12-21,18.7,32.9,70.5,0.4,-27.8,3.3,-2.5,-39.1
2011-12-22,19.6,32.8,69.4,-0.1,-28.1,10.7,-0.2,-36.51
2011-12-23,18.8,33.0,71.2,-0.9,-31.7,10.6,-2.5,-36.29
2011-12-27,18.5,32.8,71.2,-0.9,-31.8,10.1,-3.0,-35.57
2011-12-28,14.5,27.9,69.5,-1.6,-36.0,9.7,-5.7,-35.41
2011-12-29,12.8,25.6,69.4,-8.8,-37.9,11.5,-6.5,-35.26
2011-12-30,12.5,25.0,68.5,-8.8,-37.7,11.9,-6.3,-35.01
2012-01-03,14.6,23.3,65.0,-8.7,-24.7,13.6,1.6,-26.87
2012-01-04,13.7,21.5,63.6,-10.9,-24.1,13.5,1.9,-26.64
2012-01-05,16.6,26.3,73.4,-11.1,-23.8,13.1,2.0,-26.63
2012-01-06,19.7,31.0,91.9,-19.6,-23.5,7.4,2.7,-26.42
2012-01-09,17.5,28.7,89.7,-21.0,-23.2,8.0,0.7,-25.02
2012-01-10,17.3,29.2,88.8,-18.0,-24.8,7.6,-0.6,-24.14
2012-01-11,16.1,28.5,87.8,-18.8,-26.0,3.8,-2.5,-24.03
2012-01-12,17.1,24.5,77.4,-18.3,-15.8,11.7,6.0,-3.08
2012-01-13,15.9,22.5,72.4,-17.8,-15.7,11.1,6.0,-0.55
2012-01-17,24.2,34.6,68.9,20.2,-8.8,9.9,8.7,8.33
2012-01-18,24.6,35.4,69.9,20.5,-8.5,9.2,8.5,8.63
2012-01-19,26.2,35.4,71.6,20.9,-6.6,15.1,12.4,8.95
2012-01-20,25.4,34.3,71.2,21.3,-7.2,15.1,12.0,9.28
2012-01-23,25.4,33.9,70.6,18.8,-5.5,14.8,12.6,10.55
2012-01-24,25.6,34.2,69.9,19.1,-5.2,14.8,12.6,10.91
2012-01-25,27.0,36.3,69.0,27.1,-4.9,14.5,13.0,11.42
2012-01-26,28.1,36.5,68.6,27.8,-2.6,20.1,15.6,16.62
2012-01-27,25.9,32.1,65.4,16.3,-0.2,19.9,16.6,17.38
2012-01-30,26.6,32.0,63.5,16.9,4.5,18.6,18.5,20.3
2012-01-31,23.1,27.5,53.2,13.2,1.5,18.5,16.5,19.68
2012-02-01,22.1,27.9,49.9,15.9,-2.9,17.7,13.4,25.19
2012-02-02,22.3,28.0,49.5,16.6,-1.7,17.2,13.8,25.51
2012-02-03,32.3,42.5,83.7,17.5,-1.5,30.3,17.1,25.83
2012-02-06,32.7,42.4,79.7,22.4,0.2,35.4,18.2,27.66
2012-02-07,30.2,38.8,77.6,11.8,1.0,34.5,17.2,28.24
2012-02-08,30.2,38.8,76.4,12.0,1.8,33.6,17.4,29.47
2012-02-09,31.0,39.8,76.6,12.2,2.9,33.2,17.8,29.54
2012-02-10,29.4,37.8,73.3,10.2,1.5,33.0,16.9,29.89
2012-02-13,27.0,33.9,68.5,11.7,2.4,31.6,16.6,30.11
2012-02-14,31.7,41.1,70.8,33.0,2.9,35.1,17.7,32.14
2012-02-15,31.0,39.3,63.3,36.8,3.5,34.2,18.6,33.67
2012-02-16,31.4,40.1,65.5,36.3,2.9,35.0,18.4,33.67
2012-02-17,32.1,41.7,64.9,35.6,3.1,33.3,17.8,29.47
2012-02-21,27.9,38.6,61.8,30.4,-2.7,25.4,11.9,29.73
2012-02-22,27.3,37.8,59.8,30.3,-2.0,22.7,11.5,29.9
2012-02-23,28.1,39.2,58.3,37.2,-2.8,23.2,11.4,30.06
2012-02-24,28.5,39.0,58.0,37.3,-2.7,28.1,12.8,30.31
2012-02-27,27.0,35.8,47.8,42.0,-1.4,30.6,13.7,31.61
2012-02-28,27.9,37.4,47.6,44.6,-1.1,28.7,13.7,32.56
2012-02-29,26.2,33.9,49.9,25.1,2.1,25.2,14.7,31.12
2012-03-01,26.1,31.9,45.1,24.1,2.7,26.0,17.5,31.84
2012-03-02,25.5,31.7,45.1,24.0,2.9,20.0,16.3,31.8
2012-03-05,25.0,29.8,48.2,15.3,4.4,26.4,17.9,29.8
2012-03-06,25.0,29.9,47.5,15.2,4.8,25.0,17.7,29.4
2012-03-07,21.8,26.8,46.9,8.9,4.6,12.8,14.2,25.6
2012-03-08,21.1,26.5,45.6,12.8,4.9,14.2,13.0,26.1
2012-03-09,16.8,22.9,39.0,12.1,-3.6,14.8,7.7,15.0
2012-03-12,16.6,22.0,38.3,10.4,-1.4,16.5,8.6,19.0
2012-03-13,19.3,24.9,41.0,19.8,0.8,25.9,10.8,16.3
2012-03-14,17.3,22.5,39.9,15.9,-0.5,25.6,9.4,15.8
2012-03-15,16.7,22.9,41.0,15.4,-3.1,24.6,7.5,12.7
2012-03-16,15.7,19.2,33.1,14.8,0.4,24.2,10.5,15.0
2012-03-19,13.5,17.7,31.6,12.5,-0.5,24.5,7.3,13.1
2012-03-20,13.8,17.8,30.8,12.6,-0.2,23.2,7.7,13.8
2012-03-21,13.5,17.2,29.6,12.7,0.2,23.9,8.0,13.4
2012-03-22,7.7,7.5,29.0,-13.6,0.3,23.5,7.9,13.4
2012-03-23,11.2,12.8,27.4,5.8,0.5,27.0,8.7,15.3
2012-03-26,11.4,13.0,24.2,8.0,0.1,26.3,9.1,13.4
2012-03-27,12.3,13.0,23.6,8.6,3.9,25.9,11.2,12.7
2012-03-28,12.0,12.4,21.5,11.1,4.7,25.7,11.5,11.7
2012-03-29,10.3,11.2,19.6,8.2,0.8,25.6,9.0,10.6
2012-03-30,10.7,10.0,18.9,13.9,5.4,26.5,11.8,9.0
2012-04-02,10.6,7.4,15.0,16.5,12.1,26.0,15.4,19.6
2012-04-03,10.6,6.0,11.8,16.7,11.9,39.1,17.6,25.7
2012-04-04,9.7,4.6,6.8,18.7,11.7,39.5,17.3,24.8
2012-04-05,9.9,5.2,6.9,15.8,11.5,38.6,17.0,23.8
2012-04-09,9.5,4.1,4.6,12.0,10.3,35.9,17.5,17.0
2012-04-10,8.3,1.6,4.5,5.5,11.8,37.0,18.4,16.1
2012-04-11,9.7,3.1,4.8,4.3,11.5,43.5,19.7,15.3
2012-04-12,10.3,6.8,15.4,2.7,4.8,42.8,15.6,3.5
2012-04-13,9.2,5.7,14.7,0.7,2.4,44.7,14.4,-0.4
2012-04-16,5.7,2.5,13.0,-7.1,0.6,41.8,10.6,-7.0
2012-04-17,6.2,3.8,9.2,0.1,-1.1,44.2,9.7,-5.7
2012-04-18,5.9,4.0,9.0,0.5,-1.0,43.6,8.8,-8.5
2012-04-19,4.6,2.6,5.3,1.0,0.3,43.1,7.5,-8.7
2012-04-20,5.2,3.6,5.0,3.7,0.3,43.0,7.5,-8.8
2012-04-23,1.4,-3.4,4.3,-18.3,1.1,47.2,8.6,-9.7
2012-04-24,-0.4,-3.8,4.2,-16.9,-4.2,45.8,4.8,-10.5
2012-04-25,-2.5,-7.4,-0.1,-14.7,-4.3,45.2,4.9,-10.6
2012-04-26,-4.9,-10.8,-2.0,-23.6,-5.0,43.2,4.0,-11.2
2012-04-27,-6.4,-12.5,-8.0,-13.9,-7.0,42.5,2.7,-11.2
2012-04-30,-8.9,-15.1,-14.0,-9.3,-8.8,39.3,0.4,-12.4
2012-05-01,-9.8,-14.8,-12.8,-9.3,-12.8,38.0,-2.3,-13.9
2012-05-02,-15.5,-24.0,-20.4,-27.9,-12.7,35.4,-2.8,-13.8
2012-05-03,-18.2,-26.3,-24.2,-27.8,-12.7,19.3,-6.0,-17.4
2012-05-04,-18.8,-28.7,-23.4,-34.7,-11.0,24.3,-4.0,-17.2
2012-05-07,-19.7,-30.0,-23.1,-38.0,-11.7,26.6,-4.2,-16.9
2012-05-08,-18.1,-27.8,-22.0,-33.1,-11.6,28.2,-3.5,-16.7
2012-05-09,-18.3,-27.8,-21.6,-33.6,-11.9,26.2,-4.1,-17.3
2012-05-10,-21.5,-29.1,-25.6,-34.4,-18.5,25.9,-10.2,-22.4
2012-05-11,-30.7,-27.6,-24.3,-35.9,-57.8,25.6,-35.4,-76.1
2012-05-14,-31.6,-29.3,-23.4,-42.1,-56.8,24.9,-35.1,-75.4
2012-05-15,-28.7,-25.2,-23.0,-29.1,-56.5,24.6,-33.9,-69.2
2012-05-16,-26.6,-21.9,-19.4,-25.6,-56.0,23.1,-33.6,-68.2
2012-05-17,-26.6,-23.5,-25.1,-25.6,-52.4,30.8,-31.2,-68.9
2012-05-18,-26.4,-23.1,-25.1,-25.5,-51.7,28.1,-31.4,-68.5
2012-05-21,-26.0,-23.4,-25.3,-25.7,-49.0,28.4,-29.8,-67.4
2012-05-22,-26.6,-24.1,-25.5,-26.4,-48.8,25.8,-30.3,-66.9
2012-05-23,-27.1,-24.7,-25.3,-25.9,-49.2,25.7,-30.6,-66.3
2012-05-24,-31.8,-33.0,-25.4,-50.9,-49.4,27.4,-30.0,-65.3
2012-05-25,-32.1,-32.4,-24.5,-49.9,-51.5,28.3,-31.7,-64.7
2012-05-29,-33.1,-33.9,-30.2,-47.6,-52.3,32.2,-31.8,-61.1
2012-05-30,-33.7,-35.3,-30.0,-55.2,-51.9,32.8,-31.3,-60.4
2012-05-31,-36.1,-37.0,-35.9,-56.5,-57.1,30.0,-34.8,-67.6
2012-06-01,-44.2,-44.6,-53.6,-54.5,-64.1,6.2,-43.6,-84.0
2012-06-04,-40.6,-42.4,-52.3,-51.4,-62.0,24.8,-38.0,-79.6
2012-06-05,-40.5,-42.4,-50.5,-54.3,-60.1,23.9,-37.6,-78.1
2012-06-06,-39.5,-41.6,-49.2,-57.5,-58.3,23.2,-36.4,-75.4
2012-06-07,-38.8,-40.2,-48.9,-57.5,-57.4,22.5,-36.6,-73.6
2012-06-08,-39.5,-41.5,-50.1,-58.4,-58.6,21.2,-36.5,-75.1
2012-06-11,-38.6,-40.1,-49.4,-57.7,-52.8,10.6,-36.4,-71.2
2012-06-12,-39.8,-40.1,-48.4,-57.3,-57.6,10.3,-39.4,-77.8
2012-06-13,-40.5,-40.9,-53.6,-56.9,-57.4,9.8,-40.0,-78.1
2012-06-14,-41.1,-41.1,-54.5,-56.3,-56.5,1.4,-41.0,-81.1
2012-06-15,-43.2,-43.9,-60.6,-55.8,-56.7,-2.5,-42.1,-80.7
2012-06-18,-41.0,-42.2,-59.6,-52.9,-54.0,-4.3,-39.3,-78.3
2012-06-19,-43.8,-46.7,-59.7,-65.5,-54.1,-5.2,-39.5,-78.5
2012-06-20,-43.5,-47.3,-59.3,-68.3,-54.2,-6.7,-37.8,-76.4
2012-06-21,-46.1,-51.2,-64.8,-74.3,-54.4,-8.9,-38.4,-75.8
2012-06-22,-46.2,-52.0,-64.4,-75.8,-52.3,-9.8,-37.4,-75.8
2012-06-25,-45.8,-50.5,-61.6,-75.8,-52.7,-11.4,-38.7,-75.9
2012-06-26,-48.7,-56.2,-62.2,-94.6,-50.6,-12.1,-37.5,-76.2
2012-06-27,-47.5,-53.7,-60.9,-90.5,-51.6,-12.9,-38.2,-76.7
2012-06-28,-47.4,-53.7,-60.6,-91.0,-51.0,-13.8,-38.0,-77.5
2012-06-29,-45.2,-50.9,-60.3,-89.1,-48.5,-14.2,-36.6,-79.2
2012-07-02,-42.8,-47.9,-63.9,-83.0,-45.1,-18.6,-35.2,-76.8
2012-07-03,-42.2,-47.5,-63.2,-82.0,-44.5,-15.5,-34.2,-75.8
2012-07-05,-40.8,-45.7,-60.2,-79.0,-42.9,-17.2,-33.4,-74.3
2012-07-06,-40.6,-45.8,-62.5,-74.4,-42.4,-17.9,-32.8,-73.3
2012-07-09,-41.4,-48.6,-62.6,-74.1,-41.9,-21.4,-30.7,-69.2
2012-07-10,-40.5,-48.8,-64.9,-75.1,-37.9,-21.2,-28.1,-65.3
2012-07-11,-40.3,-48.1,-64.5,-74.6,-35.1,-33.7,-28.7,-68.5
2012-07-12,-38.7,-47.1,-61.4,-74.0,-32.7,-35.2,-26.0,-64.0
2012-07-13,-38.0,-47.0,-61.6,-73.5,-30.9,-35.5,-24.6,-60.5
2012-07-16,-37.2,-47.3,-64.0,-71.9,-28.8,-30.7,-22.1,-59.1
2012-07-17,-37.6,-48.2,-62.3,-70.3,-27.8,-30.8,-21.7,-59.4
2012-07-18,-37.2,-47.1,-61.1,-68.9,-27.0,-31.0,-22.4,-58.6
2012-07-19,-37.2,-48.1,-65.3,-66.8,-24.8,-30.3,-20.9,-57.7
2012-07-20,-36.5,-47.3,-64.5,-64.0,-23.8,-30.5,-20.2,-56.9
2012-07-23,-33.1,-42.6,-60.8,-57.8,-21.7,-30.4,-18.8,-54.0
2012-07-24,-34.5,-44.3,-59.6,-67.6,-23.5,-29.8,-19.8,-53.0
2012-07-25,-36.4,-47.6,-59.6,-74.6,-23.5,-29.5,-19.6,-51.8
2012-07-26,-34.0,-43.6,-53.8,-69.8,-22.5,-29.1,-19.6,-50.6
2012-07-27,-33.8,-42.8,-51.0,-70.0,-23.7,-28.7,-20.2,-49.3
2012-07-30,-32.9,-43.1,-49.0,-66.5,-19.6,-28.3,-17.5,-44.7
2012-07-31,-31.7,-41.9,-41.9,-71.7,-19.4,-25.2,-16.4,-42.1
2012-08-01,-33.6,-41.8,-40.6,-71.3,-26.5,-31.3,-21.3,-44.7
2012-08-02,-32.6,-41.1,-39.7,-70.9,-24.0,-31.9,-19.9,-37.9
2012-08-03,-30.4,-38.7,-36.2,-67.0,-22.2,-28.8,-17.9,-35.7
2012-08-06,-27.3,-38.3,-34.7,-66.3,-12.4,-24.6,-10.7,-25.9
2012-08-07,-25.6,-37.0,-33.8,-67.9,-9.0,-24.4,-8.6,-20.2
2012-08-08,-24.1,-36.9,-33.5,-68.0,-2.4,-23.9,-4.9,-11.8
2012-08-09,-25.8,-34.4,-21.3,-67.9,-16.0,-23.8,-13.0,-29.2
2012-08-10,-28.9,-35.0,-20.9,-68.5,-25.1,-23.6,-19.7,-42.3
2012-08-13,-30.2,-37.4,-19.7,-69.6,-25.2,-22.0,-19.5,-42.4
2012-08-14,-27.5,-32.9,-12.1,-70.7,-25.4,-22.4,-19.5,-41.8
2012-08-15,-28.2,-34.9,-19.1,-69.5,-24.0,-22.0,-18.1,-41.4
2012-08-16,-26.5,-34.6,-19.7,-68.1,-22.9,-9.7,-14.4,-35.0
2012-08-17,-26.2,-34.2,-18.1,-66.4,-22.6,-9.2,-14.1,-34.5
2012-08-20,-23.4,-30.7,-16.1,-59.3,-19.6,-7.0,-12.4,-35.6
2012-08-21,-22.3,-29.1,-15.3,-54.7,-19.1,-6.7,-12.1,-35.0
2012-08-22,-21.8,-29.2,-14.6,-53.9,-18.2,-3.7,-10.8,-34.3
2012-08-23,-21.0,-28.7,-13.7,-52.5,-16.8,-0.7,-9.4,-33.4
2012-08-24,-19.7,-26.8,-9.3,-51.4,-17.0,1.3,-9.0,-32.5
2012-08-27,-17.2,-24.0,-3.4,-49.0,-14.9,4.6,-7.1,-28.1
2012-08-28,-16.7,-24.4,-6.9,-45.1,-13.4,6.8,-5.2,-25.2
2012-08-29,-13.2,-19.3,-3.9,-33.3,-12.5,9.9,-4.0,-22.5
2012-08-30,-14.7,-19.8,-4.0,-33.4,-14.2,8.2,-7.0,-22.4
2012-08-31,-16.5,-22.8,-3.4,-30.7,-13.0,4.2,-7.1,-21.0
2012-09-04,-18.2,-24.7,-2.8,-34.2,-16.5,5.9,-8.5,-24.4
2012-09-05,-18.0,-24.2,-2.0,-34.7,-16.9,5.8,-8.8,-24.0
2012-09-06,-15.8,-21.0,5.5,-33.8,-17.3,6.6,-8.0,-23.8
2012-09-07,-12.7,-14.3,15.0,-29.7,-20.5,7.8,-10.3,-25.1
2012-09-10,-10.6,-11.3,18.5,-20.7,-21.2,10.2,-9.6,-23.4
2012-09-11,-7.8,-7.4,25.1,-19.7,-20.5,18.2,-8.3,-26.1
2012-09-12,-6.7,-5.2,26.3,-18.6,-21.7,18.8,-9.0,-28.0
2012-09-13,-7.0,-5.5,25.1,-17.3,-22.0,19.4,-9.3,-28.0
2012-09-14,-9.7,-9.7,20.4,-22.5,-22.5,19.5,-9.8,-28.3
2012-09-17,-9.9,-8.0,19.1,-16.1,-25.1,20.0,-12.7,-30.6
2012-09-18,-9.1,-6.7,20.0,-13.0,-24.1,19.8,-12.6,-30.6
2012-09-19,-9.1,-6.1,20.5,-12.2,-24.0,19.8,-13.5,-29.8
2012-09-20,-6.1,-0.9,20.6,4.9,-24.2,17.4,-14.0,-29.0
2012-09-21,-6.3,-0.9,20.6,5.8,-24.6,17.1,-14.3,-28.9
2012-09-24,-7.2,-2.2,20.6,2.8,-24.8,16.8,-14.7,-28.6
2012-09-25,-4.7,1.4,29.1,3.2,-22.9,16.7,-13.8,-28.6
2012-09-26,-6.0,-0.4,28.9,-1.0,-23.9,16.5,-14.5,-28.5
2012-09-27,-11.6,-9.6,8.8,-5.7,-24.0,16.3,-14.6,-28.6
2012-09-28,-12.7,-10.9,5.8,-6.9,-25.9,18.3,-15.4,-28.8
2012-10-01,-10.4,-6.4,11.0,-6.9,-26.6,19.6,-16.3,-29.7
2012-10-02,-11.0,-6.4,10.9,-0.2,-27.1,14.4,-17.8,-30.4
2012-10-03,-10.2,-5.0,17.4,-3.6,-27.0,14.6,-17.9,-30.2
2012-10-04,-10.1,-4.4,17.7,-3.1,-27.0,11.1,-18.7,-30.0
2012-10-05,-3.1,7.5,43.5,-4.2,-27.6,9.5,-18.9,-30.9
2012-10-08,-2.4,8.2,43.4,-3.5,-25.2,12.4,-18.4,-30.1
2012-10-09,-4.1,8.5,42.6,-3.2,-27.3,12.2,-23.0,-34.7
2012-10-10,-3.5,9.9,42.7,-0.3,-28.4,11.9,-23.6,-34.7
2012-10-11,-1.5,11.4,45.7,0.1,-27.3,16.5,-20.8,-32.3
2012-10-12,0.8,13.2,49.4,0.4,-21.7,13.6,-17.9,-25.0
2012-10-15,4.7,17.2,55.5,1.8,-15.4,11.8,-14.0,-17.6
2012-10-16,4.2,16.2,52.4,1.7,-15.0,11.6,-13.7,-17.3
2012-10-17,5.3,18.3,55.5,2.4,-15.5,11.4,-14.2,-16.6
2012-10-18,7.4,18.4,53.9,3.3,-6.4,11.3,-9.1,-5.4
2012-10-19,7.4,18.3,53.2,4.3,-6.1,10.6,-9.0,-5.8
2012-10-22,9.1,19.5,50.6,9.1,-3.1,13.3,-6.4,-4.8
2012-10-23,8.1,18.2,49.0,6.5,-4.2,13.2,-7.0,-4.5
2012-10-24,3.5,9.9,48.2,-20.3,-2.7,13.1,-6.1,-4.1
2012-10-25,7.2,15.8,51.7,-17.4,-1.5,12.3,-5.6,-3.9
2012-10-26,8.3,17.6,54.6,-16.5,-1.5,12.2,-5.6,-3.5
2012-10-31,5.3,11.7,48.1,-19.2,2.6,6.4,-4.3,-0.5
2012-11-01,7.0,13.2,51.4,-19.1,7.0,3.0,-2.2,-0.6
2012-11-02,8.8,15.7,56.6,-17.4,7.7,3.9,-1.5,-1.5
2012-11-05,9.6,14.7,52.8,-15.0,10.6,10.0,1.9,3.9
2012-11-06,7.8,11.3,50.7,-24.9,13.0,9.5,2.6,7.6
2012-11-07,7.6,10.5,50.5,-27.8,14.3,7.8,3.3,9.4
2012-11-08,9.8,12.2,59.6,-27.7,15.3,7.2,6.2,9.2
2012-11-09,11.1,12.4,60.7,-29.5,18.9,6.4,9.1,13.6
2012-11-12,8.3,12.6,60.8,-29.2,9.9,-2.7,1.8,2.1
2012-11-13,8.0,11.7,60.7,-36.9,11.6,-5.3,2.4,1.1
2012-11-14,6.6,9.5,57.0,-37.0,11.7,-5.6,2.3,1.3
2012-11-15,5.1,7.3,50.7,-34.3,11.4,-5.8,1.7,1.5
2012-11-16,3.3,6.1,47.5,-34.4,11.3,-16.5,-0.8,0.9
2012-11-19,3.3,6.2,46.8,-35.0,9.9,-16.2,-1.0,1.4
2012-11-20,3.9,7.1,48.4,-35.3,9.7,-16.3,-0.8,1.4
2012-11-21,3.5,6.5,46.5,-35.6,9.8,-18.2,-1.1,1.4
2012-11-23,6.4,11.1,47.4,-21.3,10.6,-19.1,-0.7,0.2
2012-11-26,5.8,10.2,47.5,-26.3,10.1,-18.8,-0.9,0.6
2012-11-27,5.6,11.4,49.0,-26.1,6.3,-18.6,-3.2,0.7
2012-11-28,6.8,12.6,47.0,-21.4,8.5,-18.4,-1.8,0.9
2012-11-29,7.8,13.9,43.9,-13.7,8.0,-14.5,-1.3,1.5
2012-11-30,8.4,19.2,43.1,-16.3,5.3,-31.9,-7.7,-4.6
2012-12-03,6.3,15.3,35.1,-18.8,5.8,-31.7,-7.1,-5.5
2012-12-04,5.0,14.0,33.0,-19.2,6.1,-40.3,-8.6,-9.4
2012-12-05,7.4,17.5,34.7,-7.9,6.5,-38.1,-7.8,-9.0
2012-12-06,8.2,18.8,35.5,-2.6,6.7,-38.1,-7.7,-8.5
2012-12-07,10.2,23.5,50.8,-10.0,4.8,-38.7,-9.8,-7.9
2012-12-10,6.9,22.1,49.7,-11.3,-1.0,-40.8,-15.9,-14.3
2012-12-11,9.8,26.2,48.0,3.9,0.4,-40.6,-14.8,-14.3
2012-12-12,13.0,27.3,48.5,4.7,10.3,-39.0,-8.4,-1.1
2012-12-13,13.8,28.0,51.1,4.4,10.1,-38.2,-7.5,-0.9
2012-12-14,13.1,26.6,50.6,8.6,10.1,-37.9,-7.2,-0.9
2012-12-17,11.7,24.4,47.4,6.1,8.3,-35.6,-7.3,-1.2
2012-12-18,11.1,23.6,47.0,4.1,7.7,-35.3,-7.7,-1.9
2012-12-19,11.6,24.0,46.2,6.8,9.4,-34.9,-6.9,-1.4
2012-12-20,11.4,22.4,56.0,-11.5,9.1,-34.3,-5.1,2.7
2012-12-21,9.7,20.6,54.8,-11.9,8.8,-39.2,-6.7,3.1
2012-12-24,10.0,21.0,54.3,-8.8,8.5,-38.3,-6.5,2.9
2012-12-26,10.4,21.5,55.5,-7.9,8.5,-37.8,-6.2,2.9
2012-12-27,10.6,18.8,49.1,-7.9,15.8,-37.1,-1.6,2.9
2012-12-28,10.1,16.8,47.7,-7.8,17.9,-36.0,-1.6,2.9
2012-12-31,8.4,13.7,39.9,-7.1,17.2,-33.0,0.5,2.9
2013-01-02,5.7,12.1,33.1,-3.1,9.6,-32.0,-3.8,-0.1
2013-01-03,7.3,12.7,34.7,-2.8,10.3,-20.1,-0.7,3.1
2013-01-04,7.4,13.1,34.1,-2.1,9.6,-21.8,-1.2,2.0
2013-01-07,7.9,14.1,31.9,4.6,9.0,-20.9,-1.4,-0.3
2013-01-08,7.8,14.3,31.1,6.6,7.9,-15.4,-1.9,-1.7
2013-01-09,6.9,13.1,30.0,4.9,6.7,-14.9,-2.5,-3.6
2013-01-10,8.9,12.3,28.7,5.7,15.4,-13.0,3.8,8.8
2013-01-11,3.8,4.8,10.9,6.3,14.5,-15.7,2.4,7.6
2013-01-14,3.6,4.4,8.9,8.4,13.2,-13.0,2.4,5.6
2013-01-15,3.2,4.2,7.9,9.2,11.9,-11.9,1.8,4.2
2013-01-16,2.8,3.6,3.3,10.2,11.5,-11.8,1.5,3.8
2013-01-17,3.1,4.3,5.2,11.4,10.8,-10.3,1.4,4.5
2013-01-18,1.6,3.0,2.2,12.8,12.5,-10.3,-0.5,6.7
2013-01-22,4.4,7.4,-2.1,36.7,12.6,-9.2,-0.2,7.3
2013-01-23,3.2,7.1,-3.0,34.9,9.1,-9.1,-2.6,6.6
2013-01-24,8.2,16.0,-0.6,60.1,9.1,-8.7,-3.4,6.8
2013-01-25,8.6,15.8,-2.0,66.5,9.6,-8.3,-2.2,9.2
2013-01-28,8.9,17.3,0.3,64.7,6.7,-6.6,-3.6,10.0
2013-01-29,7.1,14.5,-7.0,65.1,6.1,-6.3,-4.0,10.6
2013-01-30,0.6,4.2,-30.8,63.6,5.6,-8.8,-4.8,10.7
2013-01-31,-0.1,2.4,-27.9,61.6,7.7,-10.6,-3.9,10.3
2013-02-01,1.3,4.7,-28.1,68.8,5.6,-4.3,-3.9,9.3
2013-02-04,0.7,4.8,-29.3,69.2,6.4,-13.0,-5.5,6.1
2013-02-05,1.5,6.1,-29.9,71.8,5.5,-8.1,-5.3,6.1
2013-02-06,1.0,6.3,-29.8,72.0,5.2,-12.2,-6.9,5.0
2013-02-07,1.8,7.5,-30.0,71.9,5.0,-11.3,-6.7,5.5
2013-02-08,6.0,13.0,-12.5,71.0,11.3,-9.7,-4.6,18.0
2013-02-11,5.3,13.6,-10.0,70.2,12.3,-26.1,-7.1,20.3
2013-02-12,4.0,13.6,-9.0,69.0,8.3,-24.6,-10.5,10.9
2013-02-13,4.6,14.6,-7.0,68.2,7.7,-22.8,-10.3,11.2
2013-02-14,3.4,12.8,-5.0,64.5,7.8,-22.5,-10.8,11.3
2013-02-15,1.9,12.1,-2.0,63.5,7.7,-29.0,-13.5,8.3
2013-02-19,2.4,13.0,-2.5,67.8,12.0,-42.8,-13.4,0.7
2013-02-20,2.5,12.5,-3.7,66.7,13.0,-42.2,-12.6,0.1
2013-02-21,-2.2,6.2,-4.7,47.4,11.8,-50.1,-14.7,0.3
2013-02-22,1.7,12.5,-4.8,74.4,12.7,-52.5,-14.5,0.5
2013-02-25,1.0,10.4,-5.0,70.6,12.3,-50.5,-13.0,1.4
2013-02-26,3.5,14.5,7.7,69.1,11.7,-50.7,-12.9,1.5
2013-02-27,4.6,15.1,6.7,76.2,13.2,-47.7,-11.2,2.6
2013-02-28,2.1,10.3,2.8,67.8,14.4,-45.8,-10.1,-0.7
2013-03-01,3.5,12.7,7.7,67.7,13.0,-48.6,-10.2,-4.2
2013-03-04,0.5,8.5,5.2,57.3,13.0,-56.3,-11.4,-7.5
2013-03-05,1.7,10.7,6.3,60.9,13.5,-61.1,-11.9,-7.7
2013-03-06,1.9,10.9,7.0,61.3,13.6,-60.9,-11.6,-8.0
2013-03-07,0.4,8.6,5.1,56.5,11.0,-54.5,-11.9,-5.9
2013-03-08,8.1,15.6,21.1,54.4,25.5,-56.5,-3.1,13.0
2013-03-11,2.3,11.8,21.0,49.1,11.0,-56.7,-11.9,-5.5
2013-03-12,3.7,11.6,21.1,48.7,13.4,-45.0,-8.1,2.6
2013-03-13,4.4,13.9,27.4,46.4,12.4,-45.3,-9.8,0.7
2013-03-14,6.2,16.0,29.3,46.6,12.3,-43.0,-8.4,1.5
2013-03-15,5.8,15.2,27.0,47.0,12.0,-42.8,-8.4,1.3
2013-03-18,4.2,13.8,21.0,49.1,8.2,-41.8,-10.1,0.9
2013-03-19,6.2,17.1,26.9,52.0,9.9,-41.1,-10.1,1.8
2013-03-20,5.7,16.9,27.2,51.8,9.6,-41.0,-11.0,-0.2
2013-03-21,1.2,9.4,28.8,18.6,9.2,-40.6,-11.1,-0.3
2013-03-22,0.4,7.7,29.1,12.4,9.0,-37.6,-10.6,-0.4
2013-03-25,-0.7,7.6,30.2,10.9,4.7,-39.1,-13.2,-0.8
2013-03-26,-5.1,5.0,25.1,8.4,-7.0,-39.3,-20.2,-1.1
2013-03-27,-6.3,3.1,25.1,-3.5,-7.2,-39.6,-20.3,-1.2
2013-03-28,-8.6,-0.3,18.9,-8.3,-8.1,-41.1,-21.0,-1.1
2013-04-01,-15.2,-7.0,16.8,-11.5,-16.3,-44.7,-27.5,-4.3
2013-04-02,-14.6,-6.2,17.4,-9.9,-13.6,-53.2,-27.1,-5.9
2013-04-03,-15.8,-8.5,12.3,-10.7,-13.3,-52.9,-26.7,-6.2
2013-04-04,-17.3,-10.2,9.3,-14.5,-13.7,-56.8,-27.9,-6.5
2013-04-05,-18.5,-11.3,8.0,-13.6,-14.9,-61.1,-29.3,-7.0
2013-04-08,-18.7,-11.4,10.8,-20.1,-16.4,-60.5,-29.7,-9.6
2013-04-09,-18.9,-10.8,12.3,-20.8,-17.8,-63.7,-31.1,-12.9
2013-04-10,-18.8,-9.4,15.1,-19.6,-21.5,-63.0,-33.0,-15.1
2013-04-11,-22.0,-9.2,16.8,-20.3,-22.5,-95.2,-41.1,-22.1
2013-04-12,-22.9,-13.0,7.8,-21.0,-17.1,-94.9,-37.7,-13.9
2013-04-15,-25.9,-15.7,3.0,-23.7,-28.4,-93.8,-41.1,-24.3
2013-04-16,-27.4,-18.0,-4.1,-24.3,-28.2,-96.5,-41.6,-25.6
2013-04-17,-26.4,-18.3,-3.7,-25.7,-28.1,-95.6,-38.6,-21.1
2013-04-18,-27.3,-19.3,-5.0,-27.3,-28.5,-95.0,-39.2,-20.1
2013-04-19,-27.5,-20.1,-4.9,-29.3,-28.3,-93.4,-38.7,-19.9
2013-04-22,-28.9,-22.3,-5.0,-38.2,-27.0,-99.6,-38.8,-19.4
2013-04-23,-33.8,-27.7,-4.9,-56.4,-34.5,-98.7,-42.9,-25.5
2013-04-24,-36.8,-32.8,-7.9,-69.2,-34.4,-97.7,-42.7,-25.6
2013-04-25,-36.6,-33.6,-6.2,-77.0,-32.6,-95.4,-41.0,-24.8
2013-04-26,-37.9,-36.3,-12.4,-78.3,-32.0,-94.3,-40.4,-24.5
2013-04-29,-35.8,-33.8,-5.3,-81.6,-31.5,-90.1,-38.9,-23.3
2013-04-30,-35.0,-30.2,-1.7,-79.3,-37.1,-90.7,-42.3,-22.7
2013-05-01,-36.3,-31.3,-3.8,-80.2,-40.2,-89.4,-43.7,-22.5
2013-05-02,-33.9,-27.1,4.2,-78.0,-41.5,-88.3,-44.0,-22.4
2013-05-03,-35.1,-28.6,0.3,-77.7,-41.6,-92.8,-44.8,-24.6
2013-05-06,-35.8,-29.4,-3.1,-75.1,-42.2,-95.1,-45.3,-24.5
2013-05-07,-36.1,-29.3,-4.9,-72.4,-44.0,-93.5,-46.2,-24.9
2013-05-08,-36.6,-29.6,-7.9,-68.5,-44.9,-91.0,-47.1,-25.9
2013-05-09,-35.3,-27.1,-6.9,-68.4,-44.8,-90.0,-47.7,-25.5
2013-05-10,-36.6,-27.3,-7.3,-69.1,-43.5,-109.2,-50.6,-24.1
2013-05-13,-36.1,-26.8,-8.0,-68.5,-45.7,-101.9,-50.0,-25.2
2013-05-14,-34.8,-27.3,-7.7,-71.0,-39.8,-100.0,-46.0,-17.1
2013-05-15,-36.5,-30.2,-10.6,-76.7,-42.5,-92.9,-46.0,-14.4
2013-05-16,-38.6,-32.6,-23.1,-73.1,-43.7,-96.8,-47.5,-15.3
2013-05-17,-36.1,-28.5,-17.5,-73.4,-43.7,-105.1,-47.4,-11.4
2013-05-20,-36.8,-29.1,-18.2,-75.2,-44.8,-105.4,-48.3,-8.8
2013-05-21,-36.7,-29.3,-18.7,-74.2,-44.4,-103.2,-47.8,-8.6
2013-05-22,-38.6,-32.0,-19.4,-77.9,-44.3,-108.1,-48.6,-8.0
2013-05-23,-38.2,-30.5,-17.8,-75.4,-45.8,-108.8,-49.8,-13.3
2013-05-24,-36.8,-27.4,-15.3,-67.4,-45.3,-110.6,-51.0,-14.5
2013-05-28,-37.1,-27.5,-14.3,-69.8,-46.4,-106.4,-51.6,-12.2
2013-05-29,-37.0,-27.0,-15.5,-67.5,-46.0,-110.8,-52.1,-13.9
2013-05-30,-35.7,-28.0,-19.1,-66.0,-38.2,-110.1,-47.3,-14.2
2013-05-31,-32.6,-22.9,-14.4,-63.0,-38.0,-110.1,-47.1,-14.7
2013-06-03,-30.9,-23.5,-22.6,-55.3,-30.5,-108.6,-42.1,-12.0
2013-06-04,-32.2,-22.2,-21.8,-53.6,-30.6,-131.9,-47.1,-17.0
2013-06-05,-33.6,-24.6,-29.0,-53.2,-31.9,-133.9,-47.0,-19.2
2013-06-06,-33.1,-24.2,-29.0,-54.1,-30.6,-135.1,-46.4,-18.2
2013-06-07,-30.9,-21.5,-32.3,-48.0,-29.0,-135.2,-45.1,-16.3
2013-06-10,-28.9,-15.8,-32.9,-38.7,-36.3,-136.3,-48.6,-28.5
2013-06-11,-28.2,-14.8,-31.0,-37.4,-34.7,-148.3,-48.3,-28.4
2013-06-12,-27.0,-12.8,-30.0,-35.8,-35.6,-144.2,-48.2,-28.7
2013-06-13,-26.6,-11.4,-28.0,-34.1,-35.0,-152.6,-49.4,-31.9
2013-06-14,-26.7,-12.3,-29.7,-32.1,-33.9,-151.8,-48.4,-31.7
2013-06-17,-20.5,-3.1,-14.0,-22.9,-32.8,-146.8,-46.5,-30.9
2013-06-18,-19.3,-1.4,-14.8,-16.4,-30.6,-146.0,-46.2,-33.4
2013-06-19,-18.4,-0.4,-14.1,-14.7,-29.7,-145.1,-45.4,-33.2
2013-06-20,-16.8,1.8,-12.9,-11.9,-32.3,-141.3,-44.8,-34.7
2013-06-21,-16.4,1.8,-12.0,-10.8,-30.9,-139.6,-43.7,-34.5
2013-06-24,-12.4,5.1,-8.1,-5.3,-25.4,-131.2,-38.6,-33.5
2013-06-25,-9.3,10.0,1.3,-4.4,-26.1,-129.4,-38.2,-33.3
2013-06-26,-10.6,7.0,-8.0,-3.6,-24.8,-127.7,-37.1,-32.8
2013-06-27,-9.6,8.2,-7.1,-0.5,-24.5,-125.8,-36.3,-32.4
2013-06-28,-8.6,10.4,-9.0,2.7,-25.2,-127.6,-37.1,-31.9
2013-07-01,-5.2,14.4,-3.6,3.2,-24.3,-120.0,-34.6,-30.2
2013-07-02,-5.0,15.2,-1.8,3.8,-25.9,-119.3,-35.4,-30.0
2013-07-03,-8.2,9.5,-13.2,-0.6,-24.9,-120.5,-34.8,-29.6
2013-07-05,-8.6,8.5,-14.0,-3.6,-24.7,-118.0,-34.3,-28.6
2013-07-08,-7.5,8.5,-12.1,-5.0,-20.5,-108.3,-31.4,-25.9
2013-07-09,-7.4,7.8,-12.0,-4.5,-20.1,-104.7,-30.2,-26.0
2013-07-10,-8.1,8.9,-10.2,-3.2,-26.0,-103.4,-33.7,-36.4
2013-07-11,-6.4,10.4,-11.9,-2.7,-24.1,-97.2,-31.7,-33.8
2013-07-12,-8.7,10.6,-11.7,-2.1,-29.9,-96.7,-37.7,-49.9
2013-07-15,-8.8,9.5,-15.0,-0.1,-26.5,-93.4,-36.2,-49.2
2013-07-16,-7.0,12.4,-5.3,-2.1,-26.0,-94.2,-36.0,-49.0
2013-07-17,-6.3,11.3,-11.3,-1.0,-22.8,-93.0,-32.8,-44.9
2013-07-18,-5.2,12.4,-9.7,0.4,-20.8,-91.9,-31.7,-44.4
2013-07-19,-5.1,12.2,-9.5,2.1,-20.2,-90.4,-31.0,-43.9
2013-07-22,-3.0,14.6,-9.1,10.7,-17.7,-89.5,-29.3,-42.0
2013-07-23,-2.7,15.4,-8.9,11.9,-19.2,-88.5,-29.9,-41.9
2013-07-24,1.1,22.4,-7.5,34.0,-21.2,-87.3,-30.8,-44.8
2013-07-25,3.3,25.4,-4.7,40.5,-19.5,-87.3,-29.8,-45.2
2013-07-26,3.8,26.4,-3.4,42.8,-20.4,-85.9,-30.0,-44.9
2013-07-29,3.9,24.6,-5.5,42.4,-17.5,-80.7,-27.1,-44.1
2013-07-30,1.7,21.6,-7.6,41.0,-19.5,-79.7,-28.1,-43.8
2013-07-31,3.3,23.8,4.0,33.4,-19.6,-76.1,-27.4,-43.4
2013-08-01,7.7,28.8,14.5,36.2,-16.4,-69.7,-23.9,-38.4
2013-08-02,4.8,28.6,10.9,35.6,-17.1,-102.6,-30.8,-50.2
2013-08-05,7.4,31.1,18.8,33.2,-17.6,-86.3,-28.1,-51.4
2013-08-06,12.8,39.9,36.7,37.6,-17.4,-83.1,-27.8,-51.0
2013-08-07,13.6,41.0,36.7,43.2,-18.5,-78.8,-27.6,-50.5
2013-08-08,13.7,40.2,36.9,43.2,-14.7,-77.6,-26.1,-45.6
2013-08-09,11.6,39.2,36.9,40.6,-11.6,-91.6,-29.8,-47.7
2013-08-12,10.2,36.8,38.0,41.2,-12.9,-86.3,-29.8,-51.1
2013-08-13,10.5,37.3,40.2,41.9,-13.1,-83.9,-29.6,-50.7
2013-08-14,10.9,37.7,39.0,42.4,-13.1,-81.9,-29.2,-51.3
2013-08-15,11.3,38.6,40.6,41.9,-13.9,-80.7,-29.7,-51.5
2013-08-16,10.2,36.6,36.6,41.4,-13.2,-81.7,-29.5,-50.9
2013-08-19,10.5,35.5,35.1,39.4,-13.1,-75.6,-27.1,-46.4
2013-08-20,8.2,34.6,34.2,38.2,-12.9,-100.3,-31.5,-45.1
2013-08-21,7.6,34.2,34.7,36.9,-13.8,-102.3,-32.3,-44.5
2013-08-22,11.5,36.8,34.3,49.0,-4.8,-99.8,-26.4,-31.7
2013-08-23,10.4,33.8,28.5,48.9,-2.0,-98.8,-24.6,-28.9
2013-08-26,8.5,30.5,23.3,48.3,-3.7,-93.2,-24.4,-27.3
2013-08-27,9.8,31.7,26.0,50.2,-1.9,-91.7,-23.0,-27.0
2013-08-28,8.8,30.0,25.4,46.7,-2.3,-90.0,-23.0,-26.8
2013-08-29,10.0,31.6,30.6,46.6,-2.8,-84.9,-22.4,-26.9
2013-08-30,13.1,33.7,30.8,55.8,-1.7,-65.4,-17.9,-23.2
2013-09-03,14.2,35.0,36.8,52.9,0.9,-67.6,-16.9,-20.9
2013-09-04,14.1,34.1,36.0,52.5,1.8,-66.8,-16.0,-19.8
2013-09-05,17.8,40.2,53.4,49.3,3.0,-68.7,-15.8,-18.1
2013-09-06,18.2,40.3,56.5,46.3,4.3,-67.6,-15.0,-17.9
2013-09-09,19.1,41.1,55.0,53.5,5.0,-62.0,-14.0,-16.2
2013-09-10,20.0,39.6,53.8,51.2,10.6,-60.6,-9.5,-8.6
2013-09-11,21.6,39.9,53.5,50.9,12.8,-58.9,-5.9,-5.9
2013-09-12,25.6,40.1,56.8,50.6,23.6,-43.7,3.8,14.9
2013-09-13,23.6,36.9,49.7,50.2,23.0,-43.6,3.6,15.4
2013-09-16,22.6,34.6,46.2,48.9,23.8,-43.6,4.5,17.9
2013-09-17,20.9,33.5,40.7,52.0,20.2,-44.7,1.9,16.2
2013-09-18,20.1,32.8,39.2,51.7,20.3,-44.8,1.1,15.4
2013-09-19,21.3,34.7,44.4,51.4,20.5,-44.3,1.3,15.6
2013-09-20,21.4,34.2,44.4,51.0,20.6,-40.9,2.1,15.8
2013-09-23,21.9,34.1,45.9,50.6,21.3,-35.5,3.6,16.5
2013-09-24,22.1,33.5,46.2,48.3,22.9,-34.8,5.1,18.6
2013-09-25,22.0,33.0,47.0,47.9,23.2,-33.7,5.5,18.9
2013-09-26,20.8,32.1,47.8,44.2,19.5,-31.1,3.9,20.0
2013-09-27,21.8,33.6,46.5,50.8,19.7,-30.6,4.2,20.3
2013-09-30,22.3,33.0,50.5,47.0,22.1,-28.6,6.2,21.8
2013-10-01,20.9,34.5,53.3,42.8,13.5,-28.4,0.6,19.2
2013-10-02,20.1,33.6,51.7,43.0,13.6,-33.3,-0.1,19.3
2013-10-03,17.6,29.9,44.9,40.1,12.8,-36.7,-0.9,20.1
2013-10-04,18.1,29.7,44.7,39.9,14.8,-36.2,0.8,21.1
2013-10-07,17.8,27.8,44.0,36.5,14.9,-34.3,2.8,26.3
2013-10-08,15.7,25.7,43.7,33.9,15.2,-32.5,0.7,27.7
2013-10-09,15.2,24.5,43.3,34.4,16.1,-32.7,1.2,29.2
2013-10-10,12.1,20.8,35.9,33.6,12.7,-32.0,-0.9,29.0
2013-10-11,10.5,20.5,35.4,33.1,8.1,-36.0,-4.6,22.9
2013-10-14,7.8,19.1,33.6,31.2,1.9,-33.6,-9.1,10.8
2013-10-15,8.2,18.8,30.9,32.7,1.7,-25.6,-7.7,13.3
2013-10-16,7.6,17.5,26.8,31.6,2.1,-25.7,-7.2,13.3
2013-10-17,6.3,16.3,24.0,30.2,2.4,-24.9,-8.6,10.6
2013-10-18,5.6,15.8,23.2,28.6,0.8,-25.3,-9.6,8.4
2013-10-21,3.0,11.9,19.6,19.5,1.6,-31.8,-10.3,9.5
2013-10-22,2.9,11.7,19.4,18.1,1.5,-30.8,-10.2,9.5
2013-10-23,3.4,11.8,18.2,17.5,2.9,-29.7,-9.1,9.6
2013-10-24,3.0,9.2,17.1,9.6,7.1,-29.1,-6.4,12.5
2013-10-25,2.4,7.8,17.0,4.3,7.7,-27.6,-5.6,12.6
2013-10-28,2.0,6.4,11.4,6.7,6.5,-20.7,-4.7,13.4
2013-10-29,1.4,5.3,5.4,4.8,5.9,-18.1,-4.4,14.2
2013-10-30,-2.4,2.1,-2.1,10.3,-2.3,-17.6,-9.1,14.0
2013-10-31,-3.3,1.9,3.8,-3.1,-4.7,-17.4,-11.1,13.7
2013-11-01,-2.1,2.3,5.3,-3.8,0.4,-23.1,-8.8,12.6
2013-11-04,-5.5,-0.8,-3.8,-3.4,-0.5,-42.6,-12.5,4.5
2013-11-05,-4.4,0.9,-3.8,-3.5,-1.4,-41.2,-12.4,4.0
2013-11-06,-2.0,4.5,0.4,5.1,-1.5,-38.3,-11.7,4.3
2013-11-07,0.2,8.7,13.0,2.3,-1.7,-37.8,-12.6,4.2
2013-11-08,3.9,11.4,19.4,1.8,2.6,-40.8,-7.3,9.6
2013-11-11,2.8,11.5,18.9,0.1,-2.8,-38.2,-10.2,3.4
2013-11-12,-0.2,9.5,17.6,-0.3,-7.4,-44.6,-14.8,-5.0
2013-11-13,-0.2,10.2,18.0,-0.8,-8.0,-45.9,-15.9,-6.6
2013-11-14,-1.2,6.1,11.5,-1.3,-4.3,-44.7,-12.1,-0.3
2013-11-15,-2.6,4.1,6.9,-2.0,-5.3,-43.1,-12.6,-1.3
2013-11-18,-3.3,2.6,5.0,-5.0,-7.0,-33.3,-12.1,-5.9
2013-11-19,-4.1,2.4,5.2,-6.6,-9.8,-33.8,-13.9,-9.5
2013-11-20,-4.2,3.0,6.9,-6.8,-10.4,-37.6,-14.9,-9.6
2013-11-21,-2.6,5.1,7.0,-0.2,-12.0,-28.4,-14.1,-11.9
2013-11-22,-2.8,4.8,6.7,0.4,-12.1,-28.9,-14.3,-12.2
2013-11-25,-4.2,3.2,4.7,-0.9,-12.9,-30.4,-15.2,-13.3
2013-11-26,-4.9,2.3,3.2,-1.9,-12.4,-32.1,-15.7,-13.8
2013-11-27,-4.1,4.1,8.6,-3.7,-12.9,-34.3,-16.5,-14.5
2013-11-29,-4.0,3.4,6.9,-0.7,-10.3,-33.7,-15.0,-13.6
2013-12-02,-3.3,4.8,8.0,1.5,-11.5,-32.1,-15.5,-14.4
2013-12-03,-2.1,4.3,5.1,1.8,-10.5,-15.4,-11.6,-8.0
2013-12-04,-1.5,5.6,5.3,7.7,-11.4,-18.5,-12.2,-7.7
2013-12-05,0.5,10.0,16.5,7.3,-11.9,-23.8,-13.8,-8.7
2013-12-06,4.2,16.2,32.5,4.7,-11.6,-23.7,-13.7,-9.9
2013-12-09,1.5,12.7,33.0,-3.0,-9.0,-27.0,-15.2,-7.2
2013-12-10,1.8,12.8,33.0,-3.5,-8.5,-29.2,-14.7,-8.7
2013-12-11,2.4,13.2,34.1,-3.5,-7.1,-29.1,-13.8,-8.4
2013-12-12,1.5,12.6,31.7,-3.5,-8.6,-29.7,-15.1,-12.4
2013-12-13,1.6,12.7,32.1,-3.6,-8.6,-29.6,-15.0,-12.0
2013-12-16,4.7,18.1,35.4,-0.6,-8.9,-29.4,-15.3,-14.2
2013-12-17,6.8,22.6,45.2,0.8,-11.8,-28.6,-16.8,-14.1
2013-12-18,7.9,22.7,44.1,0.9,-11.3,-29.0,-14.3,-10.1
2013-12-19,7.4,21.3,39.1,1.1,-11.0,-25.4,-13.4,-9.2
2013-12-20,9.7,24.1,47.0,-0.2,-10.7,-19.7,-12.0,-9.2
2013-12-23,9.8,23.8,44.9,0.8,-9.6,-19.3,-11.1,-8.7
2013-12-24,11.5,26.1,48.4,3.3,-8.6,-19.1,-10.4,-8.5
2013-12-26,12.3,27.0,49.4,3.6,-8.2,-17.9,-9.7,-7.7
2013-12-27,12.4,26.6,49.4,4.4,-7.4,-17.2,-9.0,-7.2
2013-12-30,13.7,27.3,50.2,5.9,-5.6,-13.1,-6.7,-5.3
2013-12-31,14.4,28.3,52.2,6.4,-5.3,-12.9,-6.4,-4.9
2014-01-02,15.9,29.3,53.3,8.8,-2.0,-12.5,-4.1,-5.4
2014-01-03,17.6,29.6,53.4,9.1,-1.5,2.7,-0.4,0.8
2014-01-06,17.5,28.1,49.1,9.6,0.5,2.5,1.6,2.9
2014-01-07,19.7,31.8,61.0,7.0,-0.1,3.1,1.5,3.9
2014-01-08,20.8,32.6,63.4,7.0,-0.1,7.2,3.1,7.9
2014-01-09,22.0,33.5,63.9,9.3,1.1,7.3,4.7,8.7
2014-01-10,19.1,32.5,65.5,10.1,-7.3,-0.8,-0.9,-3.3
2014-01-13,19.4,32.2,66.1,10.0,-6.5,-0.3,0.1,-1.3
2014-01-14,20.4,33.6,70.3,10.2,-6.4,0.6,0.6,-0.6
2014-01-15,20.9,34.5,72.7,10.4,-6.7,0.6,0.5,-0.3
2014-01-16,21.2,34.3,69.2,10.7,-6.6,5.1,1.6,1.4
2014-01-17,23.0,35.1,66.6,11.1,-5.5,6.2,4.8,6.6
2014-01-21,22.3,34.1,64.1,12.7,-5.8,13.2,4.5,5.5
2014-01-22,22.3,34.0,63.4,13.4,-5.4,13.8,4.8,5.6
2014-01-23,24.4,37.2,62.5,25.6,-6.1,14.5,5.2,2.8
2014-01-24,24.9,37.0,62.6,25.3,-4.5,17.8,6.7,2.7
2014-01-27,24.4,35.9,59.0,28.0,-4.4,21.0,7.1,2.9
2014-01-28,23.2,33.4,52.0,30.3,-3.4,22.4,8.0,3.1
2014-01-29,22.8,31.1,50.7,24.8,-0.1,24.3,10.4,3.6
2014-01-30,21.9,29.0,48.1,22.3,0.5,26.7,11.2,4.2
2014-01-31,22.9,29.9,49.0,18.3,0.4,28.8,12.5,4.8
2014-02-03,18.6,22.4,32.6,16.4,0.6,32.3,13.0,5.4
2014-02-04,18.0,22.6,31.1,16.6,-0.1,25.6,11.0,2.5
2014-02-05,16.7,21.1,30.3,13.2,2.8,18.2,10.2,1.4
2014-02-06,15.5,19.2,25.5,11.9,3.0,18.3,9.9,1.6
2014-02-07,15.1,18.0,23.6,9.2,4.6,18.6,10.8,2.0
2014-02-10,16.1,18.5,24.6,9.7,3.8,21.4,12.4,3.9
2014-02-11,16.7,19.1,25.7,9.4,4.4,14.7,13.1,7.8
2014-02-12,18.3,16.4,25.9,9.0,17.6,14.1,21.1,25.4
2014-02-13,16.8,14.7,23.1,8.7,17.5,8.3,19.9,23.4
2014-02-14,17.0,14.9,19.7,15.0,17.6,7.2,20.1,23.4
2014-02-18,8.5,0.7,19.7,7.0,21.5,3.6,20.2,25.0
2014-02-19,6.8,-1.3,-4.0,6.7,21.2,3.3,19.0,21.7
2014-02-20,4.0,-3.8,-6.5,2.0,15.4,5.0,15.8,14.2
2014-02-21,2.1,-5.5,-7.7,1.8,15.1,-5.3,13.6,13.9
2014-02-24,1.9,-5.9,-11.8,5.3,16.2,-8.0,13.7,12.6
2014-02-25,0.6,-8.3,-14.6,-0.8,15.6,-4.3,13.9,12.1
2014-02-26,1.2,-6.9,-11.4,-0.8,14.6,-4.8,13.3,11.3
2014-02-27,1.7,-6.9,-13.2,2.1,14.5,2.6,14.7,13.8
2014-02-28,2.6,-4.0,-13.4,8.8,11.3,1.3,12.5,13.0
2014-03-03,1.9,-5.3,-15.3,7.9,12.3,-0.5,12.7,11.1
2014-03-04,0.9,-6.7,-18.7,8.3,12.0,-1.4,12.4,10.8
2014-03-05,-0.5,-8.9,-27.9,13.4,11.7,-4.3,12.0,10.4
2014-03-06,0.2,-7.7,-28.0,14.1,11.3,-4.4,12.0,9.9
2014-03-07,0.1,-9.4,-31.2,14.6,12.3,3.9,14.3,12.5
2014-03-10,-5.7,-10.1,-31.6,13.6,-15.2,3.2,0.9,-23.4
2014-03-11,-5.6,-11.4,-33.6,13.4,-14.8,12.5,3.0,-19.4
2014-03-12,-5.6,-11.7,-34.1,13.1,-13.4,12.1,3.6,-15.2
2014-03-13,-5.8,-8.2,-30.1,12.8,-25.4,18.9,-2.2,-28.9
2014-03-14,-9.3,-10.2,-32.7,12.4,-36.1,20.5,-8.0,-43.0
2014-03-17,-11.0,-12.6,-35.8,11.5,-34.7,15.2,-8.7,-43.5
2014-03-18,-10.1,-12.8,-33.5,7.2,-34.6,23.5,-6.1,-37.9
2014-03-19,-10.1,-12.8,-34.8,7.3,-34.4,22.4,-6.1,-37.8
2014-03-20,-8.9,-12.0,-32.6,7.1,-34.3,22.2,-4.3,-33.4
2014-03-21,-8.3,-11.1,-32.6,6.9,-34.1,22.3,-4.2,-33.3
2014-03-24,-10.9,-15.0,-33.8,-4.4,-35.2,23.9,-4.8,-36.7
2014-03-25,-11.8,-15.0,-31.7,-5.5,-39.2,22.0,-7.1,-36.6
2014-03-26,-12.1,-15.5,-31.3,-7.4,-38.7,21.6,-7.0,-36.5
2014-03-27,-11.0,-13.5,-31.0,-5.1,-38.6,21.1,-7.2,-36.4
2014-03-28,-10.2,-12.7,-29.5,-3.8,-37.5,21.0,-6.4,-36.2
2014-03-31,-13.6,-16.8,-32.6,-2.8,-40.5,17.8,-8.7,-36.1
2014-04-01,-14.5,-19.3,-34.1,-4.2,-39.5,16.5,-7.2,-32.2
2014-04-02,-14.7,-19.0,-32.8,-4.2,-39.3,11.9,-8.2,-32.3
2014-04-03,-17.1,-24.1,-41.8,-9.0,-39.0,17.3,-6.7,-32.0
2014-04-04,-16.9,-24.3,-43.8,-8.3,-38.1,17.5,-5.9,-31.6
2014-04-07,-16.8,-24.7,-45.9,-8.0,-35.8,19.3,-4.9,-30.5
2014-04-08,-16.6,-25.0,-45.2,-8.5,-35.2,18.5,-4.1,-29.1
2014-04-09,-16.0,-24.6,-45.2,-8.7,-33.5,19.7,-3.1,-27.2
2014-04-10,-19.2,-25.2,-41.8,-9.8,-44.4,19.7,-10.2,-42.8
2014-04-11,-23.2,-24.6,-40.2,-9.9,-52.8,18.2,-21.1,-65.4
2014-04-14,-23.2,-24.1,-37.6,-10.2,-53.2,18.0,-21.9,-65.8
2014-04-15,-22.6,-23.0,-32.7,-11.7,-54.5,19.8,-22.1,-64.7
2014-04-16,-23.6,-24.0,-30.4,-16.4,-56.4,24.3,-22.9,-67.3
2014-04-17,-22.4,-21.6,-26.1,-16.6,-58.9,27.1,-23.7,-64.7
2014-04-21,-23.1,-21.9,-23.6,-18.4,-59.0,21.0,-24.8,-65.3
2014-04-22,-23.4,-22.1,-22.9,-20.1,-58.9,18.5,-25.4,-64.6
2014-04-23,-22.7,-19.9,-27.4,-6.5,-59.4,13.4,-26.8,-64.4
2014-04-24,-21.7,-18.4,-27.1,-2.0,-58.7,13.6,-26.7,-64.2
2014-04-25,-21.5,-18.7,-25.3,-1.9,-57.9,16.3,-25.6,-63.1
2014-04-28,-20.2,-16.3,-21.4,-0.1,-58.4,17.0,-26.1,-62.5
2014-04-29,-22.6,-20.2,-21.0,-12.1,-58.4,17.3,-26.3,-62.4
2014-04-30,-25.8,-25.0,-32.5,-11.3,-60.4,18.6,-27.0,-61.8
2014-05-01,-23.9,-22.9,-28.7,-11.2,-57.8,19.3,-25.3,-62.3
2014-05-02,-20.8,-17.0,-18.9,-10.5,-61.0,22.9,-26.6,-62.1
2014-05-05,-20.6,-14.8,-12.6,-10.6,-66.7,29.5,-29.2,-62.2
2014-05-06,-20.5,-14.7,-12.0,-11.6,-66.7,30.1,-29.1,-62.3
2014-05-07,-21.0,-16.6,-11.2,-18.1,-66.8,39.3,-27.7,-59.1
2014-05-08,-19.8,-16.2,-9.7,-20.2,-62.7,39.4,-25.2,-54.2
2014-05-09,-20.1,-16.5,-9.1,-21.0,-63.0,41.0,-25.4,-54.7
2014-05-12,-18.5,-15.2,-6.6,-21.6,-62.6,43.8,-23.4,-50.3
2014-05-13,-22.1,-19.0,-12.7,-27.5,-67.6,43.4,-26.7,-57.2
2014-05-14,-22.4,-19.2,-11.4,-28.3,-67.9,43.2,-27.1,-56.5
2014-05-15,-17.7,-12.6,-7.4,-25.0,-67.4,41.1,-25.3,-55.3
2014-05-16,-16.2,-10.2,-2.3,-24.6,-65.8,36.1,-25.2,-54.2
2014-05-19,-11.5,-2.8,3.0,-22.8,-65.2,36.6,-24.6,-50.9
2014-05-20,-10.8,-2.4,3.3,-22.3,-64.5,36.6,-23.3,-47.5
2014-05-21,-9.5,-1.4,3.2,-22.5,-63.8,43.4,-21.7,-47.0
2014-05-22,-9.5,-3.4,-0.3,-22.4,-56.2,40.9,-18.7,-40.2
2014-05-23,-10.2,-4.2,1.4,-25.4,-53.2,30.1,-19.1,-39.8
2014-05-27,-11.4,-5.4,2.0,-27.3,-52.1,24.6,-20.4,-37.8
2014-05-28,-11.6,-6.5,1.9,-30.5,-49.9,24.1,-19.3,-36.9
2014-05-29,-13.4,-9.4,-2.9,-30.5,-49.6,23.5,-19.3,-35.9
2014-05-30,-14.2,-10.0,-4.8,-28.5,-50.4,20.8,-20.4,-36.3
2014-06-02,-15.8,-11.6,-3.2,-33.9,-50.9,18.8,-22.1,-31.9
2014-06-03,-16.4,-12.2,-2.1,-36.2,-53.2,24.6,-22.6,-29.4
2014-06-04,-19.0,-17.2,-13.7,-38.8,-51.2,23.5,-21.6,-27.2
2014-06-05,-18.2,-17.2,-14.1,-35.8,-48.6,22.8,-19.7,-24.5
2014-06-06,-16.6,-16.7,-12.9,-35.8,-42.5,21.6,-16.5,-20.7
2014-06-09,-15.4,-16.8,-13.2,-38.6,-34.3,16.7,-13.2,-12.7
2014-06-10,-15.6,-18.0,-13.2,-37.7,-31.9,12.2,-11.9,-9.4
2014-06-11,-14.6,-18.0,-13.0,-37.2,-30.1,9.8,-9.6,-3.0
2014-06-12,-14.3,-19.5,-17.6,-36.6,-25.3,11.3,-6.6,3.8
2014-06-13,-14.5,-20.1,-19.5,-35.9,-23.6,9.0,-6.1,5.3
2014-06-16,-13.4,-17.8,-15.4,-33.5,-22.6,6.8,-6.7,3.9
2014-06-17,-14.8,-18.1,-11.6,-37.0,-25.8,3.2,-9.8,1.0
2014-06-18,-14.6,-17.8,-11.5,-36.3,-25.3,3.0,-9.9,2.2
2014-06-19,-13.7,-17.1,-10.2,-35.4,-24.7,5.0,-8.7,2.6
2014-06-20,-12.7,-15.7,-10.2,-34.3,-24.0,6.9,-8.3,2.4
2014-06-23,-11.1,-16.3,-9.0,-39.5,-14.8,5.5,-3.4,10.7
2014-06-24,-9.9,-14.5,-2.6,-42.9,-14.4,6.5,-3.0,11.4
2014-06-25,-12.8,-19.1,-20.3,-34.7,-14.1,4.4,-3.3,10.9
2014-06-26,-13.1,-19.6,-23.1,-33.5,-13.1,4.3,-3.3,11.1
2014-06-27,-15.0,-20.9,-23.7,-38.0,-17.3,4.2,-6.1,11.3
2014-06-30,-13.0,-17.4,-22.0,-29.7,-15.6,-0.4,-6.3,10.0
2014-07-01,-15.7,-20.6,-22.6,-33.3,-18.4,-2.0,-8.4,10.1
2014-07-02,-14.6,-18.5,-18.6,-33.2,-18.1,-5.1,-8.8,9.9
2014-07-03,-12.5,-15.0,-9.4,-33.8,-17.7,-5.1,-8.8,10.9
2014-07-07,-12.9,-16.5,-11.2,-36.7,-12.8,-7.3,-7.6,18.3
2014-07-08,-13.1,-17.6,-13.6,-36.3,-10.2,-7.3,-6.3,21.8
2014-07-09,-12.3,-17.5,-14.0,-36.0,-8.7,-7.2,-4.6,25.2
2014-07-10,-16.9,-24.2,-12.6,-40.9,-10.0,-8.0,-6.0,20.6
2014-07-11,-16.6,-24.8,-13.1,-40.5,-6.3,-9.3,-4.4,24.1
2014-07-14,-16.9,-25.3,-15.9,-38.7,-6.2,-8.4,-4.4,23.8
2014-07-15,-16.3,-24.6,-15.7,-39.7,-4.1,-7.9,-3.8,23.7
2014-07-16,-14.5,-23.1,-13.0,-39.8,-0.6,-8.4,-1.6,29.2
2014-07-17,-16.4,-24.4,-16.7,-39.9,-2.5,-7.7,-4.5,27.0
2014-07-18,-16.6,-24.5,-18.0,-40.2,-2.5,-8.5,-4.8,26.1
2014-07-21,-16.6,-24.6,-16.1,-43.3,-2.5,-7.2,-4.6,25.3
2014-07-22,-18.2,-27.5,-23.4,-43.2,-2.4,-6.3,-4.3,25.0
2014-07-23,-17.6,-26.7,-23.3,-42.3,-0.9,-6.8,-4.0,24.5
2014-07-24,-15.3,-25.1,-26.0,-32.1,5.5,-9.3,-0.7,30.7
2014-07-25,-15.7,-25.8,-24.5,-36.2,5.7,-9.3,-0.6,30.5
2014-07-28,-14.2,-23.3,-20.7,-32.1,6.6,-10.6,-0.5,29.4
2014-07-29,-13.7,-22.4,-18.0,-31.6,6.5,-11.1,-0.6,29.1
2014-07-30,-12.3,-19.1,-5.2,-27.6,5.6,-14.2,-2.2,28.7
2014-07-31,-13.3,-20.6,-12.5,-21.9,5.6,-15.1,-2.4,28.1
2014-08-01,-13.2,-21.8,-13.0,-24.9,7.6,-11.6,-0.4,29.3
2014-08-04,-12.2,-21.2,-12.7,-24.1,9.6,-7.7,1.4,29.1
2014-08-05,-11.6,-18.9,-6.2,-26.1,8.4,-15.9,-0.7,27.9
2014-08-06,-11.3,-18.1,-6.2,-31.6,6.5,-15.9,-1.1,27.5
2014-08-07,-10.9,-17.5,2.6,-33.9,6.2,-15.6,-0.9,27.1
2014-08-08,-9.2,-17.3,3.0,-31.9,14.2,-14.9,2.9,36.4
2014-08-11,-9.1,-16.5,4.1,-30.3,16.2,-14.0,2.0,31.9
2014-08-12,-12.4,-19.3,3.3,-35.8,10.5,-15.5,-2.0,22.5
2014-08-13,-14.3,-20.2,-0.3,-35.5,5.0,-14.7,-5.5,14.8
2014-08-14,-16.8,-22.8,-2.6,-35.6,4.9,-25.1,-7.7,10.5
2014-08-15,-17.1,-23.3,-5.7,-35.2,4.0,-25.0,-7.8,10.7
2014-08-18,-17.8,-21.4,-2.0,-33.9,-1.0,-32.4,-12.3,4.2
2014-08-19,-17.8,-21.5,-1.8,-33.4,-2.1,-31.2,-12.3,3.7
2014-08-20,-17.3,-20.9,-1.8,-32.6,-2.2,-29.6,-11.9,3.6
2014-08-21,-17.3,-19.1,4.0,-36.6,-7.9,-26.2,-14.6,-4.4
2014-08-22,-16.5,-17.7,4.4,-36.2,-7.5,-28.6,-14.8,-4.0
2014-08-25,-15.7,-16.7,5.2,-35.1,-6.5,-28.5,-14.2,-4.4
2014-08-26,-10.1,-7.9,27.3,-37.0,-4.6,-29.0,-13.4,-4.6
2014-08-27,-10.2,-7.8,27.8,-37.8,-5.0,-28.8,-13.7,-4.6
2014-08-28,-9.8,-7.2,32.9,-43.3,-4.8,-29.0,-13.6,-4.9
2014-08-29,-10.7,-9.3,34.6,-45.1,-0.9,-36.5,-12.7,-5.8
2014-09-02,-8.6,-5.5,43.5,-44.6,-3.7,-28.7,-13.2,-5.8
2014-09-03,-10.5,-8.6,41.2,-53.8,-4.2,-26.8,-13.4,-6.1
2014-09-04,-7.9,-4.3,47.0,-47.8,-4.3,-26.4,-13.2,-6.6
2014-09-05,-9.7,-7.3,37.9,-42.5,-5.6,-26.1,-13.4,-7.1
2014-09-08,-9.4,-7.6,38.0,-46.2,-5.7,-24.4,-12.2,-9.4
2014-09-09,-9.3,-7.7,38.5,-45.8,-4.8,-24.3,-11.7,-10.7
2014-09-10,-9.6,-7.6,38.4,-44.9,-5.2,-24.6,-12.6,-11.0
2014-09-11,-8.8,-6.8,35.5,-44.4,-7.5,-35.1,-11.7,-4.2
2014-09-12,-9.2,-6.7,36.2,-45.4,-11.5,-29.3,-12.9,-7.4
2014-09-15,-12.3,-7.5,31.9,-43.3,-22.5,-28.4,-19.6,-24.4
2014-09-16,-12.8,-6.7,31.8,-41.6,-25.5,-31.0,-22.0,-28.2
2014-09-17,-15.2,-10.7,20.8,-41.1,-24.8,-31.5,-21.9,-27.2
2014-09-18,-15.1,-10.8,19.8,-40.5,-23.6,-31.2,-21.6,-27.5
2014-09-19,-15.2,-10.9,20.0,-39.7,-24.0,-30.7,-21.6,-28.0
2014-09-22,-14.2,-9.8,21.0,-39.1,-24.2,-27.9,-20.8,-28.4
2014-09-23,-13.9,-10.8,21.1,-40.5,-21.6,-26.6,-18.6,-24.9
2014-09-24,-12.4,-9.2,26.9,-44.4,-20.8,-22.2,-17.1,-23.3
2014-09-25,-12.2,-8.9,26.9,-44.0,-21.1,-22.3,-17.2,-23.3
2014-09-26,-12.2,-9.2,26.2,-45.0,-21.0,-21.6,-16.8,-23.0
2014-09-29,-10.5,-7.9,24.9,-42.3,-18.5,-19.3,-14.3,-22.0
2014-09-30,-15.3,-11.9,17.9,-43.0,-26.7,-25.4,-20.3,-26.0
2014-10-01,-16.6,-14.9,12.4,-43.2,-25.3,-25.8,-19.2,-25.2
2014-10-02,-16.6,-14.8,11.4,-42.7,-25.3,-27.9,-19.4,-25.7
2014-10-03,-15.0,-12.6,18.3,-45.8,-25.4,-24.6,-18.6,-25.6
2014-10-06,-14.7,-12.4,18.2,-50.6,-25.6,-24.6,-18.2,-25.2
2014-10-07,-17.5,-14.3,17.9,-57.1,-26.1,-24.3,-22.3,-24.9
2014-10-08,-17.7,-14.5,17.8,-56.9,-26.6,-24.5,-22.4,-25.4
2014-10-09,-16.9,-13.6,19.1,-56.6,-26.7,-24.4,-21.9,-25.5
2014-10-10,-18.4,-12.7,19.1,-56.1,-32.3,-27.3,-27.0,-36.7
2014-10-13,-17.6,-12.8,19.1,-55.2,-29.7,-26.9,-24.8,-33.2
2014-10-14,-18.8,-14.4,19.4,-57.3,-29.8,-26.7,-25.3,-32.8
2014-10-15,-20.4,-18.0,12.3,-57.1,-29.7,-26.0,-23.9,-29.7
2014-10-16,-17.9,-14.8,18.3,-54.3,-26.8,-28.3,-22.6,-26.8
2014-10-17,-16.6,-13.8,20.6,-54.1,-27.5,-27.1,-20.8,-26.1
2014-10-20,-16.5,-13.2,21.2,-54.1,-28.8,-26.3,-21.4,-26.8
2014-10-21,-16.0,-13.0,20.8,-54.7,-27.7,-25.8,-20.6,-25.2
2014-10-22,-16.0,-13.6,19.9,-53.5,-27.4,-21.7,-19.6,-25.0
2014-10-23,-12.7,-9.8,19.4,-38.9,-23.6,-20.0,-17.0,-23.0
2014-10-24,-13.2,-10.3,17.2,-36.8,-24.2,-21.6,-17.6,-22.5
2014-10-27,-14.4,-12.5,12.0,-40.5,-24.1,-20.5,-17.3,-22.1
2014-10-28,-13.2,-10.7,13.0,-38.8,-23.4,-20.5,-17.0,-22.1
2014-10-29,-12.7,-10.0,12.5,-37.3,-23.5,-19.5,-16.8,-22.1
2014-10-30,-9.4,-5.0,18.8,-29.7,-24.7,-19.0,-16.0,-22.0
2014-10-31,-11.1,-7.0,18.0,-32.4,-25.5,-23.0,-17.3,-23.5
2014-11-03,-8.5,-3.9,22.1,-28.8,-22.7,-20.6,-15.3,-25.8
2014-11-04,-9.5,-6.0,16.4,-28.0,-21.9,-20.4,-14.7,-25.8
2014-11-05,-10.2,-7.1,15.2,-29.4,-23.2,-20.8,-14.9,-26.2
2014-11-06,-9.7,-7.4,16.2,-31.4,-22.5,-20.1,-13.1,-24.8
2014-11-07,-9.8,-7.4,15.0,-32.4,-23.4,-19.3,-13.3,-23.1
2014-11-10,-8.1,-6.8,15.6,-30.7,-18.3,-14.3,-10.1,-14.9
2014-11-11,-7.5,-4.9,15.8,-30.2,-17.5,-14.3,-11.5,-18.9
2014-11-12,-5.9,-4.5,15.7,-29.7,-11.8,-13.9,-8.0,-11.2
2014-11-13,-5.5,-4.3,13.3,-29.1,-13.7,-13.4,-7.3,-10.5
2014-11-14,-3.4,-2.3,15.4,-26.4,-11.1,-18.8,-5.1,-12.1
2014-11-17,-7.6,-10.8,8.4,-24.0,-9.0,-12.9,-2.9,-9.0
2014-11-18,-5.3,-7.3,10.5,-15.7,-8.0,-13.7,-2.2,-7.7
2014-11-19,-4.7,-7.1,10.6,-15.0,-7.8,-11.7,-1.1,-5.7
2014-11-20,-5.5,-8.5,21.4,-37.0,-8.8,-8.5,-1.0,-7.0
2014-11-21,-5.0,-7.7,19.9,-36.0,-8.7,-11.7,-1.0,-5.4
2014-11-24,-4.0,-6.7,13.4,-25.3,-7.6,-8.9,-1.0,-4.7
2014-11-25,-3.0,-5.2,16.4,-23.7,-7.4,-8.5,0.3,-4.6
2014-11-26,-4.8,-8.6,6.2,-22.9,-6.8,-7.6,0.8,-4.4
2014-11-28,-4.1,-6.3,6.1,-21.5,-9.2,-7.9,-0.9,-1.0
2014-12-01,-4.3,-5.3,7.8,-20.8,-11.4,-8.9,-2.7,-2.3
2014-12-02,-5.1,-5.4,7.9,-21.6,-11.0,-19.1,-4.7,-3.6
2014-12-03,-4.7,-5.0,12.2,-26.2,-10.5,-18.8,-4.2,-3.4
2014-12-04,-4.5,-4.3,12.1,-25.6,-10.1,-22.7,-4.9,-3.2
2014-12-05,-3.2,-2.2,14.9,-21.4,-10.5,-17.3,-4.6,-3.0
2014-12-08,-3.8,-1.8,15.9,-17.5,-11.7,-15.3,-6.8,-6.1
2014-12-09,-3.6,-1.7,17.9,-17.1,-10.5,-14.0,-6.5,-6.0
2014-12-10,-4.2,-2.2,18.1,-19.4,-9.6,-15.7,-7.1,-4.7
2014-12-11,-2.7,-0.4,24.8,-20.6,-8.3,-15.5,-6.2,-3.5
2014-12-12,-5.2,1.7,29.6,-20.3,-26.2,-14.1,-15.5,-24.1
2014-12-15,-3.0,5.1,34.4,-19.6,-24.0,-16.6,-15.2,-24.1
2014-12-16,-0.4,8.4,31.4,-3.0,-22.0,-15.9,-13.7,-21.2
2014-12-17,-0.4,9.1,31.2,-2.5,-22.5,-15.9,-13.7,-19.8
2014-12-18,1.3,10.7,31.6,-2.1,-22.4,-12.9,-12.9,-19.8
2014-12-19,1.2,10.5,31.5,-0.8,-22.4,-12.1,-12.8,-19.8
2014-12-22,2.2,12.2,32.7,1.9,-22.2,-12.8,-12.8,-20.5
2014-12-23,3.2,14.6,36.9,2.1,-23.6,-12.1,-14.0,-20.2
2014-12-24,3.8,15.5,38.5,2.6,-23.4,-11.7,-13.7,-20.0
2014-12-26,3.4,15.0,38.6,3.3,-24.1,-10.7,-13.9,-19.4
2014-12-29,4.6,16.7,40.0,5.1,-23.6,-11.3,-13.5,-19.3
2014-12-30,5.2,17.3,38.4,9.2,-23.0,-11.0,-13.0,-19.2
2014-12-31,4.8,16.2,34.7,10.2,-22.3,-11.3,-12.4,-18.3
2015-01-02,3.3,13.4,28.3,9.0,-21.6,-12.5,-11.9,-17.3
2015-01-05,2.8,14.2,27.6,12.4,-21.7,-28.4,-14.3,-16.4
2015-01-06,1.3,11.4,22.8,10.9,-21.4,-27.3,-13.9,-15.5
2015-01-07,3.3,14.0,29.3,10.6,-20.0,-26.7,-12.8,-14.2
2015-01-08,1.2,11.7,28.5,3.0,-20.3,-34.6,-14.5,-17.7
2015-01-09,0.1,11.4,30.7,0.8,-22.7,-38.3,-16.9,-18.4
2015-01-12,0.5,11.7,30.8,0.1,-19.4,-37.8,-16.2,-14.9
2015-01-13,1.6,12.2,31.0,0.2,-15.9,-37.5,-14.2,-10.2
2015-01-14,-1.2,7.2,19.0,-0.2,-16.8,-30.0,-13.7,-8.4
2015-01-15,-3.8,3.8,11.7,-0.6,-19.2,-29.2,-15.1,-11.3
2015-01-16,-5.7,1.0,7.2,-3.8,-18.2,-31.5,-15.7,-12.8
2015-01-20,-5.3,0.4,4.8,-3.3,-14.3,-32.8,-13.8,-7.0
2015-01-21,-4.4,0.8,5.5,-3.4,-14.1,-32.3,-12.2,-6.8
2015-01-22,-4.9,-0.1,4.0,-3.6,-13.8,-32.1,-12.1,-6.7
2015-01-23,-4.4,-0.5,-1.5,-0.5,-10.6,-32.2,-10.3,-4.4
2015-01-26,-5.0,-1.4,-3.7,0.4,-10.0,-40.1,-10.5,-1.6
2015-01-27,-5.7,-2.2,-3.7,0.4,-10.5,-40.3,-11.0,-1.3
2015-01-28,-3.7,-1.3,-4.0,1.6,-10.3,-39.5,-7.4,6.6
2015-01-29,-3.0,-0.7,1.1,-2.3,-9.1,-37.3,-6.4,6.4
2015-01-30,-1.0,1.6,-4.0,10.0,-6.0,-37.5,-4.8,6.6
2015-02-02,-2.5,0.3,-8.5,12.0,-9.2,-36.5,-6.6,3.4
2015-02-03,-3.0,-1.0,-13.0,12.6,-9.0,-32.8,-5.9,2.5
2015-02-04,-1.8,0.9,-13.0,20.8,-8.8,-33.8,-5.9,2.5
2015-02-05,-3.8,-3.3,-27.2,25.7,-7.5,-30.4,-4.5,2.5
2015-02-06,-3.5,-2.3,-25.3,24.8,-7.6,-33.3,-5.3,2.5
2015-02-09,-5.4,-1.3,-26.1,29.2,-18.3,-32.0,-11.6,-12.7
2015-02-10,-5.3,-1.6,-28.8,31.2,-16.7,-31.5,-10.8,-12.4
2015-02-11,-4.8,-1.6,-29.6,31.0,-16.4,-37.8,-9.6,-9.3
2015-02-12,-4.9,-2.7,-36.9,31.1,-15.0,-34.7,-8.2,-8.4
2015-02-13,-2.3,2.0,-37.2,43.7,-15.0,-35.0,-8.8,-8.4
2015-02-17,-5.5,-3.2,-45.4,47.2,-12.3,-36.5,-9.0,-8.2
2015-02-18,-6.7,-3.6,-48.4,46.6,-11.9,-34.8,-11.4,-14.0
2015-02-19,-7.0,-3.7,-48.3,46.0,-11.6,-35.2,-11.9,-13.7
2015-02-20,-6.1,-2.3,-47.4,56.1,-11.3,-34.8,-11.7,-13.6
2015-02-23,-6.6,-3.8,-45.6,50.1,-9.8,-33.9,-10.7,-13.1
2015-02-24,-6.9,-5.1,-47.8,49.3,-9.0,-32.3,-9.7,-12.5
2015-02-25,-5.7,-4.6,-47.1,50.6,-5.2,-31.9,-7.3,-7.9
2015-02-26,-3.9,-1.9,-41.8,49.9,-4.2,-33.4,-7.0,-8.2
2015-02-27,-5.2,-3.8,-46.7,51.0,-3.5,-38.1,-7.3,-9.2
2015-03-02,-2.7,-2.9,-49.2,58.0,1.5,-34.9,-2.3,2.6
2015-03-03,-3.1,-1.0,-49.4,61.8,-1.5,-45.6,-6.2,1.6
2015-03-04,-4.5,-3.1,-49.6,55.6,-2.4,-47.0,-6.5,1.2
2015-03-05,-6.6,-7.0,-55.0,49.5,-1.7,-46.7,-5.9,1.9
2015-03-06,-5.1,-4.5,-47.5,49.3,-1.6,-51.2,-5.9,2.9
2015-03-09,1.0,-6.5,-49.0,49.5,33.7,-50.1,12.2,51.6
2015-03-10,0.2,-7.8,-50.1,47.1,34.6,-49.9,12.3,52.4
2015-03-11,-3.5,-8.1,-50.5,46.3,19.9,-49.7,3.3,32.7
2015-03-12,-3.4,-9.8,-55.6,45.3,25.2,-49.3,6.3,40.0
2015-03-13,-5.1,-12.2,-60.1,44.1,24.3,-49.9,5.6,41.5
2015-03-16,-7.6,-15.2,-63.8,39.6,21.3,-53.4,3.8,39.5
2015-03-17,-10.3,-18.4,-72.0,40.8,19.1,-53.9,1.9,38.6
2015-03-18,-11.1,-18.9,-71.9,40.5,17.7,-54.9,0.6,38.4
2015-03-19,-12.1,-19.1,-72.1,40.3,17.7,-56.8,-1.5,33.7
2015-03-20,-12.3,-20.1,-72.1,40.2,17.7,-52.4,-0.6,33.6
2015-03-23,-12.2,-20.8,-73.3,39.7,19.2,-50.6,0.7,33.0
2015-03-24,-6.4,-11.2,-57.8,51.0,19.2,-50.6,0.7,32.5
2015-03-25,-8.8,-12.3,-61.9,53.1,11.9,-49.8,-3.6,22.5
2015-03-26,-8.2,-11.6,-60.0,52.3,12.8,-50.4,-3.2,21.7
2015-03-27,-8.3,-12.9,-62.9,52.1,12.6,-40.1,-1.4,24.9
2015-03-30,-6.3,-10.0,-60.8,64.9,12.9,-37.7,-0.8,24.0
2015-03-31,-6.1,-10.3,-58.6,58.4,14.7,-39.9,0.3,22.2
2015-04-01,-5.0,-10.5,-62.5,63.2,16.9,-31.4,3.3,29.3
2015-04-02,-0.7,-4.5,-47.3,63.1,16.7,-22.8,4.9,32.0
2015-04-06,-3.1,-8.1,-56.5,63.7,13.4,-15.6,4.5,30.7
2015-04-07,-2.7,-7.6,-55.7,62.5,13.2,-14.1,4.6,30.6
2015-04-08,-3.0,-8.4,-55.0,57.6,10.5,-11.2,5.2,29.9
2015-04-09,-3.0,-8.4,-53.5,57.4,9.9,-11.2,5.2,29.1
2015-04-10,-0.8,-7.4,-52.2,56.9,14.2,-11.1,9.0,37.3
2015-04-13,-5.2,-4.5,-45.6,56.2,-10.8,-12.6,-6.2,3.7
2015-04-14,-6.1,-5.7,-48.0,55.7,-10.3,-16.1,-6.6,2.5
2015-04-15,-9.2,-6.6,-49.0,55.3,-23.4,-12.5,-13.2,-16.5
2015-04-16,-11.1,-9.5,-56.7,54.4,-23.6,-13.3,-13.6,-17.0
2015-04-17,-9.0,-7.4,-54.2,53.4,-19.4,-14.4,-11.5,-17.4
2015-04-20,-10.1,-8.5,-54.3,49.9,-21.0,-13.2,-12.5,-19.5
2015-04-21,-10.3,-8.7,-53.1,47.8,-21.3,-12.7,-12.8,-19.8
2015-04-22,-10.5,-8.7,-51.8,46.6,-21.9,-11.2,-13.1,-20.0
2015-04-23,-17.1,-18.9,-57.2,20.6,-23.9,-10.8,-14.4,-23.2
2015-04-24,-15.2,-16.3,-57.7,20.5,-23.8,-5.0,-13.5,-22.7
2015-04-27,-15.6,-16.6,-56.0,17.4,-23.9,-1.1,-14.1,-24.4
2015-04-28,-18.1,-19.8,-58.5,16.2,-26.1,-2.0,-15.6,-24.3
2015-04-29,-20.1,-22.5,-66.8,17.2,-26.3,-5.9,-16.5,-24.2
2015-04-30,-17.8,-19.3,-62.2,11.9,-25.3,-5.5,-15.6,-23.7
2015-05-01,-18.2,-19.7,-62.3,10.8,-25.6,-6.2,-16.0,-22.5
2015-05-04,-18.3,-18.3,-56.1,6.5,-27.5,-6.6,-18.2,-24.6
2015-05-05,-21.1,-23.1,-65.3,5.2,-31.1,3.4,-18.1,-22.2
2015-05-06,-18.8,-19.3,-67.3,19.0,-30.7,2.9,-18.0,-22.5
2015-05-07,-16.7,-18.6,-64.7,17.1,-27.4,3.2,-13.9,-19.0
2015-05-08,-18.7,-19.8,-64.3,14.2,-36.2,-0.3,-17.1,-28.1
2015-05-11,-18.3,-19.9,-61.0,10.5,-33.7,1.8,-15.8,-27.0
2015-05-12,-18.7,-20.1,-59.5,9.1,-35.9,1.0,-16.7,-30.6
2015-05-13,-19.2,-19.6,-63.8,2.5,-42.2,1.3,-18.6,-35.4
2015-05-14,-18.7,-18.5,-62.0,2.2,-42.3,-2.9,-19.0,-37.1
2015-05-15,-19.0,-22.3,-71.6,1.9,-40.3,-2.2,-14.0,-29.9
2015-05-18,-18.1,-22.4,-72.4,0.6,-39.4,1.4,-11.6,-29.1
2015-05-19,-16.9,-20.9,-64.5,-4.5,-38.0,1.8,-10.9,-29.4
2015-05-20,-17.0,-19.5,-64.3,-6.2,-38.1,2.1,-13.3,-32.1
2015-05-21,-19.4,-23.3,-65.3,-11.7,-39.3,4.4,-13.6,-34.6
2015-05-22,-19.4,-22.2,-62.1,-11.1,-39.7,3.4,-15.2,-38.1
2015-05-26,-19.1,-20.2,-56.8,-11.2,-43.1,3.5,-17.4,-42.9
2015-05-27,-18.6,-19.5,-55.6,-11.0,-43.2,4.9,-17.3,-43.3
2015-05-28,-20.1,-21.0,-56.8,-11.8,-45.3,4.2,-18.8,-44.2
2015-05-29,-20.8,-21.0,-54.2,-13.9,-49.8,10.0,-20.4,-45.7
2015-06-01,-20.8,-20.5,-52.5,-13.9,-50.4,10.1,-21.3,-50.2
2015-06-02,-18.7,-17.9,-53.1,-5.5,-50.4,17.0,-19.9,-49.0
2015-06-03,-16.2,-14.3,-51.5,4.6,-50.9,17.6,-19.0,-48.0
2015-06-04,-16.1,-13.9,-50.5,4.4,-52.0,17.5,-19.5,-49.8
2015-06-05,-15.4,-11.3,-47.9,6.0,-54.7,13.7,-21.5,-52.5
2015-06-08,-12.0,-8.2,-44.6,6.2,-50.0,13.7,-17.6,-49.7
2015-06-09,-11.3,-7.1,-42.7,5.9,-50.2,13.8,-17.6,-50.5
2015-06-10,-10.3,-5.5,-41.2,4.0,-51.2,13.9,-17.6,-50.2
2015-06-11,-10.1,-3.0,-37.7,5.1,-54.5,12.7,-20.8,-55.8
2015-06-12,-7.1,-1.3,-33.0,4.7,-46.2,12.9,-15.8,-44.8
2015-06-15,-7.1,-0.9,-30.4,3.3,-46.2,13.7,-16.3,-44.6
2015-06-16,-8.9,-3.0,-32.9,-0.6,-45.8,6.4,-17.8,-47.5
2015-06-17,-9.0,-2.7,-32.9,-1.2,-45.9,3.1,-18.5,-46.9
2015-06-18,-9.1,-4.1,-35.8,-1.9,-43.9,3.6,-16.5,-44.8
2015-06-19,-9.9,-5.3,-36.0,-2.8,-43.4,0.6,-16.9,-45.0
2015-06-22,-10.9,-7.3,-38.0,-6.6,-41.2,-1.5,-16.3,-41.9
2015-06-23,-6.8,-0.9,-36.8,13.5,-39.8,-2.4,-15.7,-40.3
2015-06-24,-8.3,-1.5,-35.9,10.4,-43.5,-4.6,-18.5,-40.6
2015-06-25,-8.4,-0.4,-32.7,9.5,-45.6,-6.5,-20.3,-41.1
2015-06-26,-7.8,0.8,-30.6,7.4,-45.8,-8.7,-20.8,-41.1
2015-06-29,-9.8,-2.4,-29.1,1.9,-44.1,-11.5,-20.9,-42.0
2015-06-30,-12.0,-5.1,-28.8,-5.0,-45.5,-14.1,-22.3,-41.8
2015-07-01,-9.0,-0.7,-24.1,-4.9,-46.7,-14.9,-21.4,-43.3
2015-07-02,-8.3,-1.4,-25.1,-4.4,-46.0,-1.8,-18.6,-38.7
2015-07-06,-8.2,-1.6,-23.6,-6.5,-41.9,-4.1,-18.2,-36.1
2015-07-07,-8.3,-1.5,-21.5,-6.7,-43.7,-0.2,-18.6,-35.2
2015-07-08,-7.2,-1.5,-20.7,-6.4,-43.0,-0.1,-18.0,-33.9
2015-07-09,-6.5,0.8,-22.9,-6.1,-41.3,-0.1,-17.5,-31.4
2015-07-10,-6.1,2.9,-21.8,-3.9,-42.3,-7.0,-19.5,-32.7
2015-07-13,-3.7,4.5,-17.1,-2.7,-35.8,-6.7,-16.0,-22.7
2015-07-14,-5.7,2.0,-22.9,-1.7,-36.8,-10.1,-17.2,-23.7
2015-07-15,-2.9,1.6,-21.5,-1.1,-23.9,-9.5,-9.6,-9.1
2015-07-16,-3.0,1.9,-20.8,-0.3,-22.9,-14.4,-10.3,-8.4
2015-07-17,-2.4,3.1,-18.0,0.7,-22.5,-17.6,-10.7,-9.1
2015-07-20,-1.0,5.1,-14.8,5.5,-21.0,-19.0,-10.1,-8.1
2015-07-21,-1.0,6.6,-13.2,9.2,-20.3,-19.4,-9.8,-7.4
2015-07-22,-1.0,6.6,-12.3,8.7,-19.9,-20.2,-9.9,-6.7
2015-07-23,1.5,8.5,-7.0,8.6,-18.9,-20.1,-9.1,-6.3
2015-07-24,-5.1,1.1,-14.4,-5.6,-27.8,-19.8,-14.5,-17.5
2015-07-27,-3.8,2.7,-10.5,-3.7,-25.9,-18.8,-13.6,-16.0
2015-07-28,-5.7,-0.3,-15.8,-3.4,-26.1,-18.9,-13.9,-15.5
2015-07-29,-5.4,0.1,-14.9,-3.8,-25.2,-18.9,-13.6,-15.0
2015-07-30,-3.4,2.9,-16.3,3.2,-24.5,-16.0,-12.8,-14.2
2015-07-31,-2.6,3.3,-15.4,7.1,-21.2,-18.3,-11.4,-14.3
2015-08-03,-2.3,3.0,-14.0,5.6,-18.4,-18.1,-10.3,-16.8
2015-08-04,-1.7,3.1,-14.0,6.1,-17.3,-10.3,-8.8,-12.5
2015-08-05,3.0,8.4,-8.2,18.0,-13.0,-8.9,-5.0,-8.9
2015-08-06,3.8,10.0,-7.6,21.5,-12.4,-13.5,-5.5,-8.2
2015-08-07,3.5,8.2,-8.2,15.0,-12.1,-13.3,-3.5,-7.2
2015-08-10,2.1,7.4,-5.9,15.9,-14.1,-12.3,-5.8,-11.0
2015-08-11,1.9,6.3,-5.4,11.9,-12.8,-10.1,-4.8,-11.2
2015-08-12,1.0,6.8,-4.1,12.0,-17.2,-9.3,-7.7,-17.9
2015-08-13,0.5,5.7,-5.4,12.2,-16.4,-9.4,-7.4,-17.6
2015-08-14,0.3,4.7,-4.4,8.8,-14.7,-9.5,-6.3,-17.2
2015-08-17,0.5,3.7,-9.2,10.2,-14.4,-5.4,-4.4,-15.4
2015-08-18,0.5,4.9,-8.2,10.8,-18.5,-4.1,-6.2,-14.7
2015-08-19,-1.4,1.4,-15.8,10.4,-18.1,-2.9,-5.5,-12.4
2015-08-20,-1.6,1.0,-17.1,10.1,-17.8,-3.0,-5.4,-13.7
2015-08-21,-1.8,2.8,-18.2,16.9,-23.8,-0.9,-8.6,-22.1
2015-08-24,-2.1,2.2,-18.6,15.6,-23.0,-2.5,-8.5,-22.5
2015-08-25,-0.6,4.4,-15.3,17.9,-21.0,-2.3,-8.0,-22.4
2015-08-26,0.9,6.7,-9.3,17.4,-20.5,-3.0,-7.9,-22.4
2015-08-27,2.5,9.4,-2.7,18.1,-20.5,-2.8,-7.9,-22.5
2015-08-28,0.8,7.8,-7.5,14.6,-20.1,-11.7,-9.6,-26.0
2015-08-31,-1.6,6.4,-8.2,16.2,-26.3,-12.3,-13.6,-31.4
2015-09-01,-3.0,7.4,-12.6,24.8,-32.6,-8.6,-18.6,-30.3
2015-09-02,-6.2,5.3,-15.9,24.5,-32.6,-32.8,-23.5,-35.6
2015-09-03,-5.7,5.9,-14.7,27.1,-32.6,-29.7,-23.2,-36.3
2015-09-04,-6.4,5.2,-15.6,25.4,-32.7,-32.4,-23.8,-36.5
2015-09-08,-7.5,4.5,-16.6,22.8,-31.7,-30.3,-25.6,-35.0
2015-09-09,-8.2,3.4,-16.9,22.7,-31.9,-29.8,-25.6,-36.2
2015-09-10,-8.0,2.3,-16.6,23.0,-30.7,-29.3,-23.5,-35.8
2015-09-11,-8.7,0.7,-22.2,24.6,-28.5,-27.3,-22.8,-35.4
2015-09-14,-8.9,1.4,-20.3,24.5,-30.8,-24.4,-24.3,-38.3
2015-09-15,-10.6,-1.6,-24.7,20.4,-29.8,-25.0,-24.0,-38.2
2015-09-16,-10.5,-2.2,-23.5,15.9,-29.5,-21.9,-23.0,-37.5
2015-09-17,-12.1,-4.1,-27.3,15.3,-30.4,-21.7,-24.2,-37.4
2015-09-18,-12.1,-4.4,-27.4,14.5,-30.0,-21.6,-23.7,-37.4
2015-09-21,-12.4,-5.6,-27.7,11.7,-28.1,-20.6,-22.6,-37.2
2015-09-22,-12.3,-6.1,-28.3,12.4,-27.3,-17.6,-21.6,-36.0
2015-09-23,-13.0,-6.0,-28.2,14.5,-31.2,-14.7,-23.4,-39.7
2015-09-24,-12.4,-4.3,-27.5,16.9,-32.9,-14.7,-24.5,-39.4
2015-09-25,-12.0,-3.6,-25.0,15.9,-32.9,-14.9,-24.7,-39.2
2015-09-28,-11.4,-2.1,-23.8,21.2,-32.3,-16.9,-25.3,-39.0
2015-09-29,-8.0,3.7,-20.4,35.8,-32.2,-18.7,-25.6,-39.4
2015-09-30,-9.6,0.8,-20.5,33.0,-32.6,-16.7,-25.2,-38.1
2015-10-01,-6.7,2.6,-22.3,31.6,-24.7,-15.6,-20.6,-34.5
2015-10-02,-7.8,0.5,-29.7,31.3,-23.9,-16.2,-20.3,-31.9
2015-10-05,-10.8,-4.4,-29.7,18.7,-23.1,-18.1,-20.3,-30.5
2015-10-06,-11.8,-6.1,-29.4,13.9,-23.0,-18.5,-20.3,-30.1
2015-10-07,-13.3,-7.7,-28.9,8.4,-23.0,-17.7,-21.6,-29.6
2015-10-08,-11.7,-7.1,-26.8,8.4,-23.3,-17.3,-18.5,-30.7
2015-10-09,-11.6,-6.8,-26.3,9.0,-24.1,-16.7,-18.9,-31.1
2015-10-12,-11.0,-5.8,-24.3,8.7,-23.4,-14.5,-18.8,-29.4
2015-10-13,-10.9,-6.7,-24.1,6.0,-21.0,-13.5,-17.2,-25.9
2015-10-14,-11.9,-8.2,-26.7,6.0,-20.1,-18.0,-17.4,-27.1
2015-10-15,-9.9,-5.1,-18.5,6.0,-20.2,-17.5,-17.1,-25.6
2015-10-16,-8.7,-3.3,-14.8,6.1,-18.8,-19.8,-16.7,-25.3
2015-10-19,-8.3,-1.7,-11.3,6.8,-19.7,-18.5,-18.1,-28.3
2015-10-20,-6.8,0.2,-7.2,7.5,-18.7,-18.5,-17.4,-26.9
2015-10-21,-5.5,1.3,-5.6,9.0,-17.1,-14.7,-15.6,-24.8
2015-10-22,-5.0,1.9,-5.3,8.7,-17.1,-13.4,-15.4,-23.8
2015-10-23,-0.7,7.7,-0.1,22.2,-15.8,-9.3,-13.4,-22.3
2015-10-26,-3.1,3.7,-7.7,20.3,-14.7,-11.1,-13.3,-21.6
2015-10-27,-4.5,1.5,-10.1,18.1,-14.8,-11.5,-13.5,-21.1
2015-10-28,-4.6,1.4,-10.0,19.9,-14.9,-11.4,-13.6,-20.4
2015-10-29,-2.0,5.0,-10.5,25.7,-14.4,-6.8,-12.5,-18.6
2015-10-30,-0.8,5.6,-12.7,32.7,-10.9,-6.8,-10.5,-17.9
2015-11-02,-0.8,6.2,-13.1,32.3,-8.2,-7.8,-9.2,-10.7
2015-11-03,0.3,6.0,-13.4,32.4,-7.8,-3.7,-8.3,-10.0
2015-11-04,2.7,8.9,-6.5,33.1,-7.2,4.3,-6.5,-5.6
2015-11-05,1.4,6.7,-8.4,27.7,-7.3,4.9,-6.5,-6.1
2015-11-06,3.9,9.5,-8.4,22.1,-4.9,7.0,-4.5,-4.7
2015-11-09,4.7,10.2,0.6,23.4,-4.2,6.5,-3.6,-5.4
2015-11-10,2.2,6.4,0.9,23.7,-5.5,6.5,-4.1,-5.6
2015-11-11,2.5,6.2,1.0,23.8,-5.5,9.2,-3.0,-4.8
2015-11-12,3.5,7.9,0.5,23.4,-8.7,13.6,-3.2,-5.6
2015-11-13,3.5,7.4,0.5,22.9,-7.4,12.3,-2.4,-5.2
2015-11-16,4.3,7.3,1.5,24.9,-4.9,12.1,-0.1,-3.6
2015-11-17,4.0,6.0,-2.8,26.5,-3.5,12.4,1.0,-2.2
2015-11-18,2.4,3.0,-9.0,25.0,-2.3,10.6,1.4,-1.5
2015-11-19,1.1,1.8,-8.6,24.6,-2.1,9.2,1.4,-5.1
2015-11-20,1.5,1.1,-9.1,24.0,-1.8,17.8,2.1,-4.8
2015-11-23,2.3,2.1,-12.8,32.8,-1.2,16.0,2.5,-3.2
2015-11-24,1.7,1.0,-17.2,35.4,-0.9,17.3,2.8,-2.6
2015-11-25,1.9,0.5,-16.5,34.2,0.3,19.3,4.0,-1.7
2015-11-27,1.6,-1.0,-15.5,28.2,2.2,19.1,5.4,-0.7
2015-11-30,2.3,-2.4,-14.4,23.1,5.6,24.9,9.3,2.6
2015-12-01,1.3,-4.4,-20.2,28.9,9.9,17.7,9.9,1.5
2015-12-02,0.5,-6.1,-17.7,21.2,10.0,19.9,10.5,1.5
2015-12-03,-1.2,-8.8,-21.8,17.7,9.9,16.0,10.2,1.1
2015-12-04,-1.1,-9.9,-25.8,19.1,12.0,16.6,12.1,1.1
2015-12-07,-1.6,-10.0,-24.3,16.7,9.4,13.8,11.0,1.1
2015-12-08,-0.1,-7.5,-23.6,16.7,7.5,13.5,11.0,-1.1
2015-12-09,2.2,-3.8,-22.4,16.6,7.3,13.1,11.1,-0.9
2015-12-10,2.8,-3.3,-23.8,16.2,6.5,12.9,11.9,-0.7
2015-12-11,4.8,-2.4,-22.3,17.3,13.4,9.8,15.6,8.9
2015-12-14,7.7,1.0,-20.7,19.0,17.4,8.6,17.7,13.8
2015-12-15,6.9,0.5,-22.2,19.5,15.4,8.0,16.4,13.3
2015-12-16,7.7,0.3,-23.0,20.4,15.4,19.7,18.8,17.8
2015-12-17,7.4,0.4,-23.9,19.0,14.3,22.6,17.8,15.6
2015-12-18,6.9,-0.5,-23.9,18.7,14.4,23.6,18.1,16.1
2015-12-21,5.5,-2.9,-30.4,17.6,15.4,21.2,18.1,16.3
2015-12-22,5.4,-2.8,-29.2,17.6,15.2,21.1,17.8,15.9
2015-12-23,3.4,-6.4,-32.8,16.3,15.3,21.7,18.2,15.7
2015-12-24,3.3,-6.4,-32.2,15.9,14.6,22.4,17.9,14.7
2015-12-28,1.7,-7.8,-31.2,13.9,11.7,21.9,15.9,12.6
2015-12-29,1.5,-7.3,-28.7,14.2,11.0,18.3,14.8,10.5
2015-12-30,1.3,-6.5,-27.5,14.5,7.7,21.8,12.9,8.8
2015-12-31,0.4,-8.0,-31.8,15.4,7.6,21.9,12.9,8.3
2016-01-04,-0.6,-7.0,-34.4,21.1,0.4,23.3,8.9,1.3
2016-01-05,-2.4,-8.0,-34.8,17.2,0.2,12.0,6.1,2.3
2016-01-06,-1.1,-5.7,-29.3,17.3,-0.1,11.9,5.9,2.1
2016-01-07,-0.7,-2.8,-29.8,28.9,-2.0,0.3,2.4,-1.8
2016-01-08,0.1,-0.5,-21.3,25.5,-2.8,-0.6,1.1,-2.3
2016-01-11,-1.7,-1.7,-22.6,24.0,-5.6,-6.4,-1.7,-3.0
2016-01-12,-6.0,-3.3,-24.1,23.4,-19.2,-6.7,-10.1,-23.1
2016-01-13,-4.1,-3.8,-24.7,22.7,-12.5,-1.5,-4.5,-12.4
2016-01-14,-6.1,-6.9,-26.3,20.5,-12.4,-4.3,-4.8,-12.1
2016-01-15,-7.8,-10.2,-33.8,19.6,-11.6,-2.5,-4.1,-11.0
2016-01-19,-10.6,-12.1,-35.2,15.6,-17.4,-5.2,-8.3,-17.5
2016-01-20,-13.8,-16.7,-45.1,12.8,-19.3,-6.2,-9.4,-20.0
2016-01-21,-13.9,-17.9,-45.7,12.1,-19.4,-1.2,-7.9,-18.0
2016-01-22,-16.3,-21.9,-43.5,-5.8,-20.0,-1.5,-8.0,-18.0
2016-01-25,-17.6,-23.2,-40.7,-14.0,-20.4,-3.9,-9.1,-19.0
2016-01-26,-16.8,-23.4,-39.4,-15.6,-20.3,8.6,-6.9,-14.8
2016-01-27,-15.6,-21.0,-33.3,-17.3,-20.8,8.0,-7.4,-15.0
2016-01-28,-20.8,-30.2,-47.3,-26.5,-20.2,10.0,-6.6,-14.3
2016-01-29,-20.1,-31.0,-47.1,-25.1,-17.2,14.9,-3.8,-14.7
2016-02-01,-21.7,-31.3,-50.5,-22.2,-23.3,9.8,-7.3,-11.8
2016-02-02,-22.0,-30.8,-50.5,-19.4,-24.9,7.5,-8.8,-12.0
2016-02-03,-22.4,-31.7,-54.2,-18.6,-24.9,10.4,-8.4,-11.5
2016-02-04,-22.7,-32.2,-55.7,-18.8,-24.5,8.9,-8.5,-11.1
2016-02-05,-21.4,-31.5,-55.7,-19.4,-22.2,14.4,-6.2,-10.6
2016-02-08,-20.1,-30.0,-53.5,-20.7,-19.1,13.0,-5.3,-7.7
2016-02-09,-21.1,-31.6,-52.6,-27.0,-18.6,12.5,-5.3,-7.4
2016-02-10,-21.9,-32.7,-51.6,-31.3,-19.0,12.7,-5.6,-7.3
2016-02-11,-20.7,-31.7,-48.9,-31.8,-17.9,11.2,-4.1,-5.1
2016-02-12,-20.3,-30.6,-48.3,-29.5,-21.0,11.3,-4.8,-9.2
2016-02-16,-21.5,-31.2,-46.9,-30.8,-29.4,15.9,-7.0,-17.2
2016-02-17,-22.2,-31.0,-47.4,-31.1,-30.6,12.7,-9.1,-17.1
2016-02-18,-21.1,-30.2,-44.8,-31.6,-29.9,12.9,-7.4,-14.4
2016-02-19,-19.7,-28.2,-37.0,-32.3,-29.4,13.5,-7.0,-14.4
2016-02-22,-22.9,-32.6,-33.7,-51.7,-29.7,8.3,-8.3,-14.5
2016-02-23,-24.1,-34.7,-35.9,-55.6,-29.8,9.6,-8.2,-14.3
2016-02-24,-24.6,-35.2,-38.6,-54.3,-30.9,10.4,-8.7,-14.3
2016-02-25,-22.6,-31.6,-30.7,-53.3,-31.9,13.3,-9.1,-13.4
2016-02-26,-21.2,-30.0,-21.4,-60.4,-31.2,17.1,-7.9,-12.8
2016-02-29,-22.5,-31.5,-19.4,-71.1,-33.1,21.4,-8.9,-11.7
2016-03-01,-19.9,-27.3,-12.7,-67.7,-34.2,20.3,-8.8,-18.4
2016-03-02,-19.4,-26.2,-10.1,-67.5,-36.6,26.9,-9.1,-16.6
2016-03-03,-19.5,-26.4,-12.3,-62.9,-36.4,28.7,-9.2,-16.0
2016-03-04,-19.8,-27.2,-12.9,-62.5,-37.5,34.4,-8.8,-14.5
2016-03-07,-21.4,-28.3,-11.8,-61.8,-37.0,29.6,-11.0,-15.5
2016-03-08,-22.4,-26.2,-13.0,-53.2,-47.7,29.4,-16.8,-30.2
2016-03-09,-22.8,-26.5,-12.8,-55.2,-48.5,29.3,-17.3,-31.7
2016-03-10,-22.8,-25.0,-9.8,-55.0,-48.6,20.8,-19.5,-34.8
2016-03-11,-23.5,-24.9,-9.3,-54.8,-50.5,25.7,-21.3,-42.8
2016-03-14,-20.6,-20.5,-7.5,-51.4,-46.9,17.2,-20.8,-42.0
2016-03-15,-19.0,-19.3,-5.1,-50.9,-43.5,19.1,-18.6,-41.4
2016-03-16,-18.6,-17.5,-3.4,-50.6,-44.5,13.8,-20.2,-41.2
2016-03-17,-16.9,-15.8,-0.3,-46.2,-43.4,13.8,-18.5,-38.5
2016-03-18,-16.7,-15.4,-0.2,-45.9,-43.0,11.6,-18.7,-38.1
2016-03-21,-16.8,-15.5,-2.9,-44.9,-41.7,10.6,-18.8,-38.6
2016-03-22,-15.0,-12.6,-4.1,-32.8,-41.2,10.6,-18.5,-38.0
2016-03-23,-14.1,-12.3,-3.7,-32.6,-39.7,8.2,-16.8,-38.5
2016-03-24,-15.4,-14.7,-10.7,-32.9,-39.6,10.2,-16.4,-38.0
2016-03-28,-11.8,-12.0,-4.9,-32.9,-31.9,11.3,-11.5,-35.2
2016-03-29,-12.0,-11.9,-3.8,-31.5,-33.1,11.8,-12.1,-34.6
2016-03-30,-12.6,-12.8,-3.4,-33.6,-32.4,9.3,-12.2,-35.9
2016-03-31,-9.2,-8.2,-5.2,-22.3,-32.0,12.2,-10.6,-35.1
2016-04-01,-6.2,-10.0,-4.4,-22.0,-15.6,16.3,-0.6,-16.5
2016-04-04,-5.4,-10.6,-6.1,-22.3,-12.7,23.2,2.4,-14.2
2016-04-05,-7.5,-15.2,-6.7,-36.5,-11.9,25.2,4.0,-12.9
2016-04-06,-6.8,-14.2,-7.6,-31.6,-10.2,25.6,4.3,-12.3
2016-04-07,-5.7,-13.1,-6.6,-31.0,-9.5,25.3,5.5,-11.6
2016-04-08,-4.6,-11.6,-6.0,-29.5,-8.6,21.7,6.0,-10.4
2016-04-11,-1.6,-8.8,-3.5,-27.5,-6.9,26.0,9.1,-4.7
2016-04-12,0.2,-8.1,-3.8,-26.6,-2.2,30.4,12.7,3.9
2016-04-13,0.3,-8.6,-4.8,-27.1,-0.4,29.4,13.7,5.9
2016-04-14,-0.3,-9.6,-8.2,-26.3,0.2,28.7,13.7,6.2
2016-04-15,0.8,-11.3,-12.2,-25.3,7.7,31.6,18.9,16.1
2016-04-18,2.3,-8.8,-9.3,-21.6,9.1,28.5,18.9,17.6
2016-04-19,-1.5,-12.7,-21.9,-17.8,7.6,26.9,15.3,15.6
2016-04-20,-1.7,-13.0,-21.8,-14.5,7.8,26.8,15.3,15.6
2016-04-21,-2.2,-13.7,-22.5,-13.7,7.8,25.8,15.0,15.4
2016-04-22,-2.2,-14.4,-25.1,-17.2,9.2,26.2,16.0,15.8
2016-04-25,-1.7,-13.8,-25.1,-15.8,10.5,25.2,16.4,14.0
2016-04-26,-2.0,-14.4,-28.0,-14.3,10.6,27.0,16.6,13.8
2016-04-27,-2.3,-14.9,-27.8,-13.8,10.6,27.1,16.5,13.7
2016-04-28,-0.4,-11.8,-29.8,-9.3,11.3,26.9,16.8,13.5
2016-04-29,-0.8,-12.4,-31.2,-13.0,9.6,36.3,16.7,12.5
2016-05-02,-1.3,-11.9,-31.7,-10.8,9.1,34.8,14.5,10.8
2016-05-03,-2.0,-11.8,-31.4,-10.3,6.8,29.8,12.6,7.3
2016-05-04,-2.5,-11.5,-28.4,-12.5,4.7,29.4,11.0,7.4
2016-05-05,-3.1,-12.2,-30.7,-11.8,4.2,29.3,10.6,7.5
2016-05-06,-4.7,-14.4,-36.7,-11.0,4.6,27.2,9.8,9.8
2016-05-09,-4.0,-12.4,-37.1,-5.3,4.4,27.0,8.5,8.3
2016-05-10,-3.7,-11.9,-34.6,-8.7,5.1,27.0,8.6,9.0
2016-05-11,-3.8,-11.9,-34.6,-8.7,5.8,25.3,8.4,8.4
2016-05-12,-6.8,-13.8,-38.5,-9.9,-0.5,19.1,3.6,0.9
2016-05-13,-6.6,-11.1,-33.0,-7.4,-1.0,17.1,0.1,1.0
2016-05-16,-8.0,-11.7,-36.2,-5.2,-8.6,17.0,-2.4,-3.7
2016-05-17,-6.7,-9.3,-30.6,-4.2,-8.5,12.9,-2.9,-4.0
2016-05-18,-5.1,-6.7,-31.7,-3.0,-8.4,14.8,-2.6,-3.9
2016-05-19,-3.0,-3.8,-30.6,-1.4,-8.2,14.0,-1.9,-3.3
2016-05-20,-2.6,-3.2,-30.8,0.8,-8.0,13.7,-1.8,-3.2
2016-05-23,-3.0,-3.8,-32.8,4.8,-8.8,14.6,-1.8,-2.2
2016-05-24,-0.8,-0.1,-22.0,2.6,-8.5,14.4,-1.8,-1.8
2016-05-25,-0.6,0.8,-23.3,7.3,-9.9,13.6,-2.6,-1.6
2016-05-26,0.7,1.6,-20.4,8.0,-6.7,13.1,-0.7,-1.2
2016-05-27,-0.2,-0.3,-22.8,5.3,-6.1,14.7,-0.7,-0.8
2016-05-31,3.8,4.7,-18.6,4.8,-2.1,16.9,2.5,7.5
2016-06-01,4.0,4.5,-17.1,3.0,-5.7,29.7,3.2,13.7
2016-06-02,5.6,4.5,-16.4,2.5,-4.5,45.6,7.2,20.1
2016-06-03,3.4,0.7,-25.4,1.8,-4.0,46.0,7.4,20.1
2016-06-06,3.1,-0.9,-24.9,-2.4,-1.9,45.2,9.1,24.4
2016-06-07,3.5,-1.3,-25.2,-2.4,-1.9,45.9,10.6,25.2
2016-06-08,2.2,-2.3,-24.4,-5.0,-2.0,45.2,9.0,25.4
2016-06-09,1.8,-3.0,-23.2,-3.3,-2.5,45.4,8.9,25.0
2016-06-10,0.9,-2.2,-23.0,-2.5,-7.3,47.4,5.6,16.4
2016-06-13,-2.5,-3.4,-22.9,-4.7,-18.6,48.7,-1.1,2.1
2016-06-14,-2.6,-3.2,-22.3,-4.2,-18.9,48.0,-1.7,1.3
2016-06-15,-2.9,-3.2,-22.9,-4.6,-20.2,48.2,-2.4,1.2
2016-06-16,-2.9,-2.3,-21.6,-5.1,-20.4,41.6,-3.9,0.3
2016-06-17,-2.4,-2.1,-19.9,-5.8,-17.5,42.1,-2.8,0.1
2016-06-20,-3.6,-2.8,-17.2,-8.6,-18.7,41.8,-4.9,-2.5
2016-06-21,-2.1,0.1,-16.0,-1.2,-19.1,41.1,-5.3,-2.9
2016-06-22,-1.9,0.7,-16.0,-1.3,-19.7,40.7,-5.8,-3.5
2016-06-23,-2.4,-0.2,-19.0,-0.3,-18.5,39.8,-5.8,-4.1
2016-06-24,-2.8,-0.8,-23.8,3.8,-19.6,42.8,-5.9,-4.6
2016-06-27,-3.2,-0.6,-23.3,3.0,-21.4,42.5,-7.2,-6.9
2016-06-28,-3.7,-0.5,-20.5,-0.6,-22.7,40.4,-8.5,-8.7
2016-06-29,-3.6,0.7,-20.1,0.5,-25.1,39.5,-10.0,-11.6
2016-06-30,-2.7,0.3,-19.8,5.0,-19.2,36.8,-7.2,-11.9
2016-07-01,-1.9,5.7,-14.3,9.2,-19.1,10.9,-13.2,-15.0
2016-07-05,-1.5,6.8,-13.4,15.9,-19.9,10.1,-13.9,-16.4
2016-07-06,-0.5,8.7,-7.1,14.2,-20.1,9.9,-14.2,-17.2
2016-07-07,-0.2,9.6,-3.1,10.1,-20.3,8.9,-14.9,-18.0
2016-07-08,1.1,11.6,5.3,7.4,-20.3,10.2,-14.6,-18.7
2016-07-11,0.8,12.3,9.6,6.3,-22.0,6.7,-16.4,-22.7
2016-07-12,1.18,13.1,11.5,6.3,-16.2,-13.5,-16.7,-19.9
2016-07-13,1.2,13.1,13.0,4.4,-16.5,-14.3,-16.7,-21.0
2016-07-14,1.7,14.1,15.4,4.5,-16.2,-17.5,-16.8,-21.8
2016-07-15,5.3,16.9,21.9,4.5,-9.8,-16.8,-12.2,-15.9
2016-07-18,6.5,18.3,25.1,4.9,-8.5,-20.1,-11.2,-15.0
2016-07-19,6.0,17.2,27.9,-2.8,-6.8,-21.0,-10.7,-15.6
2016-07-20,6.2,17.5,28.6,-2.1,-6.7,-21.7,-10.7,-15.4
2016-07-21,7.5,19.5,32.8,-2.0,-6.4,-22.3,-10.6,-15.1
2016-07-22,10.4,24.7,36.7,8.0,-5.7,-23.0,-11.0,-14.7
2016-07-25,13.0,28.4,38.6,10.8,-4.5,-22.5,-10.1,-13.6
2016-07-26,14.3,29.5,43.1,10.4,-2.0,-22.8,-8.5,-13.1
2016-07-27,14.3,28.9,37.2,16.1,-0.6,-23.5,-7.6,-12.6
2016-07-28,15.9,31.7,36.5,25.5,-0.6,-25.0,-7.7,-12.8
2016-07-29,12.8,25.6,16.3,28.3,0.9,-23.9,-6.4,-11.2
2016-08-01,14.1,24.7,13.8,29.2,10.3,-15.4,-1.7,1.4
2016-08-02,14.3,25.2,15.8,29.2,10.3,-17.3,-2.0,0.9
2016-08-03,15.1,25.9,16.1,31.8,10.7,-17.3,-1.0,2.4
2016-08-04,15.2,26.4,17.8,31.7,11.2,-22.9,-1.7,3.0
2016-08-05,15.2,25.3,20.9,28.2,16.1,-23.3,0.1,3.7
2016-08-08,15.3,24.9,19.1,29.8,18.9,-21.6,1.0,4.9
2016-08-09,15.6,24.1,19.0,28.9,20.4,-16.6,2.9,7.9
2016-08-10,16.4,24.8,17.4,27.9,21.2,-16.5,3.7,8.2
2016-08-11,17.3,24.5,16.8,27.8,23.5,-16.6,6.4,11.4
2016-08-12,14.6,22.3,10.9,28.6,17.1,-14.4,3.0,0.2
2016-08-15,10.9,18.4,7.7,28.4,13.6,-14.9,-0.4,-0.1
2016-08-16,10.2,17.4,6.0,27.6,13.6,-16.0,-0.6,-0.3
2016-08-17,10.2,17.8,5.4,27.5,11.7,-16.0,-1.1,1.2
2016-08-18,10.4,18.5,5.3,27.6,12.2,-14.7,-1.8,1.0
2016-08-19,9.5,17.1,4.6,27.6,12.4,-15.4,-1.8,0.8
2016-08-22,9.0,15.8,1.9,27.4,12.6,-13.3,-1.2,0.2
2016-08-23,11.1,19.6,10.1,28.7,11.1,-11.4,-1.7,0.2
2016-08-24,11.0,19.5,10.2,29.1,11.1,-11.9,-1.7,-0.1
2016-08-25,9.3,17.3,12.2,21.2,9.9,-12.9,-2.6,-0.5
2016-08-26,8.6,16.8,11.1,21.2,8.8,-14.8,-3.6,-1.2
2016-08-29,6.9,14.3,10.6,16.9,9.3,-20.5,-4.3,-4.5
2016-08-30,4.7,11.8,12.1,6.0,7.8,-23.3,-5.9,-4.8
2016-08-31,2.7,9.8,13.5,-3.1,5.2,-26.0,-7.9,-11.4
2016-09-01,1.2,6.0,4.8,-4.0,11.1,-26.7,-5.9,-5.9
2016-09-02,0.8,4.6,0.6,-4.1,12.3,-25.9,-4.9,-4.9
2016-09-06,-2.0,1.5,-7.0,-8.6,13.8,-29.7,-7.2,-1.0
2016-09-07,-2.9,0.2,-5.7,-13.9,12.9,-29.4,-7.5,0.9
2016-09-08,-3.3,1.2,-4.8,-14.1,14.5,-28.9,-10.0,3.1
2016-09-09,-4.8,-0.2,-4.9,-18.7,14.6,-32.5,-11.6,3.2
2016-09-12,-6.2,0.9,-4.9,-19.9,4.5,-30.0,-16.8,-9.2
2016-09-13,-6.2,-0.2,-5.8,-20.8,8.0,-31.5,-15.1,-3.5
2016-09-14,-6.1,0.1,-6.0,-20.5,7.2,-31.1,-15.4,-3.5
2016-09-15,-6.9,-1.9,-9.5,-21.0,8.9,-31.5,-14.3,-3.3
2016-09-16,-5.6,0.4,-3.0,-21.7,9.4,-35.5,-14.7,-3.2
2016-09-19,-4.9,1.9,3.3,-24.4,8.2,-36.0,-15.1,-4.2
2016-09-20,-6.3,-0.4,-1.7,-24.9,7.6,-35.4,-15.2,-4.3
2016-09-21,-8.2,-3.8,-1.4,-25.6,7.3,-35.1,-14.9,-4.3
2016-09-22,-9.3,-5.7,-5.9,-25.7,7.1,-34.0,-14.7,-4.4
2016-09-23,-8.7,-4.7,-4.4,-19.3,6.6,-32.8,-14.7,-4.4
2016-09-26,-7.0,-2.5,-5.4,-9.5,6.1,-28.0,-13.8,-4.4
2016-09-27,-6.3,-2.7,-5.2,-10.7,8.4,-25.1,-11.7,-4.3
2016-09-28,-6.0,-2.8,-5.1,-10.4,8.1,-20.5,-10.8,-4.0
2016-09-29,-3.2,2.2,-3.4,4.1,7.8,-22.0,-11.4,-4.8
2016-09-30,-2.6,3.0,-5.1,2.6,8.2,-21.9,-11.0,-5.3
2016-10-03,-2.2,3.3,-5.6,4.3,5.1,-14.2,-10.5,-6.4
2016-10-04,-2.6,3.4,-6.9,5.2,4.7,-18.5,-11.5,-7.4
2016-10-05,-0.7,6.7,0.8,6.0,4.2,-17.2,-11.7,-8.0
2016-10-06,-0.4,7.5,1.8,7.3,3.6,-20.3,-12.2,-8.3
2016-10-07,0.5,8.5,-2.0,13.2,2.4,-18.9,-11.6,-8.7
2016-10-10,1.2,9.9,-2.9,21.2,-0.2,-13.6,-11.9,-9.6
2016-10-11,1.8,11.0,-5.2,22.2,-0.5,-13.2,-11.9,-9.9
2016-10-12,0.8,10.4,-7.8,22.8,-2.5,-16.3,-13.7,-10.6
2016-10-13,-0.6,10.8,-6.6,22.6,-9.6,-16.2,-17.7,-19.6
2016-10-14,-1.6,10.0,-7.6,22.5,-11.7,-16.1,-18.9,-19.6
2016-10-17,-2.3,8.3,-9.7,21.8,-11.5,-12.5,-18.1,-20.5
2016-10-18,-4.2,5.2,-16.7,20.4,-11.6,-15.0,-18.3,-21.4
2016-10-19,-6.5,1.5,-23.6,18.3,-13.2,-14.5,-18.4,-22.4
2016-10-20,-7.0,0.6,-23.8,17.6,-13.4,-14.0,-18.3,-22.2
2016-10-21,-7.7,-0.6,-23.0,16.6,-13.6,-14.2,-18.4,-22.3
2016-10-24,-1.6,9.7,-14.7,34.3,-14.4,-16.2,-18.6,-22.8
2016-10-25,-0.6,10.6,-13.1,35.7,-13.7,-14.1,-17.4,-23.6
2016-10-26,0.4,11.2,-10.9,35.5,-12.2,-12.1,-15.9,-24.2
2016-10-27,0.8,11.4,-12.6,35.8,-10.5,-14.2,-15.1,-25.4
2016-10-28,3.7,15.5,-9.1,43.5,-10.6,-10.7,-14.1,-26.4
2016-10-31,3.1,14.5,-8.1,40.8,-12.9,-6.7,-13.9,-27.5
2016-11-01,7.2,14.7,-8.3,41.2,-1.2,-4.2,-4.0,-9.1
2016-11-02,7.4,15.6,-10.0,45.4,-1.7,-3.7,-4.9,-10.0
2016-11-03,7.3,14.3,-13.1,43.5,0.9,-3.9,-3.2,-9.6
2016-11-04,6.9,13.5,-12.9,36.2,1.0,-3.7,-3.0,-9.2
2016-11-07,7.4,13.3,-11.9,37.0,4.0,-4.9,-1.5,-7.9
2016-11-08,5.3,13.2,-9.8,33.3,3.4,-5.1,-6.6,-8.9
2016-11-09,5.6,12.6,-9.0,33.4,5.7,-5.5,-4.9,-6.4
2016-11-10,6.1,13.3,-7.9,34.6,6.6,-7.4,-4.6,-7.0
2016-11-11,7.3,14.2,-6.3,34.9,8.8,-10.3,-3.0,-4.5
2016-11-14,8.3,16.1,-6.3,36.7,7.2,-10.6,-3.4,-7.8
2016-11-15,9.2,18.2,-2.2,39.3,7.6,-11.0,-4.4,-7.6
2016-11-16,8.7,17.3,-4.4,39.7,7.7,-10.4,-4.1,-7.4
2016-11-17,12.1,23.4,8.3,40.2,6.1,-10.5,-4.9,-7.2
2016-11-18,11.7,23.4,7.9,40.7,6.2,-9.7,-5.8,-9.8
2016-11-21,10.6,21.7,5.6,43.2,6.7,-10.3,-6.0,-9.4
2016-11-22,11.3,22.2,5.8,45.5,7.1,-7.5,-5.1,-8.2
2016-11-23,14.9,28.3,8.5,62.4,6.4,-6.6,-5.3,-8.0
2016-11-25,15.2,29.0,9.3,63.3,4.9,-5.6,-5.6,-7.3
2016-11-28,16.5,30.5,11.6,66.0,3.9,-0.9,-4.4,-5.6
2016-11-29,17.5,32.3,16.8,61.6,3.1,-2.0,-4.7,-5.4
2016-11-30,17.1,31.4,17.8,56.9,0.8,5.2,-4.4,-5.5
2016-12-01,18.9,32.5,18.2,61.3,6.2,-2.7,-1.5,2.3
2016-12-02,21.9,35.5,24.7,61.4,5.6,11.8,1.5,8.0
2016-12-05,23.0,36.0,28.7,58.9,6.3,11.3,3.6,10.3
2016-12-06,24.5,38.3,30.1,66.1,6.4,13.5,3.9,10.7
2016-12-07,23.5,36.4,30.1,64.6,6.8,14.4,4.2,11.4
2016-12-08,24.3,35.7,29.5,64.6,12.1,14.7,7.3,18.7
2016-12-09,22.6,35.8,30.2,62.6,4.6,15.1,2.9,8.5
2016-12-12,21.8,35.7,29.7,60.1,4.5,16.4,0.9,9.4
2016-12-13,23.5,37.0,32.6,59.0,7.6,18.3,3.2,14.6
2016-12-14,21.9,34.4,27.5,57.5,7.7,19.1,3.1,14.7
2016-12-15,25.9,40.9,37.0,64.4,9.3,12.1,3.5,17.0
2016-12-16,23.2,35.0,22.9,63.3,12.6,12.2,5.6,17.1
2016-12-19,24.5,36.5,23.2,60.6,13.7,11.8,6.6,16.2
2016-12-20,24.7,36.5,23.3,58.8,13.5,14.4,6.9,16.2
2016-12-21,24.6,35.8,22.8,56.7,13.3,18.8,7.7,17.9
2016-12-22,24.2,35.1,21.0,56.3,13.4,18.3,7.9,18.0
2016-12-23,25.7,36.3,25.6,54.5,16.8,18.5,9.9,18.0
2016-12-27,23.2,31.7,24.5,46.0,17.7,18.7,10.4,18.5
2016-12-28,24.3,33.5,24.3,53.7,17.7,19.9,10.6,19.1
2016-12-29,27.3,33.6,23.9,54.1,28.0,21.1,17.9,21.4
2016-12-30,27.0,33.0,23.3,53.1,28.2,18.7,18.1,22.8
2017-01-03,29.7,32.4,24.7,50.4,36.9,26.8,25.7,32.4
2017-01-04,31.7,35.7,25.5,60.6,37.0,26.7,25.6,32.5
2017-01-05,31.7,36.9,28.9,59.6,37.0,18.5,24.0,30.4
2017-01-06,34.9,40.9,27.0,71.1,38.6,21.1,26.0,30.6
2017-01-09,35.2,40.8,28.5,71.0,40.8,21.3,26.7,31.8
2017-01-10,38.8,45.6,39.3,71.8,41.8,28.0,28.7,36.3
2017-01-11,39.8,45.8,39.8,71.1,42.9,31.9,30.8,36.1
2017-01-12,43.6,47.5,41.5,75.6,54.4,31.6,37.8,52.0
2017-01-13,42.5,45.7,38.0,74.8,52.9,33.1,37.6,51.2
2017-01-17,42.2,44.8,40.7,69.5,53.4,31.3,38.3,52.8
2017-01-18,42.1,44.6,39.5,68.0,52.9,30.4,38.4,52.4
2017-01-19,43.0,46.2,45.2,66.1,52.3,30.8,38.3,52.0
2017-01-20,41.4,43.4,44.6,63.5,52.8,30.3,38.5,53.1
2017-01-23,39.0,40.2,43.2,57.9,49.3,32.5,37.3,54.4
2017-01-24,40.3,40.7,44.4,58.2,48.2,45.1,39.6,57.4
2017-01-25,39.6,40.7,43.5,51.2,48.0,45.9,38.0,52.8
2017-01-26,38.6,38.0,35.8,51.0,50.7,45.4,39.5,51.8
2017-01-27,37.6,36.6,32.2,51.9,49.8,46.2,39.1,51.1
2017-01-30,36.3,36.1,31.6,55.0,46.2,44.3,36.7,46.6
2017-01-31,37.0,36.9,31.8,55.3,45.3,47.7,37.1,47.7
2017-02-01,41.2,40.3,39.4,57.6,51.0,44.1,42.5,49.2
2017-02-02,41.7,40.4,39.4,57.3,51.0,49.2,43.7,51.5
2017-02-03,40.4,42.0,45.3,55.9,46.9,29.1,38.0,47.0
2017-02-06,41.0,43.1,42.8,63.0,45.3,29.8,37.8,46.5
2017-02-07,38.5,39.3,41.9,52.6,44.7,30.1,37.4,46.3
2017-02-08,37.6,38.2,40.9,51.0,44.8,30.2,36.8,45.2
2017-02-09,37.8,38.5,42.4,48.1,44.8,29.9,36.7,45.2
2017-02-10,39.7,40.5,40.8,51.8,45.6,27.9,38.6,48.8
2017-02-13,38.1,37.4,37.0,49.6,45.8,26.5,39.2,48.5
2017-02-14,36.8,35.0,36.1,43.9,45.9,24.6,39.4,47.8
2017-02-15,40.0,40.1,44.6,43.2,46.0,25.7,39.8,47.8
2017-02-16,42.4,43.6,53.6,42.4,46.0,22.0,40.6,44.1
2017-02-17,42.4,42.6,53.1,41.5,45.8,23.9,42.1,44.6
2017-02-21,43.6,45.1,47.8,67.0,45.8,21.7,41.4,41.7
2017-02-22,46.5,46.5,47.4,71.9,48.7,28.3,46.6,45.9
2017-02-23,45.7,45.3,45.7,70.7,48.2,28.1,46.4,45.3
2017-02-24,46.4,46.5,44.9,70.2,46.5,31.5,46.3,46.1
2017-02-27,43.3,43.6,37.1,72.3,41.4,30.7,42.9,42.7
2017-02-28,43.8,41.9,34.7,71.1,47.8,30.7,46.6,52.0
2017-03-01,46.5,40.9,32.6,69.0,60.7,27.1,54.8,60.8
2017-03-02,45.3,41.1,35.4,68.6,59.8,13.7,51.6,60.4
2017-03-03,46.4,41.8,36.8,70.0,58.9,25.7,53.3,63.5
2017-03-06,47.1,42.0,38.2,68.0,57.2,37.5,54.8,62.0
2017-03-07,45.6,38.9,38.0,59.1,60.2,33.7,55.7,60.7
2017-03-08,43.6,40.7,45.8,58.9,45.9,35.5,48.0,43.2
2017-03-09,43.2,40.2,44.8,59.1,45.1,35.4,47.6,42.5
2017-03-10,45.4,41.3,48.0,57.9,51.6,35.3,51.5,50.2
2017-03-13,42.3,38.1,47.5,51.4,46.8,35.3,48.6,47.4
2017-03-14,43.9,36.8,46.4,48.9,51.4,51.1,54.5,60.9
2017-03-15,45.6,41.3,57.9,49.7,48.7,48.8,52.1,60.5
2017-03-16,44.8,40.2,57.6,48.9,48.0,49.6,51.6,60.0
2017-03-17,45.0,39.4,56.1,48.1,52.0,49.0,53.3,64.0
2017-03-20,42.6,38.2,55.9,45.3,49.2,46.2,49.2,58.9
2017-03-21,42.6,38.8,55.2,44.3,48.1,45.9,48.4,58.3
2017-03-22,42.3,39.2,54.4,43.3,46.8,45.5,47.0,56.7
2017-03-23,42.6,39.8,55.7,41.7,46.3,45.2,46.7,56.1
2017-03-24,46.4,47.4,54.1,69.8,45.7,45.1,45.0,55.5
2017-03-27,44.7,46.0,52.5,67.7,42.6,46.5,42.8,52.8
2017-03-28,44.2,45.8,53.1,66.5,41.2,47.1,41.8,51.6
2017-03-29,43.8,45.8,52.5,68.2,40.4,46.4,40.8,50.4
2017-03-30,41.1,44.1,51.6,63.6,37.6,34.0,36.5,44.6
2017-03-31,38.8,41.8,48.0,54.1,35.4,29.7,34.4,42.8
2017-04-03,34.9,37.3,44.5,47.7,30.6,27.1,31.3,36.0
2017-04-04,33.3,36.9,43.7,47.0,30.0,15.3,27.9,34.4
2017-04-05,33.1,35.0,45.7,37.6,32.3,15.6,30.2,34.7
2017-04-06,33.0,35.2,47.3,36.0,31.7,14.9,29.6,33.8
2017-04-07,31.5,33.0,38.8,41.1,30.9,16.0,29.2,32.7
2017-04-10,29.8,33.2,35.6,38.9,26.7,12.0,24.7,27.9
2017-04-11,28.5,33.5,36.4,39.2,23.0,10.2,21.0,23.9
2017-04-12,27.6,33.2,36.7,39.1,15.4,25.4,19.3,20.6
2017-04-13,31.4,34.5,38.2,38.9,28.3,25.1,26.7,37.6
2017-04-17,29.3,22.7,10.5,38.6,50.9,24.2,39.3,62.4
2017-04-18,28.5,21.1,6.6,38.5,50.5,21.5,39.7,64.6
2017-04-19,28.2,21.0,6.4,38.3,50.1,20.8,39.1,64.0
2017-04-20,30.8,24.6,6.3,38.5,49.8,19.7,40.2,63.4
2017-04-21,30.9,25.0,2.8,49.3,51.1,14.9,39.8,61.4
2017-04-24,29.2,23.8,0.8,51.4,49.3,8.4,37.4,60.2
2017-04-25,31.1,26.1,7.3,50.9,51.4,8.6,38.6,59.9
2017-04-26,31.4,26.4,7.1,50.3,51.8,8.9,38.9,59.2
2017-04-27,32.7,28.5,4.1,61.2,52.3,9.1,39.1,58.8
2017-04-28,31.5,26.1,-4.8,70.4,50.4,18.3,39.5,57.9
2017-05-01,27.1,18.9,-20.6,68.5,51.3,19.9,39.3,52.1
2017-05-02,24.8,18.2,-21.5,65.5,45.6,25.0,34.7,42.0
2017-05-03,24.8,19.4,-19.5,65.8,45.9,15.9,33.0,40.5
2017-05-04,25.1,20.2,-20.1,68.8,45.7,11.3,32.4,40.0
2017-05-05,25.9,20.5,-18.2,68.2,46.7,12.6,33.9,39.6
2017-05-08,24.4,19.5,-19.7,69.1,42.0,16.3,31.8,33.9
2017-05-09,24.1,19.1,-19.5,69.8,41.6,16.1,31.7,33.3
2017-05-10,23.6,18.5,-20.0,70.2,41.2,16.1,31.3,32.4
2017-05-11,22.7,18.1,-19.2,69.6,40.0,9.1,29.6,28.3
2017-05-12,21.6,13.9,-29.5,69.5,43.9,15.4,33.1,31.3
2017-05-15,18.8,12.1,-32.0,67.5,36.4,18.5,28.8,25.2
2017-05-16,18.0,9.6,-37.6,65.4,35.9,23.8,30.5,25.4
2017-05-17,16.9,9.2,-37.5,63.8,32.2,23.3,28.4,25.6
2017-05-18,18.0,11.5,-33.6,61.9,31.4,22.0,27.7,24.9
2017-05-19,17.2,10.2,-33.4,59.5,32.3,21.3,27.8,25.5
2017-05-22,14.9,8.4,-30.7,50.1,29.7,17.1,24.6,21.8
2017-05-23,13.7,7.5,-38.9,60.4,26.5,17.2,23.0,21.7
2017-05-24,13.2,7.4,-38.8,60.9,26.1,16.3,21.8,20.6
2017-05-25,11.9,6.6,-38.1,60.3,23.0,16.0,19.8,19.5
2017-05-26,11.5,6.1,-36.2,56.0,22.2,18.2,19.7,19.4
2017-05-30,8.6,3.9,-37.5,48.9,16.8,15.2,15.6,12.9
2017-05-31,4.2,2.0,-38.2,40.6,3.8,12.7,7.4,2.3
2017-06-01,6.5,3.5,-36.1,43.5,7.8,12.4,11.0,12.7
2017-06-02,5.5,2.0,-40.9,43.6,0.3,33.3,10.7,3.2
2017-06-05,4.8,0.4,-44.7,43.5,2.0,31.7,11.5,7.1
2017-06-06,4.8,1.2,-41.8,42.8,1.0,31.3,10.1,5.7
2017-06-07,3.3,-0.5,-42.4,39.0,1.0,32.4,8.9,3.8
2017-06-08,3.3,-1.9,-43.2,39.5,1.1,31.7,11.0,6.1
2017-06-09,1.9,-1.5,-43.4,39.1,-0.4,18.4,6.9,3.8
2017-06-12,-0.1,-4.2,-45.3,35.9,-1.1,15.2,6.0,1.4
2017-06-13,1.1,-4.1,-45.1,33.4,-1.7,32.6,8.9,6.9
2017-06-14,-2.8,-10.0,-57.3,32.5,-3.3,32.7,8.0,4.3
2017-06-15,-3.7,-12.2,-61.7,31.5,-2.0,32.7,9.0,4.5
2017-06-16,-8.0,-19.7,-78.6,30.4,-1.2,27.0,9.6,6.7
2017-06-19,-9.6,-22.4,-77.5,25.6,-1.8,27.4,9.7,7.3
2017-06-20,-10.2,-23.2,-77.2,22.8,-2.1,27.0,9.4,7.5
2017-06-21,-10.2,-23.4,-76.5,18.2,-2.4,28.2,9.6,7.8
2017-06-22,-9.0,-22.2,-76.1,18.5,-1.4,28.4,10.9,7.7
2017-06-23,-11.4,-26.3,-74.6,4.7,-1.9,30.0,10.9,7.8
2017-06-26,-12.7,-27.8,-78.5,6.6,-4.2,33.3,10.0,8.3
2017-06-27,-12.0,-26.9,-77.5,9.2,-4.0,35.4,10.4,8.8
2017-06-28,-11.3,-25.8,-76.4,11.2,-4.1,36.1,10.4,8.6
2017-06-29,-8.5,-20.9,-73.6,24.0,-4.6,36.2,10.1,8.5
2017-06-30,-7.3,-20.5,-72.6,30.3,0.4,32.8,12.5,12.6
2017-07-03,-5.2,-16.0,-63.3,29.4,-0.3,36.1,11.0,14.0
2017-07-05,-1.8,-13.2,-63.1,38.4,-1.1,57.7,15.2,14.9
2017-07-06,-2.0,-13.7,-63.4,36.3,-1.6,59.6,15.6,14.0
2017-07-07,0.8,-10.8,-58.5,40.1,1.8,57.6,18.3,13.4
2017-07-10,-1.3,-12.6,-55.5,37.7,1.8,52.6,15.6,9.1
2017-07-11,-2.9,-13.9,-58.4,37.8,-3.2,52.5,13.7,5.5
2017-07-12,-2.6,-13.0,-56.6,38.0,-5.4,51.9,13.1,4.1
2017-07-13,-2.0,-12.4,-54.7,37.2,-4.4,51.8,13.6,5.7
2017-07-14,-6.4,-18.3,-68.1,36.3,-6.8,47.6,11.4,1.8
2017-07-17,-5.0,-17.2,-61.9,32.9,-3.3,48.6,13.3,13.4
2017-07-18,-6.8,-20.6,-65.2,30.9,-1.8,47.9,13.8,13.5
2017-07-19,-4.8,-17.3,-56.2,28.5,-2.0,48.4,14.0,14.2
2017-07-20,-4.0,-16.2,-53.2,27.4,-1.3,48.1,14.3,14.6
2017-07-21,-4.0,-16.6,-52.6,26.4,-1.3,51.4,15.0,15.6
2017-07-24,-4.9,-18.3,-47.4,13.3,-0.6,50.5,15.1,17.1
2017-07-25,-4.3,-17.2,-45.5,14.3,-0.4,50.3,15.1,17.7
2017-07-26,-3.7,-16.6,-44.4,13.6,0.9,48.8,15.6,18.5
2017-07-27,-2.5,-15.4,-43.8,16.1,3.2,48.8,16.9,19.4
2017-07-28,-1.4,-12.8,-44.5,16.1,1.4,48.6,15.7,20.5
2017-07-31,-0.1,-11.1,-43.1,19.1,1.8,50.6,16.3,23.6
2017-08-01,0.7,-12.3,-44.8,16.1,9.1,52.9,20.3,32.3
2017-08-02,-0.1,-12.7,-45.6,15.9,8.6,48.3,18.8,32.6
2017-08-03,0.5,-11.8,-44.1,17.1,9.0,49.9,18.9,31.2
2017-08-04,0.9,-10.0,-40.8,18.3,7.2,49.4,17.2,31.6
2017-08-07,0.4,-10.6,-39.1,13.3,8.3,50.4,16.8,32.6
2017-08-08,1.0,-8.0,-31.4,10.6,4.6,50.2,14.5,28.2
2017-08-09,1.9,-6.3,-29.7,13.2,5.1,48.4,14.3,27.8
2017-08-10,0.7,-8.2,-30.0,12.6,5.4,47.0,14.1,28.5
2017-08-11,1.2,-10.9,-36.6,12.6,7.9,42.9,19.3,38.6
2017-08-14,1.1,-7.8,-35.4,12.2,1.9,39.7,14.4,27.4
2017-08-15,3.4,-4.6,-25.8,10.1,3.6,43.0,15.3,26.8
2017-08-16,2.7,-6.7,-32.7,10.5,3.8,43.4,16.9,26.5
2017-08-17,3.7,-5.9,-31.5,10.3,5.8,42.7,18.2,26.3
2017-08-18,4.3,-5.1,-29.4,9.9,7.0,41.6,18.3,26.2
2017-08-21,5.1,-4.5,-27.6,8.6,9.7,39.5,19.5,25.8
2017-08-22,5.4,-4.0,-27.4,6.6,10.5,38.0,19.6,25.7
2017-08-23,4.3,-4.5,-37.2,18.5,10.0,33.2,17.6,25.2
2017-08-24,4.3,-4.2,-36.2,19.0,9.7,32.5,17.0,25.3
2017-08-25,5.7,-2.6,-32.3,19.2,11.7,32.4,18.1,25.6
2017-08-28,7.8,-0.2,-30.9,25.9,16.0,29.0,19.7,27.8
2017-08-29,8.0,-0.1,-30.2,25.8,17.8,26.7,20.1,27.5
2017-08-30,10.4,4.9,-21.2,29.8,17.3,22.7,18.6,26.6
2017-08-31,8.6,3.5,-23.1,28.0,13.5,22.9,16.3,20.2
2017-09-01,11.0,5.1,-18.2,25.8,18.1,28.9,19.8,26.4
2017-09-05,11.9,3.7,-19.3,23.6,17.3,54.5,24.1,28.4
2017-09-06,11.5,3.2,-18.8,21.9,19.4,56.9,23.9,28.1
2017-09-07,9.5,-0.1,-25.3,20.4,19.1,58.1,23.8,27.5
2017-09-08,11.2,1.7,-23.8,19.6,18.3,56.9,25.5,26.0
2017-09-11,11.5,5.0,-16.1,19.3,18.1,45.0,21.2,20.3
2017-09-12,12.4,7.3,-11.2,19.1,16.7,44.2,20.1,18.2
2017-09-13,12.5,8.0,-8.5,18.7,16.0,44.7,19.2,17.6
2017-09-14,11.5,9.8,-5.6,18.6,6.8,46.8,14.1,6.5
2017-09-15,8.9,4.2,-19.0,18.4,9.6,47.2,15.9,6.2
2017-09-18,7.1,2.3,-22.6,18.2,10.0,39.1,14.4,5.3
2017-09-19,9.2,5.0,-17.5,21.2,9.7,38.6,15.4,7.0
2017-09-20,11.2,8.4,-17.4,22.3,9.5,39.7,15.5,7.3
2017-09-21,13.6,11.7,-9.3,21.2,11.0,38.5,16.4,6.9
2017-09-22,18.4,19.6,-8.8,49.4,11.8,36.9,16.5,6.2
2017-09-25,16.3,17.0,-8.7,40.8,10.6,34.4,15.2,4.6
2017-09-26,14.4,14.2,-13.1,37.7,10.6,31.3,14.6,3.2
2017-09-27,16.7,18.7,-9.3,45.7,9.5,30.8,13.8,2.1
2017-09-28,18.2,21.4,-8.5,54.1,9.2,29.5,13.3,1.7
2017-09-29,17.5,19.2,-7.9,50.2,11.4,30.9,15.0,2.1
2017-10-02,21.8,23.8,1.5,45.6,20.6,24.2,18.9,2.8
2017-10-03,20.7,23.1,1.7,45.3,19.7,18.8,17.1,1.4
2017-10-04,21.8,25.4,9.7,41.7,18.8,17.4,16.5,1.7
2017-10-05,22.7,26.5,13.2,41.5,18.5,21.4,17.1,1.3
2017-10-06,21.4,23.8,3.4,45.8,18.7,21.4,17.9,0.8
2017-10-09,22.7,26.3,6.5,49.9,17.6,21.5,17.4,-0.9
2017-10-10,23.7,27.9,4.5,53.7,16.9,23.0,17.4,-1.9
2017-10-11,25.0,29.1,6.4,53.6,21.1,18.3,18.9,-3.8
2017-10-12,27.2,29.8,7.2,55.8,26.2,19.6,23.4,4.1
2017-10-13,26.0,28.4,3.9,55.7,24.6,19.3,22.3,0.1
2017-10-16,24.7,27.7,2.5,55.4,22.1,17.6,20.1,-2.9
2017-10-17,24.4,28.8,6.3,54.0,18.7,17.1,17.9,-3.0
2017-10-18,23.2,26.5,0.2,53.9,18.6,14.7,18.2,-1.9
2017-10-19,22.6,26.0,1.8,53.9,17.6,14.5,17.6,-3.3
2017-10-20,21.5,24.3,1.5,54.1,17.5,13.1,17.2,-3.7
2017-10-23,21.0,23.7,3.0,52.9,17.2,12.3,16.9,-3.9
2017-10-24,21.6,24.7,7.0,51.8,17.0,13.7,17.0,-4.1
2017-10-25,28.0,35.4,30.5,56.9,17.2,12.7,16.9,-4.2
2017-10-26,30.2,36.2,30.6,60.1,24.4,12.9,21.3,-4.3
2017-10-27,32.0,39.2,38.2,59.5,24.4,12.7,21.3,-4.6
2017-10-30,33.4,41.8,40.5,66.4,23.5,11.8,20.7,-5.9
2017-10-31,33.0,39.3,40.2,59.0,28.4,10.8,23.5,-8.8
2017-11-01,31.5,39.7,40.5,58.7,21.8,8.2,19.1,-11.0
2017-11-02,31.7,40.3,41.1,58.6,22.3,6.5,18.7,-11.2
2017-11-03,31.9,40.9,40.9,58.7,22.6,5.7,18.3,-11.7
2017-11-06,31.5,41.2,39.8,61.8,21.6,3.7,17.0,-11.0
2017-11-07,31.3,41.2,40.5,60.8,20.4,5.4,16.4,-11.5
2017-11-08,31.2,41.4,41.3,60.4,20.1,5.5,15.9,-12.6
2017-11-09,29.1,38.5,40.0,61.4,19.2,5.2,14.9,-11.7
2017-11-10,28.1,37.5,38.5,58.9,18.0,2.9,14.1,-11.0
2017-11-13,27.0,36.2,38.1,57.8,18.2,1.3,13.1,-10.8
2017-11-14,26.7,36.3,37.4,60.9,14.7,3.7,12.3,-13.7
2017-11-15,25.9,34.7,35.5,60.3,14.5,5.2,12.8,-13.6
2017-11-16,27.9,37.9,44.2,59.6,16.3,1.8,12.9,-14.4
2017-11-17,31.3,42.5,56.0,58.9,19.1,1.7,14.5,-14.3
2017-11-20,30.2,40.9,58.3,55.0,19.3,1.1,14.2,-15.8
2017-11-21,30.5,41.1,59.8,54.6,19.1,3.9,14.7,-14.4
2017-11-22,29.4,39.5,55.7,54.4,18.4,3.2,14.2,-14.3
2017-11-24,34.0,48.2,50.6,92.9,17.4,-2.1,12.8,-12.8
2017-11-27,33.8,48.9,57.4,86.5,15.2,-4.9,11.1,-12.3
2017-11-28,33.7,49.1,58.1,86.3,15.2,-7.2,10.7,-11.9
2017-11-29,32.7,48.1,58.9,81.9,14.3,-10.0,9.6,-12.6
2017-11-30,26.7,43.5,59.4,71.3,1.3,-11.5,1.6,-10.4
2017-12-01,28.6,46.5,60.1,70.3,1.6,-10.4,1.8,-10.4
2017-12-04,29.5,48.4,65.3,69.3,1.0,-13.9,1.1,-13.0
2017-12-05,28.5,46.3,63.1,66.4,1.0,-17.1,1.8,-9.7
2017-12-06,28.5,45.9,62.9,67.0,1.5,-14.6,2.4,-9.1
2017-12-07,27.0,43.5,63.2,59.4,1.5,-15.7,2.3,-8.4
2017-12-08,32.5,48.3,65.2,60.1,10.2,-14.9,8.7,1.4
2017-12-11,31.0,45.4,63.1,55.4,10.9,-13.4,9.5,4.3
2017-12-12,31.0,47.5,69.0,53.9,9.0,-23.9,6.3,3.2
2017-12-13,28.5,45.4,63.4,53.3,7.9,-34.7,3.2,-1.1
2017-12-14,34.9,56.5,74.2,72.0,6.9,-34.2,2.4,-2.0
2017-12-15,33.1,54.8,72.2,70.3,6.6,-35.4,0.5,-5.4
2017-12-18,32.0,53.6,73.9,63.4,5.7,-34.4,-0.3,-5.9
2017-12-19,32.2,53.9,78.0,59.1,5.0,-33.9,-0.3,-6.7
2017-12-20,31.3,52.2,77.4,53.8,4.5,-31.0,-0.1,-6.2
2017-12-21,30.8,50.9,72.9,53.2,5.4,-30.2,0.6,-6.2
2017-12-22,33.6,56.1,84.5,56.5,4.3,-30.8,-0.2,-6.2
2017-12-26,31.1,53.2,80.5,50.0,1.3,-29.6,-2.0,-6.6
2017-12-27,30.8,52.9,78.9,50.2,0.3,-27.8,-2.3,-6.1
2017-12-28,30.2,52.5,77.1,49.8,-1.4,-27.5,-3.3,-6.2
2017-12-29,29.6,51.6,75.7,49.3,-2.5,-26.0,-3.3,-5.6
2018-01-02,28.0,48.4,71.9,45.8,-0.1,-29.5,-2.6,0.1
2018-01-03,30.4,51.2,78.2,46.8,0.7,-22.0,-0.9,2.8
2018-01-04,31.0,52.4,80.7,46.8,0.4,-22.6,-1.2,2.7
2018-01-05,30.7,51.3,75.0,46.0,0.4,-16.3,-0.3,4.2
2018-01-08,30.8,52.2,73.9,52.2,-1.0,-14.5,-1.2,3.4
2018-01-09,31.0,51.7,67.0,58.8,-1.7,-5.1,-1.2,5.9
2018-01-10,30.7,51.2,66.5,58.3,-1.8,-4.9,-1.2,6.4
2018-01-11,30.3,50.7,63.2,59.7,-1.3,-8.0,-0.2,6.5
2018-01-12,33.3,51.2,70.4,58.3,11.0,-11.2,6.4,21.9
2018-01-16,31.6,49.3,65.6,56.6,9.5,-13.7,5.1,22.7
2018-01-17,33.7,52.6,70.0,56.0,8.1,-13.4,5.3,23.8
2018-01-18,33.0,50.6,64.7,55.3,10.3,-12.8,6.7,24.8
2018-01-19,31.7,48.9,61.5,54.6,10.1,-12.3,6.0,24.9
2018-01-22,28.1,43.4,50.9,51.1,8.1,-10.7,5.1,25.3
2018-01-23,27.9,43.8,49.6,51.8,7.0,-9.7,4.1,24.2
2018-01-24,28.8,45.4,49.7,58.1,7.1,-9.5,3.9,24.4
2018-01-25,26.0,42.6,42.1,58.3,3.3,-9.9,1.2,23.9
2018-01-26,24.1,39.8,37.5,56.4,2.6,-11.3,0.5,23.6
2018-01-29,23.7,38.5,35.5,55.4,4.0,-10.2,1.5,25.1
2018-01-30,22.0,34.5,35.3,43.7,4.2,-2.8,3.3,25.8
2018-01-31,20.0,34.4,38.5,35.6,-3.4,-4.1,-1.5,23.4
2018-02-01,20.9,34.9,40.8,34.8,-3.2,0.5,-1.5,25.1
2018-02-02,22.0,36.0,44.5,34.1,-2.5,4.1,1.0,24.6
2018-02-05,24.2,39.2,50.0,36.9,-2.5,4.8,1.8,23.5
2018-02-06,24.3,39.7,48.1,41.9,0.4,-2.1,1.1,25.3
2018-02-07,23.4,39.6,47.5,41.7,-2.4,-3.1,-1.0,25.5
2018-02-08,23.2,38.6,48.3,39.7,-1.9,-3.0,0.2,26.2
2018-02-09,21.5,36.5,47.4,42.7,-3.9,-8.5,-0.9,27.0
2018-02-12,20.8,34.0,43.5,39.5,-0.6,-8.6,1.0,31.9
2018-02-13,20.5,33.9,43.3,38.6,-1.1,-7.9,0.4,31.9
2018-02-14,19.6,32.0,40.5,38.3,0.2,-7.8,1.0,31.7
2018-02-15,17.5,27.5,35.2,37.1,1.6,-11.0,2.4,34.2
2018-02-16,20.7,32.9,50.2,35.7,1.7,-12.0,2.5,34.1
2018-02-20,19.8,30.2,48.8,23.6,2.3,-11.3,4.2,33.7
2018-02-21,16.2,23.5,50.0,-0.2,4.0,-10.5,5.3,33.4
2018-02-22,14.3,20.2,51.9,-5.0,4.4,-10.3,5.5,33.1
2018-02-23,14.1,20.5,50.1,-4.1,4.8,-20.1,4.4,32.8
2018-02-26,12.6,16.2,37.7,-0.3,8.9,-17.9,7.2,32.8
2018-02-27,13.1,15.7,33.5,4.9,11.4,-14.9,9.2,33.3
2018-02-28,9.1,9.9,32.9,2.4,8.8,-12.4,7.9,29.2
2018-03-01,10.2,12.2,39.5,0.2,13.3,-20.5,7.3,26.0
2018-03-02,11.3,12.3,39.1,-0.5,16.3,-15.9,9.9,26.2
2018-03-05,10.9,9.9,38.9,-7.6,19.6,-14.0,12.5,25.7
2018-03-06,10.4,9.1,38.1,-7.2,18.9,-13.7,12.3,25.8
2018-03-07,9.6,8.9,40.3,-8.0,16.0,-13.9,10.6,24.6
2018-03-08,17.7,8.6,38.0,-12.8,50.0,-13.0,31.3,69.2
2018-03-09,18.7,10.1,47.9,-21.6,50.3,-11.8,31.7,69.4
2018-03-12,17.9,7.2,45.0,-25.8,51.7,-6.0,33.9,75.0
2018-03-13,16.2,5.5,43.2,-27.4,48.8,-5.7,32.3,74.6
2018-03-14,17.6,3.2,39.6,-31.5,58.5,-2.9,39.1,88.0
2018-03-15,17.8,3.3,39.7,-31.6,58.4,-2.9,39.5,87.5
2018-03-16,19.1,5.6,45.8,-31.7,55.6,-6.3,39.3,85.0
2018-03-19,17.8,3.7,42.1,-32.8,54.6,-3.1,38.9,83.6
2018-03-20,16.3,1.5,41.4,-37.9,54.2,-3.3,38.5,83.1
2018-03-21,15.6,0.9,39.4,-38.6,54.2,-3.3,37.6,80.6
2018-03-22,11.9,-4.9,39.4,-57.9,54.0,-3.6,37.2,79.9
2018-03-23,13.3,-1.5,46.3,-57.9,51.5,-3.0,35.4,79.3
2018-03-26,13.2,-1.1,46.8,-56.2,51.5,-6.5,34.6,75.9
2018-03-27,12.1,-1.8,46.2,-57.5,48.8,-6.0,33.0,75.1
2018-03-28,12.1,-1.0,48.7,-57.2,46.6,-5.4,31.7,74.3
2018-03-29,11.9,-1.3,49.8,-56.8,46.1,-7.1,31.8,73.3
2018-04-02,6.5,-5.9,46.1,-58.1,39.7,-9.4,25.0,64.8
2018-04-03,7.0,-7.1,46.0,-60.3,46.8,-17.3,28.1,61.8
2018-04-04,5.4,-8.9,46.8,-65.0,46.3,-19.2,26.9,59.6
2018-04-05,2.0,-12.5,44.0,-72.5,43.2,-23.0,23.8,58.0
2018-04-06,-1.5,-17.5,35.9,-79.2,42.6,-23.2,22.4,57.0
2018-04-09,-3.2,-20.5,35.9,-86.7,43.2,-22.7,22.8,53.1
2018-04-10,-4.8,-22.7,32.8,-89.0,42.1,-21.7,22.1,51.4
2018-04-11,-5.7,-22.3,31.3,-88.2,38.1,-19.9,19.1,46.6
2018-04-12,-7.4,-24.0,28.3,-89.2,39.7,-31.9,17.6,44.0
2018-04-13,-12.0,-25.2,25.2,-88.9,25.3,-35.8,7.8,23.0
2018-04-16,-13.0,-26.6,21.8,-87.8,26.0,-36.0,7.5,21.6
2018-04-17,-12.5,-24.7,29.4,-91.8,23.2,-35.9,5.9,19.2
2018-04-18,-14.0,-27.4,29.4,-91.5,23.3,-35.9,6.2,18.9
2018-04-19,-14.1,-27.5,29.3,-91.2,23.4,-35.9,6.0,18.8
2018-04-20,-14.4,-28.1,29.2,-90.9,23.6,-35.9,6.1,18.7
2018-04-23,-11.3,-24.3,33.1,-83.3,25.7,-33.7,8.3,18.7
2018-04-24,-9.4,-21.2,41.8,-85.8,26.3,-33.5,8.4,18.6
2018-04-25,-9.1,-20.9,41.7,-84.6,26.4,-31.2,8.7,18.9
2018-04-26,-9.2,-21.4,39.3,-84.4,27.8,-33.2,9.1,17.4
2018-04-27,-8.0,-19.1,46.0,-83.4,27.8,-34.9,8.7,16.6
2018-04-30,-9.9,-18.7,41.8,-77.5,25.7,-54.9,3.2,16.9
2018-05-01,-12.1,-20.4,36.5,-77.3,21.4,-55.3,0.4,16.3
2018-05-02,-11.5,-20.1,35.9,-78.0,22.4,-55.1,1.4,17.6
2018-05-03,-14.4,-23.3,34.7,-87.7,22.5,-69.2,-1.0,15.3
2018-05-04,-16.7,-27.3,30.9,-96.6,22.3,-68.2,-0.8,14.9
2018-05-07,-17.8,-28.6,28.6,-100.1,19.3,-59.9,-1.5,14.3
2018-05-08,-16.9,-28.9,28.2,-98.9,23.8,-59.0,1.2,20.4
2018-05-09,-17.4,-29.3,27.7,-101.0,22.6,-57.7,0.5,19.8
2018-05-10,-18.6,-30.6,21.2,-98.9,21.6,-57.3,-0.7,19.0
2018-05-11,-18.4,-30.6,21.4,-97.9,18.9,-55.8,-0.2,17.0
2018-05-14,-18.4,-29.8,19.0,-94.6,16.4,-52.9,-1.3,14.7
2018-05-15,-19.8,-30.4,17.9,-96.9,9.4,-48.3,-3.9,8.2
2018-05-16,-22.7,-33.8,11.2,-95.4,9.2,-52.8,-6.0,4.7
2018-05-17,-21.6,-32.8,12.5,-93.6,11.0,-52.4,-4.9,4.2
2018-05-18,-21.8,-33.1,12.3,-91.7,10.5,-50.4,-4.8,3.8
2018-05-21,-20.6,-30.6,11.3,-81.4,9.4,-48.5,-5.5,2.2
2018-05-22,-20.2,-29.9,10.9,-79.8,8.5,-47.0,-5.6,1.9
2018-05-23,-24.3,-36.5,9.8,-98.8,9.1,-46.0,-6.0,1.3
2018-05-24,-24.4,-36.3,8.0,-98.2,8.1,-46.4,-6.5,0.5
2018-05-25,-23.3,-34.2,12.0,-96.6,7.3,-46.4,-7.0,-0.2
2018-05-29,-23.6,-32.7,11.2,-93.1,1.1,-45.0,-10.0,-2.2
2018-05-30,-25.6,-35.1,7.9,-95.6,-0.7,-44.6,-11.3,-3.4
2018-05-31,-21.8,-32.3,11.1,-91.4,7.3,-42.3,-6.1,2.9
2018-06-01,-21.1,-30.7,14.5,-91.1,7.4,-40.5,-6.6,-1.7
2018-06-04,-24.5,-32.4,9.7,-89.8,-0.2,-46.7,-12.7,-13.7
2018-06-05,-25.2,-32.1,11.7,-90.0,-3.4,-36.7,-14.8,-19.7
2018-06-06,-25.2,-31.4,11.0,-87.9,-3.6,-38.6,-15.8,-19.7
2018-06-07,-26.6,-33.8,10.5,-95.5,-3.7,-38.0,-15.8,-20.2
2018-06-08,-28.6,-37.8,10.2,-100.1,-2.2,-37.9,-14.9,-18.8
2018-06-11,-29.5,-38.3,9.2,-98.0,-3.9,-36.8,-16.2,-23.8
2018-06-12,-29.6,-37.5,11.2,-99.8,-6.1,-37.0,-17.7,-26.4
2018-06-13,-29.8,-38.3,9.6,-100.3,-5.5,-31.2,-17.0,-23.9
2018-06-14,-31.3,-34.4,16.2,-98.9,-22.5,-29.0,-26.7,-45.3
2018-06-15,-31.6,-34.6,15.1,-97.2,-23.2,-29.8,-27.1,-45.2
2018-06-18,-28.7,-33.2,12.2,-90.5,-19.3,-17.9,-21.9,-43.4
2018-06-19,-27.4,-32.4,11.2,-86.9,-18.8,-17.5,-20.0,-40.7
2018-06-20,-27.1,-32.5,10.1,-86.3,-18.3,-16.5,-19.0,-39.5
2018-06-21,-27.1,-32.7,8.6,-85.7,-17.7,-17.6,-18.8,-39.6
2018-06-22,-25.9,-30.9,3.2,-68.1,-17.2,-17.2,-18.3,-39.0
2018-06-25,-23.9,-29.4,3.3,-66.0,-13.6,-15.1,-15.6,-37.2
2018-06-26,-22.4,-28.7,3.5,-65.2,-10.0,-13.1,-13.0,-36.7
2018-06-27,-21.9,-28.2,1.1,-62.1,-9.7,-12.4,-12.5,-35.9
2018-06-28,-22.0,-28.8,-2.3,-60.4,-9.5,-11.5,-11.9,-34.9
2018-06-29,-20.1,-25.7,-4.9,-61.0,-9.1,-11.8,-11.7,-34.0
2018-07-02,-15.1,-17.7,5.5,-52.4,-13.0,-3.5,-11.2,-34.6
2018-07-03,-12.8,-15.8,8.9,-51.1,-11.6,2.4,-8.4,-33.8
2018-07-05,-10.1,-12.9,10.5,-45.2,-11.8,19.7,-6.0,-30.7
2018-07-06,-7.7,-9.3,12.6,-36.1,-11.4,20.3,-5.4,-29.7
2018-07-09,-3.9,-4.5,13.3,-30.7,-9.3,22.1,-3.0,-25.0
2018-07-10,-3.8,-5.2,13.9,-36.7,-8.0,24.6,-1.7,-22.6
2018-07-11,-2.5,-4.3,13.9,-36.2,-5.1,25.4,0.3,-19.3
2018-07-12,-2.8,-3.4,14.9,-35.6,-8.4,23.1,-2.0,-24.2
2018-07-13,-2.5,-3.5,13.9,-35.0,-7.0,23.9,-1.0,-21.2
2018-07-16,-2.1,-1.9,13.5,-32.9,-8.9,25.2,-2.4,-23.3
2018-07-17,-2.1,-2.5,11.0,-32.6,-10.3,32.2,-1.5,-23.2
2018-07-18,-5.8,-9.4,-1.1,-37.3,-10.3,33.0,-0.5,-22.1
2018-07-19,-5.4,-8.6,0.8,-37.0,-10.3,33.3,-0.5,-22.0
2018-07-20,-4.6,-7.6,-0.1,-36.8,-10.6,33.6,-0.1,-22.0
2018-07-23,-5.3,-7.7,-2.3,-34.8,-12.9,32.3,-1.7,-22.8
2018-07-24,-4.8,-7.0,-1.1,-34.5,-12.8,33.6,-1.4,-22.5
2018-07-25,-5.2,-8.2,-5.4,-32.8,-12.5,35.6,-0.8,-22.5
2018-07-26,-4.7,-7.0,-4.4,-29.8,-13.4,36.4,-1.2,-22.3
2018-07-27,-5.1,-8.1,-5.1,-31.8,-13.2,38.3,-0.7,-22.3
2018-07-30,-3.5,-6.3,-3.3,-27.7,-12.0,41.4,0.6,-23.0
2018-07-31,-3.8,-6.4,-2.2,-25.9,-12.9,41.5,0.0,-23.1
2018-08-01,-5.2,-6.5,-2.8,-26.2,-15.3,41.0,-3.3,-26.5
2018-08-02,-5.7,-5.3,-2.4,-25.6,-15.2,25.7,-6.3,-30.8
2018-08-03,-8.7,-12.4,-15.0,-31.5,-15.8,43.9,-3.1,-31.2
2018-08-06,-8.6,-12.7,-13.9,-35.3,-13.7,40.1,-2.5,-31.9
2018-08-07,-8.5,-12.3,-13.0,-35.7,-14.2,41.4,-2.8,-31.4
2018-08-08,-8.3,-12.7,-13.1,-35.1,-11.8,40.9,-1.8,-27.9
2018-08-09,-8.7,-13.2,-12.0,-34.3,-12.2,40.6,-2.0,-27.3
2018-08-10,-7.7,-11.1,-11.9,-32.9,-10.3,36.4,-2.7,-24.6
2018-08-13,-6.5,-9.4,-11.2,-30.0,-9.9,35.9,-2.1,-22.0
2018-08-14,-6.3,-6.1,-10.4,-19.5,-19.5,38.9,-6.6,-32.5
2018-08-15,-5.3,-4.0,-6.2,-18.6,-18.0,29.1,-7.3,-31.2
2018-08-16,-8.1,-8.0,-13.3,-17.5,-18.2,29.2,-8.3,-31.1
2018-08-17,-8.3,-7.5,-16.3,-16.3,-18.9,28.0,-9.4,-32.0
2018-08-20,-7.0,-5.4,-16.4,-9.4,-19.5,27.7,-9.5,-31.7
2018-08-21,-7.1,-5.5,-16.5,-9.0,-19.6,27.4,-9.6,-31.5
2018-08-22,-7.3,-5.6,-17.3,-8.7,-20.0,27.3,-9.8,-31.4
2018-08-23,-6.9,-5.8,-20.2,-5.6,-19.7,31.2,-8.6,-29.7
2018-08-24,-7.0,-5.2,-19.2,-5.0,-19.9,25.9,-9.7,-29.7
2018-08-27,-5.5,-2.8,-20.9,5.2,-19.6,23.8,-9.5,-30.1
2018-08-28,-6.0,-3.1,-20.1,3.6,-21.0,23.2,-10.3,-30.7
2018-08-29,-5.4,-2.2,-17.9,3.7,-21.1,22.5,-10.3,-29.9
2018-08-30,-6.2,-3.0,-18.4,2.9,-21.4,19.8,-11.0,-29.4
2018-08-31,-4.5,-3.3,-17.7,1.4,-13.5,18.0,-6.4,-19.7
2018-09-04,-1.4,3.0,-5.9,5.3,-15.0,21.8,-8.0,-16.2
2018-09-05,-0.4,3.6,-6.0,5.2,-13.4,24.0,-6.3,-15.0
2018-09-06,-0.7,3.1,-4.5,0.1,-12.7,22.0,-6.5,-14.2
2018-09-07,-1.8,1.2,-3.6,-3.9,-12.0,21.1,-6.3,-13.0
2018-09-10,-1.3,0.8,-4.8,-4.3,-8.0,17.2,-4.4,-7.1
2018-09-11,-1.5,0.1,-4.6,-6.7,-5.6,18.0,-3.9,-6.8
2018-09-12,-3.0,-1.6,-4.2,-12.5,-7.0,16.9,-5.1,-6.3
2018-09-13,-4.9,-3.1,-10.1,-13.0,-7.2,6.0,-7.7,-9.7
2018-09-14,-6.0,-3.0,-8.5,-13.6,-10.0,0.4,-10.6,-15.0
2018-09-17,-6.2,-4.0,-8.3,-16.3,-12.0,1.9,-9.4,-14.1
2018-09-18,-6.2,-3.9,-6.7,-17.9,-12.1,1.3,-9.7,-13.9
2018-09-19,-5.5,-3.0,-7.5,-20.6,-12.1,1.0,-9.2,-12.9
2018-09-20,-4.9,-1.8,-5.1,-20.7,-12.3,0.5,-9.5,-12.7
2018-09-21,-5.6,-2.8,-2.8,-26.5,-12.0,0.8,-9.8,-12.8
2018-09-24,-5.7,-2.9,-1.9,-25.2,-12.5,1.3,-9.9,-10.7
2018-09-25,-5.3,-2.7,-0.2,-25.3,-11.9,2.6,-9.1,-10.5
2018-09-26,-5.9,-3.6,-0.3,-25.2,-12.5,2.4,-9.4,-10.2
2018-09-27,-6.0,-4.4,-2.5,-24.5,-10.1,1.2,-8.3,-10.0
2018-09-28,-7.7,-7.8,-5.2,-31.9,-9.6,1.5,-7.6,-9.3
2018-10-01,-11.4,-11.3,-7.6,-28.7,-13.0,-5.5,-11.6,-10.9
2018-10-02,-11.3,-11.7,-7.7,-29.3,-10.3,-9.9,-10.8,-13.3
2018-10-03,-8.0,-6.7,8.8,-34.0,-10.1,-9.8,-9.9,-11.8
2018-10-04,-7.6,-5.8,11.1,-33.6,-9.8,-11.3,-10.3,-12.2
2018-10-05,-8.4,-6.0,6.4,-29.3,-11.9,-14.3,-12.1,-11.9
2018-10-08,-8.4,-6.5,6.9,-29.2,-9.5,-14.1,-11.2,-10.8
2018-10-09,-8.5,-7.0,6.6,-29.5,-8.8,-13.9,-10.8,-10.1
2018-10-10,-7.3,-5.1,7.1,-28.2,-8.5,-14.1,-10.6,-10.3
2018-10-11,-8.0,-8.0,-0.7,-27.8,-8.2,-2.8,-8.1,-5.7
2018-10-12,-5.2,-7.4,-1.9,-24.8,0.9,-6.9,-2.0,8.4
2018-10-15,-6.0,-8.2,-5.4,-22.6,0.5,-8.2,-2.6,8.6
2018-10-16,-5.6,-8.3,-0.5,-30.1,0.7,-4.5,-1.6,10.0
2018-10-17,-6.6,-9.8,-2.6,-29.8,0.3,-3.9,-1.8,10.8
2018-10-18,-8.1,-12.3,-1.9,-29.5,0.6,-3.6,-1.7,11.0
2018-10-19,-10.0,-14.0,-1.7,-29.2,-2.4,-3.0,-4.0,6.8
2018-10-22,-9.5,-12.9,-0.5,-28.2,-3.7,-2.2,-4.4,7.4
2018-10-23,-9.0,-12.7,-0.2,-27.8,-3.4,0.4,-3.4,8.8
2018-10-24,-12.9,-19.0,-4.3,-43.3,-3.3,-0.7,-3.8,8.9
2018-10-25,-14.0,-19.3,-4.7,-43.3,-7.5,0.5,-6.0,9.5
2018-10-26,-13.5,-18.5,-3.5,-42.3,-8.0,0.9,-6.1,9.8
2018-10-29,-11.8,-16.6,-1.9,-39.6,-6.9,2.8,-4.5,12.0
2018-10-30,-13.5,-20.6,-1.0,-54.3,-7.5,12.5,-2.9,12.6
2018-10-31,-15.2,-19.4,5.4,-57.6,-15.6,7.2,-8.8,9.0
2018-11-01,-15.8,-21.6,0.2,-57.1,-12.0,1.8,-7.2,9.0
2018-11-02,-15.3,-18.9,6.1,-56.7,-12.4,-11.0,-9.9,7.9
2018-11-05,-14.3,-17.2,10.0,-56.1,-12.4,-10.0,-10.0,7.2
2018-11-06,-12.8,-15.1,9.8,-47.5,-12.2,-10.7,-9.3,9.0
2018-11-07,-13.1,-15.6,9.7,-49.4,-13.0,-9.9,-9.3,9.4
2018-11-08,-13.3,-17.7,9.7,-51.2,-8.7,-9.7,-6.7,14.9
2018-11-09,-13.7,-18.7,10.0,-55.8,-8.2,-9.6,-6.2,16.0
2018-11-12,-13.0,-18.7,9.9,-56.6,-6.0,-7.5,-4.4,18.7
2018-11-13,-13.3,-18.1,10.4,-55.2,-6.0,-13.4,-6.2,15.4
2018-11-14,-13.7,-19.4,10.6,-56.0,-6.2,-15.0,-5.1,14.0
2018-11-15,-13.0,-18.3,13.0,-55.8,-6.0,-15.2,-5.1,13.9
2018-11-16,-14.4,-17.8,14.0,-55.5,-7.7,-21.8,-9.2,14.7
2018-11-19,-15.8,-20.2,8.8,-55.1,-7.6,-22.5,-9.2,13.8
2018-11-20,-15.9,-20.0,8.9,-55.3,-7.8,-22.7,-9.7,12.0
2018-11-21,-17.0,-22.3,3.9,-55.0,-7.0,-21.8,-9.0,11.8
2018-11-23,-18.5,-25.6,1.9,-65.1,-5.0,-26.7,-7.8,11.0
2018-11-26,-18.5,-26.5,-0.8,-64.3,-3.4,-26.0,-6.6,9.6
2018-11-27,-18.2,-26.5,-1.4,-63.7,-3.9,-20.3,-5.7,10.3
2018-11-28,-19.1,-27.8,-4.9,-62.9,-4.7,-20.2,-6.0,8.9
2018-11-29,-18.0,-26.0,-4.5,-56.6,-4.5,-20.7,-6.0,8.9
2018-11-30,-19.1,-28.3,-5.3,-62.9,-2.6,-24.9,-5.4,0.4
2018-12-03,-16.8,-25.1,-2.8,-57.6,-3.4,-22.4,-4.4,2.6
2018-12-04,-17.1,-24.9,-3.1,-55.9,-3.2,-31.3,-5.5,0.2
2018-12-06,-15.6,-23.6,-2.8,-48.7,0.5,-33.7,-3.5,0.7
2018-12-07,-16.2,-23.9,-6.5,-49.2,-1.0,-35.7,-4.6,1.0
2018-12-10,-17.4,-24.6,-5.6,-48.9,-4.0,-33.6,-6.7,-2.7
2018-12-11,-16.7,-24.0,-7.1,-45.6,-3.7,-31.8,-5.8,-1.8
2018-12-12,-13.8,-23.4,-7.3,-44.0,3.8,-35.4,0.7,13.5
2018-12-13,-13.2,-22.0,-4.2,-43.6,3.8,-38.0,0.7,12.3
2018-12-14,-18.4,-29.7,-7.3,-76.2,-1.7,-31.5,-1.5,4.4
2018-12-17,-21.2,-32.4,-14.3,-74.2,-3.9,-31.5,-4.4,3.6
2018-12-18,-20.4,-31.1,-9.4,-76.2,-3.9,-31.6,-4.4,3.5
2018-12-19,-20.3,-31.6,-9.7,-75.0,-3.9,-31.8,-3.4,5.3
2018-12-20,-20.2,-31.2,-10.6,-74.6,-3.9,-32.9,-3.7,5.1
2018-12-21,-22.0,-34.0,-16.3,-77.5,-4.7,-30.3,-3.9,5.2
2018-12-24,-21.7,-33.0,-16.2,-75.9,-5.3,-32.5,-4.8,4.7
2018-12-26,-20.8,-31.7,-15.4,-73.8,-4.6,-32.3,-4.4,4.5
2018-12-27,-21.9,-32.2,-17.5,-73.5,-8.1,-31.9,-6.5,4.5
2018-12-28,-22.1,-31.7,-17.9,-73.3,-9.6,-32.5,-7.7,3.8
2018-12-31,-24.3,-33.5,-23.8,-71.8,-13.8,-32.0,-10.6,-2.7
2019-01-02,-25.0,-32.8,-22.5,-71.6,-17.1,-26.3,-13.3,-3.4
2019-01-03,-25.2,-33.6,-25.0,-71.1,-18.4,-19.7,-12.7,-1.1
2019-01-04,-23.4,-29.6,-11.6,-75.1,-19.9,-21.4,-14.0,-1.7
2019-01-07,-22.6,-28.5,-12.1,-70.5,-19.9,-19.8,-13.8,-4.4
2019-01-08,-24.7,-31.1,-9.0,-84.9,-20.3,-23.5,-15.0,-7.2
2019-01-09,-24.7,-30.9,-8.5,-84.2,-21.0,-22.8,-15.3,-9.2
2019-01-10,-23.8,-30.6,-6.6,-86.8,-21.1,-13.7,-13.5,-9.2
2019-01-11,-26.3,-30.3,-6.1,-88.6,-29.6,-23.5,-20.3,-21.3
2019-01-14,-24.9,-28.4,-5.5,-86.7,-27.8,-23.8,-19.7,-21.7
2019-01-15,-24.5,-28.4,-7.8,-85.7,-29.1,-13.7,-18.7,-17.8
2019-01-16,-23.3,-27.2,-6.0,-84.5,-28.2,-10.7,-17.4,-17.1
2019-01-17,-22.9,-25.7,-3.2,-83.2,-30.1,-9.5,-18.6,-17.8
2019-01-18,-22.4,-26.2,-6.9,-81.7,-29.6,-8.2,-16.8,-13.6
2019-01-22,-17.6,-22.3,-5.8,-71.0,-17.7,-8.4,-10.6,-11.3
2019-01-23,-18.7,-23.6,-6.1,-70.0,-18.4,-8.6,-11.3,-11.4
2019-01-24,-19.3,-24.2,1.8,-83.0,-18.4,-7.5,-11.9,-11.7
2019-01-25,-20.3,-25.6,2.3,-88.0,-18.3,-7.1,-12.4,-13.1
2019-01-28,-19.1,-24.0,1.0,-81.8,-18.3,-2.9,-11.7,-11.4
2019-01-29,-19.2,-24.3,-0.2,-81.5,-18.8,-0.5,-11.6,-11.4
2019-01-30,-19.2,-23.8,2.6,-82.3,-18.6,-4.3,-12.3,-11.2
2019-01-31,-18.5,-22.5,4.5,-82.6,-18.3,-5.6,-12.4,-10.2
2019-02-01,-11.8,-11.6,27.3,-77.3,-17.4,-4.9,-12.1,-10.6
2019-02-04,-14.4,-15.6,18.3,-78.2,-17.8,-4.9,-12.5,-13.9
2019-02-05,-13.6,-13.9,17.0,-71.5,-18.4,-6.2,-13.2,-13.9
2019-02-06,-12.5,-13.8,19.0,-74.4,-17.2,4.2,-10.6,-13.5
2019-02-07,-14.0,-16.6,17.0,-79.1,-17.2,4.2,-10.2,-13.3
2019-02-08,-13.6,-15.7,17.1,-80.1,-17.3,3.7,-10.4,-12.9
2019-02-11,-13.2,-16.4,17.3,-78.3,-16.7,1.4,-8.4,-6.7
2019-02-12,-13.6,-17.4,15.2,-77.6,-16.2,2.2,-7.9,-3.5
2019-02-13,-15.5,-18.0,15.4,-79.0,-17.9,-8.4,-11.8,-7.9
2019-02-14,-24.3,-32.2,-15.7,-80.6,-17.5,-10.0,-12.5,-7.5
2019-02-15,-25.4,-34.4,-23.6,-79.7,-16.9,-8.8,-11.9,-7.6
2019-02-19,-21.9,-31.1,-18.3,-74.9,-12.6,-7.1,-8.2,2.1
2019-02-20,-22.3,-32.3,-18.0,-72.7,-13.1,-5.3,-7.2,3.9
2019-02-21,-21.6,-31.1,-23.6,-63.0,-13.1,-5.3,-7.4,4.2
2019-02-22,-22.1,-31.5,-23.4,-64.0,-14.0,-5.3,-8.0,4.4
2019-02-25,-21.7,-30.7,-23.4,-62.0,-14.1,-4.5,-8.3,5.9
2019-02-26,-23.7,-33.5,-30.5,-61.7,-13.6,-8.6,-8.9,6.7
2019-02-27,-24.7,-34.1,-33.6,-59.5,-16.4,-8.3,-10.7,7.8
2019-02-28,-26.4,-34.6,-29.8,-58.8,-20.7,-13.2,-14.1,1.5
2019-03-01,-32.4,-41.5,-43.4,-61.6,-25.5,-18.1,-18.8,-4.5
2019-03-04,-31.3,-41.1,-43.1,-60.0,-23.8,-9.3,-16.5,-5.0
2019-03-05,-26.6,-34.1,-33.8,-51.2,-25.8,-2.7,-15.4,-10.1
2019-03-06,-26.5,-34.2,-34.0,-49.8,-24.7,-2.4,-15.0,-9.9
2019-03-07,-25.7,-32.7,-33.3,-48.4,-24.5,-4.9,-15.2,-10.1
2019-03-08,-29.6,-32.6,-42.1,-49.5,-39.9,-7.9,-25.1,-27.1
2019-03-11,-27.2,-27.7,-31.9,-47.0,-39.9,-7.3,-26.5,-29.8
2019-03-12,-27.9,-29.2,-39.4,-42.1,-39.0,-7.6,-26.0,-30.4
2019-03-13,-24.7,-24.7,-33.2,-35.3,-36.2,-8.5,-24.6,-31.2
2019-03-14,-25.5,-25.2,-34.4,-34.7,-34.9,-4.8,-26.0,-37.7
2019-03-15,-26.8,-25.6,-36.2,-34.1,-36.2,-10.0,-28.5,-37.2
2019-03-18,-25.1,-25.1,-35.9,-31.8,-32.8,-8.7,-25.1,-34.8
2019-03-19,-23.7,-23.1,-36.3,-26.4,-32.2,-8.8,-24.7,-34.5
2019-03-20,-22.8,-22.3,-35.4,-25.5,-31.5,-9.8,-23.5,-32.8
2019-03-21,-20.9,-20.6,-32.2,-25.1,-29.2,-7.7,-21.3,-31.7
2019-03-22,-27.1,-31.3,-33.8,-60.0,-28.3,-7.9,-20.9,-31.3
2019-03-25,-25.1,-29.1,-33.9,-53.9,-25.8,-7.2,-19.0,-29.1
2019-03-26,-26.5,-31.6,-40.3,-53.8,-26.8,-3.5,-18.8,-26.9
2019-03-27,-26.4,-32.2,-40.3,-54.4,-25.7,-2.5,-17.8,-26.1
2019-03-28,-26.9,-33.3,-40.0,-58.7,-24.8,-2.9,-17.2,-25.4
2019-03-29,-26.2,-31.3,-35.9,-61.0,-27.2,-2.9,-18.5,-24.4
2019-04-01,-26.5,-37.3,-44.4,-66.4,-18.7,-7.4,-10.4,-1.9
2019-04-02,-27.1,-36.4,-44.8,-64.9,-18.1,-21.5,-13.1,-4.4
2019-04-03,-26.7,-38.1,-57.7,-53.0,-13.1,-21.4,-9.6,0.9
2019-04-04,-28.3,-39.4,-55.1,-61.0,-14.8,-27.1,-11.6,1.9
2019-04-05,-27.5,-38.3,-53.1,-59.1,-14.4,-29.0,-11.3,2.4
2019-04-08,-25.7,-37.3,-52.9,-53.7,-11.0,-24.2,-8.4,4.9
2019-04-09,-25.5,-37.9,-55.7,-51.8,-9.7,-20.8,-6.9,7.8
2019-04-10,-25.7,-39.1,-62.3,-47.9,-7.7,-19.6,-5.6,9.9
2019-04-11,-23.8,-36.6,-57.1,-47.3,-7.7,-20.1,-4.5,13.3
2019-04-12,-23.9,-36.7,-58.4,-45.9,-8.4,-21.3,-4.8,14.4
2019-04-15,-23.4,-35.6,-57.4,-44.0,-6.7,-24.9,-5.1,12.5
2019-04-16,-24.3,-37.7,-63.2,-41.8,-6.5,-24.9,-4.1,12.2
2019-04-17,-20.7,-37.7,-62.6,-41.1,8.5,-24.8,4.9,34.3
2019-04-18,-19.1,-35.5,-59.2,-43.3,8.2,-24.0,5.6,35.2
2019-04-22,-20.3,-37.1,-67.8,-38.7,5.7,-22.5,5.0,35.1
2019-04-23,-20.7,-35.5,-65.8,-36.6,0.4,-23.2,1.6,35.2
2019-04-24,-21.5,-36.5,-65.8,-38.8,0.6,-30.6,0.9,32.6
2019-04-25,-24.6,-37.6,-68.8,-39.1,-10.2,-28.5,-5.2,32.1
2019-04-26,-22.4,-34.1,-57.1,-39.0,-9.9,-27.6,-4.8,32.2
2019-04-29,-22.5,-35.3,-57.1,-44.4,-8.2,-25.0,-3.3,32.8
2019-04-30,-23.5,-32.4,-58.7,-31.1,-18.4,-28.6,-10.2,22.6
2019-05-01,-22.1,-31.7,-55.9,-31.5,-13.9,-28.9,-7.6,24.1
2019-05-02,-23.3,-32.4,-55.5,-32.9,-18.2,-27.3,-9.6,23.9
2019-05-03,-20.8,-27.8,-52.1,-22.4,-18.6,-29.9,-10.4,19.2
2019-05-06,-20.2,-24.8,-47.2,-19.8,-20.6,-33.1,-13.3,17.3
2019-05-07,-19.5,-23.7,-44.7,-20.4,-20.8,-32.9,-13.3,16.8
2019-05-08,-19.5,-21.9,-43.2,-17.1,-25.8,-31.8,-15.9,9.9
2019-05-09,-20.0,-21.6,-42.9,-16.9,-26.4,-39.9,-17.7,5.6
2019-05-10,-20.2,-20.8,-47.7,-16.7,-29.7,-37.7,-19.3,-0.5
2019-05-13,-17.5,-16.1,-38.3,-15.6,-31.2,-32.4,-19.5,-4.2
2019-05-14,-17.8,-16.6,-30.8,-19.5,-32.9,-36.3,-19.5,-8.2
2019-05-15,-25.0,-21.9,-43.5,-19.5,-51.3,-36.9,-29.6,-29.8
2019-05-16,-23.4,-19.3,-37.7,-19.6,-50.5,-37.7,-29.5,-29.6
2019-05-17,-22.5,-15.6,-31.1,-14.6,-50.9,-37.5,-32.9,-36.6
2019-05-20,-20.7,-12.4,-29.9,-15.7,-49.5,-39.9,-33.1,-36.3
2019-05-21,-20.9,-12.8,-29.7,-16.8,-49.5,-39.5,-33.1,-35.9
2019-05-22,-20.5,-12.1,-29.0,-16.3,-49.5,-39.6,-33.1,-35.5
2019-05-23,-21.9,-17.6,-39.9,-22.0,-45.1,-38.7,-28.3,-32.7
2019-05-24,-21.7,-18.0,-40.1,-21.7,-43.9,-40.0,-27.3,-32.6
2019-05-28,-17.7,-13.4,-35.0,-14.4,-41.3,-31.8,-24.2,-28.5
2019-05-29,-18.1,-14.1,-33.1,-20.2,-41.6,-31.3,-24.1,-28.9
2019-05-30,-18.2,-14.1,-31.9,-20.9,-40.9,-33.8,-24.3,-28.8
2019-05-31,-18.8,-13.6,-32.3,-20.3,-45.5,-35.3,-26.5,-37.1
2019-06-03,-20.6,-16.8,-35.9,-21.0,-43.2,-35.3,-26.3,-33.5
2019-06-04,-23.4,-18.2,-34.0,-24.4,-43.6,-56.0,-31.3,-34.6
2019-06-05,-26.1,-22.9,-46.8,-19.8,-43.7,-53.1,-30.9,-36.7
2019-06-06,-26.2,-22.8,-47.3,-18.6,-43.6,-54.0,-31.2,-36.9
2019-06-07,-29.3,-28.1,-56.4,-25.2,-43.5,-54.9,-31.2,-36.6
2019-06-10,-28.9,-29.2,-56.0,-24.3,-39.8,-54.5,-28.4,-29.6
2019-06-11,-28.2,-28.1,-52.2,-25.5,-38.5,-58.3,-28.4,-30.6
2019-06-12,-26.8,-29.0,-58.4,-21.6,-30.0,-59.9,-23.5,-20.9
2019-06-13,-26.3,-28.1,-59.7,-20.4,-30.0,-60.0,-23.7,-21.5
2019-06-14,-26.6,-26.0,-55.4,-19.4,-35.7,-60.4,-27.5,-29.5
2019-06-17,-28.7,-28.1,-63.2,-14.7,-35.6,-67.0,-29.5,-31.3
2019-06-18,-30.3,-29.5,-61.2,-21.1,-35.6,-67.1,-31.4,-32.4
2019-06-19,-28.4,-26.3,-60.3,-15.4,-35.4,-66.8,-31.5,-32.9
2019-06-20,-28.3,-26.4,-61.6,-15.3,-35.2,-66.3,-31.2,-33.1
2019-06-21,-26.3,-23.0,-62.4,-1.3,-35.1,-66.1,-31.2,-33.7
2019-06-24,-26.2,-21.7,-60.4,0.5,-34.1,-70.0,-32.9,-36.2
2019-06-25,-28.1,-24.9,-68.1,0.6,-33.8,-69.1,-32.8,-37.2
2019-06-26,-27.3,-23.7,-65.9,1.3,-33.5,-68.0,-32.6,-38.2
2019-06-27,-29.9,-28.2,-67.5,-11.0,-33.7,-65.6,-32.5,-39.0
2019-06-28,-27.7,-24.8,-68.3,-4.4,-32.8,-65.1,-32.0,-41.5
2019-07-01,-26.9,-21.2,-59.2,-6.4,-36.9,-61.9,-35.5,-49.6
2019-07-02,-26.7,-21.8,-59.3,-4.6,-35.2,-59.5,-34.1,-49.2
2019-07-03,-28.2,-23.8,-65.4,-2.6,-36.5,-57.9,-34.7,-50.9
2019-07-05,-27.9,-22.7,-58.5,-9.9,-36.1,-60.2,-35.6,-51.1
2019-07-08,-27.4,-22.5,-55.8,-13.0,-33.7,-62.7,-34.7,-52.2
2019-07-09,-27.7,-22.9,-56.8,-13.1,-33.4,-62.2,-35.0,-52.8
2019-07-10,-26.6,-21.3,-56.3,-8.9,-32.9,-61.6,-34.6,-53.0
2019-07-11,-24.4,-17.5,-46.8,-8.9,-32.9,-62.3,-34.8,-53.7
2019-07-12,-25.7,-16.9,-46.4,-7.7,-34.0,-69.4,-38.9,-57.3
2019-07-15,-22.1,-16.1,-44.4,-7.6,-20.9,-71.3,-31.2,-41.3
2019-07-16,-21.3,-15.4,-42.0,-8.8,-20.0,-70.3,-30.1,-39.5
2019-07-17,-22.0,-16.8,-46.3,-8.8,-20.7,-69.5,-29.8,-38.0
2019-07-18,-21.0,-15.2,-41.5,-8.8,-19.6,-69.2,-29.8,-37.2
2019-07-19,-21.4,-16.3,-41.6,-8.8,-18.3,-68.3,-29.0,-36.2
2019-07-22,-19.6,-16.5,-42.1,-8.2,-11.5,-64.3,-24.3,-32.6
2019-07-23,-19.9,-17.9,-44.9,-8.5,-9.3,-63.0,-22.8,-31.2
2019-07-24,-25.3,-27.3,-50.3,-33.0,-8.5,-62.3,-22.2,-30.0
2019-07-25,-24.3,-26.0,-40.6,-39.8,-6.8,-61.3,-21.7,-29.9
2019-07-26,-22.5,-23.9,-37.2,-37.5,-5.3,-59.1,-20.4,-28.4
2019-07-29,-21.9,-24.9,-37.4,-40.9,-1.6,-56.0,-17.5,-22.7
2019-07-30,-22.1,-25.3,-33.4,-46.6,-1.1,-55.2,-17.3,-21.4
2019-07-31,-25.6,-27.5,-33.8,-55.0,-4.6,-72.5,-22.8,-21.4
2019-08-01,-26.8,-29.7,-35.0,-54.0,-3.5,-70.7,-22.5,-18.0
2019-08-02,-26.8,-29.8,-35.1,-50.9,-3.9,-68.4,-22.4,-18.0
2019-08-05,-27.6,-31.9,-36.7,-55.2,-1.1,-69.6,-21.2,-13.6
2019-08-06,-25.6,-29.2,-35.2,-50.7,-0.3,-66.7,-20.3,-11.5
2019-08-07,-26.3,-29.7,-33.5,-53.3,0.2,-70.0,-21.2,-11.1
2019-08-08,-25.1,-28.6,-31.6,-53.0,3.2,-69.2,-19.9,-5.1
2019-08-09,-25.1,-28.3,-30.9,-54.1,5.9,-74.2,-20.3,-4.8
2019-08-12,-21.8,-25.9,-26.8,-52.8,11.5,-68.8,-15.7,5.3
2019-08-13,-21.9,-25.9,-19.8,-62.9,11.2,-68.0,-15.9,6.0
2019-08-14,-23.6,-24.4,-19.9,-64.5,-0.8,-67.3,-22.4,-8.7
2019-08-15,-20.9,-20.8,-12.7,-64.1,0.3,-65.1,-21.0,-8.8
2019-08-16,-23.1,-23.0,-17.6,-63.6,1.3,-64.7,-23.3,-8.6
2019-08-19,-22.5,-20.7,-13.3,-61.5,-1.1,-62.3,-25.2,-10.0
2019-08-20,-21.7,-19.1,-10.9,-60.3,-1.6,-61.7,-25.6,-10.1
2019-08-21,-20.7,-17.6,-10.1,-59.9,-0.2,-62.5,-25.3,-9.7
2019-08-22,-18.6,-14.3,-14.2,-41.7,-0.1,-61.6,-25.1,-9.4
2019-08-23,-18.0,-14.2,-16.6,-41.5,2.4,-62.9,-23.8,-9.0
2019-08-26,-17.4,-14.9,-16.3,-43.1,5.5,-59.9,-21.2,-7.1
2019-08-27,-16.4,-13.6,-13.7,-42.0,6.1,-58.5,-20.5,-6.0
2019-08-28,-15.7,-13.0,-12.6,-41.3,6.9,-57.2,-19.7,-4.4
2019-08-29,-13.7,-10.7,-11.6,-34.1,7.0,-50.3,-18.1,-2.1
2019-08-30,-14.0,-11.6,-11.0,-39.3,6.7,-47.2,-17.5,-9.7
2019-09-03,-12.1,-10.1,-9.4,-36.4,8.3,-49.5,-15.1,-9.3
2019-09-04,-10.3,-8.2,-7.7,-31.8,10.4,-51.1,-13.5,-6.9
2019-09-05,-7.6,-2.9,7.7,-34.3,7.9,-49.5,-14.6,-7.5
2019-09-06,-7.8,-3.2,5.4,-36.9,6.9,-48.0,-14.8,-8.3
2019-09-09,-6.8,-0.6,7.6,-34.1,2.8,-44.9,-16.2,-13.2
2019-09-10,-7.3,-1.8,7.0,-37.2,3.4,-44.2,-15.6,-12.6
2019-09-11,-5.4,-1.6,7.0,-36.8,5.1,-34.4,-11.1,-5.1
2019-09-12,-0.9,2.8,16.6,-37.1,11.1,-29.9,-6.4,4.3
2019-09-13,0.1,3.3,17.4,-36.5,11.0,-27.6,-4.6,4.8
2019-09-16,-1.3,3.8,18.6,-34.9,1.6,-25.3,-9.0,-6.1
2019-09-17,2.0,8.9,26.1,-26.1,1.9,-24.9,-8.4,-5.5
2019-09-18,5.4,14.8,38.8,-27.7,1.8,-24.5,-8.6,-5.8
2019-09-19,6.1,16.3,41.3,-27.0,1.8,-24.6,-9.1,-5.7
2019-09-20,5.9,16.1,41.7,-26.4,1.2,-23.9,-9.3,-5.7
2019-09-23,-0.1,5.1,44.7,-67.3,1.0,-17.3,-7.9,-4.0
2019-09-24,-0.7,4.0,40.9,-64.9,0.6,-16.0,-7.8,-3.8
2019-09-25,0.2,5.5,45.7,-65.3,0.4,-15.5,-7.8,-3.7
2019-09-26,0.2,5.6,44.9,-63.6,-0.5,-14.8,-8.0,-3.1
2019-09-27,-2.0,2.0,44.3,-74.9,-0.4,-16.1,-8.1,-3.6
2019-09-30,-1.0,2.6,43.0,-72.0,0.4,-14.6,-6.5,3.6
2019-10-01,-1.2,3.0,35.0,-70.4,-1.8,-6.4,-7.5,1.2
2019-10-02,-2.4,2.0,33.1,-69.3,-4.5,-6.2,-9.0,-0.4
2019-10-03,-6.0,-4.1,24.5,-77.2,-5.4,-4.9,-8.8,0.1
2019-10-04,-6.5,-4.6,23.2,-76.7,-6.8,-4.2,-9.4,-0.3
2019-10-07,-7.9,-6.0,20.9,-77.7,-10.2,-1.3,-10.8,-1.7
2019-10-08,-7.8,-5.6,19.0,-77.3,-11.3,-0.1,-11.0,-3.0
2019-10-09,-8.0,-5.9,17.7,-76.7,-12.0,1.4,-11.2,-3.8
2019-10-10,-10.1,-8.5,11.0,-79.0,-13.4,-0.9,-12.6,-6.6
2019-10-11,-10.5,-5.5,15.3,-78.1,-23.8,2.5,-17.9,-20.9
2019-10-14,-10.7,-4.5,15.2,-75.0,-23.5,2.9,-19.9,-21.8
2019-10-15,-10.2,-3.9,15.9,-71.6,-23.2,2.2,-19.6,-21.6
2019-10-16,-11.2,-5.4,13.6,-70.3,-23.4,2.0,-19.8,-21.4
2019-10-17,-12.0,-7.0,8.2,-68.8,-23.5,2.3,-19.6,-21.3
2019-10-18,-11.7,-6.5,8.0,-67.0,-23.3,3.8,-19.6,-24.3
2019-10-21,-11.1,-5.1,7.2,-57.2,-24.0,4.8,-20.1,-23.6
2019-10-22,-11.3,-5.2,6.6,-55.9,-24.5,3.7,-20.5,-23.9
2019-10-23,-12.0,-6.1,6.0,-57.3,-25.4,4.2,-20.8,-23.7
2019-10-24,-12.1,-6.2,5.6,-57.3,-25.2,2.9,-20.9,-22.5
2019-10-25,-11.5,-6.2,4.9,-56.1,-23.9,5.4,-19.5,-22.3
2019-10-28,-10.0,-5.6,3.0,-52.5,-22.0,11.5,-16.6,-21.4
2019-10-29,-10.5,-6.2,1.4,-52.3,-22.6,11.6,-17.0,-21.4
2019-10-30,-9.7,-2.3,7.8,-52.2,-22.3,-8.8,-20.8,-20.9
2019-10-31,-10.9,-0.2,4.7,-43.1,-32.8,-8.9,-27.0,-30.6
2019-11-01,-9.8,-0.7,6.0,-42.5,-27.4,-9.9,-23.4,-27.3
2019-11-04,-10.3,0.0,5.0,-36.2,-28.8,-14.2,-25.7,-27.0
2019-11-05,-9.7,0.8,7.5,-36.5,-28.6,-15.5,-25.5,-27.1
2019-11-06,-7.7,2.9,7.1,-27.7,-28.8,-11.9,-23.7,-24.1
2019-11-07,-7.3,3.5,7.5,-27.2,-28.1,-12.4,-23.5,-24.0
2019-11-08,-6.4,3.6,7.2,-25.3,-25.4,-12.7,-21.4,-19.9
2019-11-11,-9.1,-0.4,5.0,-22.8,-27.2,-14.0,-22.1,-21.9
2019-11-12,-7.9,1.1,5.0,-16.4,-27.3,-11.8,-21.5,-20.8
2019-11-13,-7.8,1.1,6.0,-15.9,-27.4,-11.3,-21.2,-20.5
2019-11-14,-9.7,1.1,3.8,-10.7,-36.4,-9.6,-25.9,-31.5
2019-11-15,-12.2,-3.3,-6.1,-11.1,-35.6,-10.7,-25.5,-31.2
2019-11-18,-13.6,-4.6,-5.7,-13.8,-38.8,-10.3,-27.2,-30.6
2019-11-19,-13.0,-3.5,-1.4,-16.3,-39.0,-10.3,-27.3,-30.4
2019-11-20,-13.6,-4.8,-1.1,-15.9,-39.3,-10.2,-26.9,-28.9
2019-11-21,-14.0,-5.3,-2.0,-15.5,-39.2,-10.3,-27.0,-28.8
2019-11-22,-13.4,-3.5,3.3,-16.1,-39.6,-10.7,-28.2,-28.7
2019-11-25,-13.8,-4.5,0.2,-15.4,-40.3,-6.1,-27.8,-28.7
2019-11-26,-13.0,-3.6,2.1,-15.5,-39.5,-5.2,-27.2,-28.3
2019-11-27,-10.8,0.4,13.8,-17.3,-40.3,-5.6,-27.6,-27.2
2019-11-29,-11.3,-0.8,13.1,-8.9,-40.0,-3.7,-27.1,-27.4
2019-12-02,-11.2,-1.4,8.7,-3.4,-31.7,-9.9,-25.9,-14.6
2019-12-03,-12.1,-2.2,6.2,-2.3,-31.5,-13.9,-27.0,-13.0
2019-12-04,-12.7,-5.8,-4.2,0.9,-24.7,-16.1,-23.0,-6.6
2019-12-05,-12.9,-6.2,-2.3,-0.8,-24.5,-16.6,-22.9,-6.7
2019-12-06,-12.8,-6.0,7.5,-5.8,-24.2,-17.1,-23.0,-6.8
2019-12-09,-12.4,-5.0,4.9,0.3,-23.2,-20.9,-23.6,-9.0
2019-12-10,-11.7,-3.7,4.7,7.1,-23.3,-21.6,-23.6,-10.0
2019-12-11,-11.5,-3.7,4.2,7.7,-22.9,-20.2,-23.3,-8.9
2019-12-12,-13.2,-7.7,-4.0,8.5,-20.1,-23.3,-21.4,-0.5
2019-12-13,-14.1,-8.5,-9.5,9.0,-19.1,-22.9,-22.6,0.7
2019-12-16,-15.7,-14.4,-11.1,-1.3,-10.1,-22.5,-17.7,10.0
2019-12-17,-13.6,-11.2,-3.9,0.7,-9.7,-22.5,-17.3,10.0
2019-12-18,-11.6,-8.4,-3.7,6.0,-9.4,-23.7,-16.5,11.3
2019-12-19,-11.8,-9.0,-8.0,10.7,-9.1,-24.2,-16.1,11.2
2019-12-20,-11.1,-7.7,-7.6,16.3,-8.8,-27.2,-16.2,11.8
2019-12-23,-10.3,-6.9,-10.3,24.6,-7.8,-28.0,-15.4,11.7
2019-12-24,-10.5,-6.7,-10.4,25.5,-8.8,-27.4,-16.1,9.6
2019-12-26,-10.2,-5.9,-9.3,27.5,-10.1,-27.4,-16.7,9.6
2019-12-27,-9.4,-5.0,-8.3,27.9,-9.6,-25.8,-15.9,10.1
2019-12-30,-7.1,-3.3,-3.9,29.1,-5.1,-27.5,-12.7,11.3
2019-12-31,-7.3,-2.6,-3.1,30.4,-7.9,-22.5,-14.3,5.7
2020-01-02,-5.3,-1.6,-3.4,33.4,-4.0,-21.4,-10.9,6.0
2020-01-03,-6.9,-4.4,-9.3,32.5,-4.8,-18.3,-10.7,7.4
2020-01-06,-4.1,-0.4,-7.0,43.0,-4.0,-17.8,-9.6,8.1
2020-01-07,-2.4,1.6,-4.3,44.6,-2.8,-17.3,-8.4,9.4
2020-01-08,-1.0,3.3,0.3,43.7,-1.4,-17.3,-7.5,11.3
2020-01-09,-1.0,3.9,1.7,42.4,-1.2,-21.8,-8.4,9.6
2020-01-10,0.1,4.1,0.5,43.3,3.9,-25.2,-6.0,15.8
2020-01-13,1.0,5.1,2.0,41.8,4.5,-24.6,-5.2,16.5
2020-01-14,0.0,1.7,-5.8,41.5,8.7,-24.7,-2.6,22.5
2020-01-15,-0.8,0.9,-5.4,40.5,9.1,-31.2,-3.3,21.5
2020-01-16,2.6,6.4,4.6,40.1,9.3,-29.8,-3.0,21.9
2020-01-17,5.8,8.2,10.6,39.7,18.1,-29.3,2.2,31.4
2020-01-21,8.5,10.7,10.4,45.1,20.8,-22.6,5.2,31.5
2020-01-22,9.6,10.0,9.7,43.6,28.2,-22.0,9.0,31.7
2020-01-23,9.5,9.8,10.2,42.8,28.4,-22.5,9.1,31.2
2020-01-24,11.0,12.1,9.0,50.8,28.7,-22.7,9.3,31.7
2020-01-27,9.7,7.8,4.8,42.8,30.5,-12.8,12.6,32.7
2020-01-28,10.1,8.5,7.3,41.1,31.7,-12.3,12.6,32.1
2020-01-29,10.5,8.9,7.0,40.6,31.8,-11.8,12.8,31.5
2020-01-30,11.5,10.3,8.2,43.8,32.2,-9.7,13.3,29.2
2020-01-31,10.4,3.5,7.6,21.1,43.3,-6.0,20.8,36.7
2020-02-03,13.9,6.6,15.9,18.9,50.1,-1.2,24.8,36.4
2020-02-04,15.2,8.2,19.4,18.3,52.5,-4.2,25.6,35.3
2020-02-05,19.4,14.8,37.2,14.0,51.8,3.3,26.4,34.9
2020-02-06,18.5,14.0,39.8,7.6,52.2,3.2,25.3,35.5
2020-02-07,16.2,11.4,45.1,-9.5,49.2,3.1,23.5,36.2
2020-02-10,17.3,12.3,46.2,-16.5,51.0,3.6,24.9,38.1
2020-02-11,18.7,13.8,45.2,-17.4,53.6,0.5,26.1,40.6
2020-02-12,16.7,13.8,46.3,-19.3,45.3,2.0,21.1,32.5
2020-02-13,17.2,13.6,45.1,-19.4,45.1,-1.7,22.6,30.6
2020-02-14,16.4,12.6,45.3,-22.3,45.1,-3.9,22.1,30.1
2020-02-18,13.1,8.0,44.8,-29.9,42.6,-3.5,20.7,27.6
2020-02-19,17.7,16.4,55.6,-29.9,42.2,-3.6,19.6,27.0
2020-02-20,20.1,19.6,61.8,-30.0,41.8,0.3,20.8,27.8
2020-02-21,21.9,22.6,50.7,-5.7,41.4,0.4,20.9,27.4
2020-02-24,22.2,22.4,46.6,-3.1,43.0,0.1,21.9,25.1
2020-02-25,19.9,22.3,44.8,-2.3,34.2,-2.6,16.2,24.1
2020-02-26,21.4,24.1,49.3,-3.6,35.0,-0.2,17.4,23.0
2020-02-27,23.3,27.8,55.0,0.4,34.0,-1.9,16.6,22.2
2020-02-28,22.5,27.2,56.2,0.4,28.7,1.4,15.4,20.7
2020-03-02,11.4,29.0,57.0,3.1,-24.5,5.3,-15.1,-49.6
2020-03-03,11.9,29.5,55.7,3.9,-25.5,11.9,-14.5,-50.0
2020-03-04,10.2,31.6,63.2,0.9,-38.0,13.5,-21.8,-67.0
2020-03-05,9.7,30.4,60.7,0.4,-38.1,16.9,-21.4,-67.7
2020-03-06,13.5,36.4,68.9,8.2,-38.1,16.7,-20.9,-67.7
2020-03-09,13.4,34.6,69.6,7.6,-34.3,16.6,-18.4,-69.8
2020-03-10,14.6,36.6,72.1,11.3,-34.3,17.5,-18.3,-71.0
2020-03-11,13.8,36.5,72.3,11.7,-37.7,17.4,-20.2,-77.9
2020-03-12,15.8,37.8,73.5,13.5,-33.7,17.4,-17.3,-72.2
2020-03-13,15.6,39.0,73.8,14.2,-34.5,16.7,-19.4,-74.7
2020-03-16,4.1,34.3,61.7,14.3,-73.6,26.7,-41.2,-132.5
2020-03-17,1.8,29.6,57.6,3.1,-73.3,26.8,-40.0,-130.0
2020-03-18,4.1,33.7,60.7,2.8,-73.2,24.5,-40.3,-129.7
2020-03-19,1.1,28.4,42.8,2.6,-73.1,23.3,-39.8,-129.3
2020-03-20,3.0,29.2,45.3,2.5,-73.2,23.1,-36.3,-123.1
2020-03-23,6.6,29.9,47.1,2.0,-59.9,22.5,-28.4,-121.9
2020-03-24,-0.8,17.8,62.3,-54.8,-59.6,17.1,-28.7,-123.4
2020-03-25,-0.9,17.5,61.7,-54.9,-59.5,17.0,-28.6,-122.9
2020-03-26,-15.0,-8.7,1.0,-58.5,-51.3,13.7,-24.4,-122.9
2020-03-27,-15.3,-9.3,-1.3,-57.7,-51.4,14.7,-24.2,-121.9
2020-03-30,-12.7,-4.7,-1.5,-41.6,-51.6,12.1,-24.8,-120.2
2020-03-31,-6.8,-6.9,-2.9,-50.2,-21.7,12.6,-6.6,-92.6
2020-04-01,6.8,11.3,24.8,-41.6,-10.6,23.2,0.0,-71.1
2020-04-02,-9.2,-12.9,-31.1,-46.1,-10.9,6.1,-3.6,-71.1
2020-04-03,-15.4,-24.8,-41.3,-72.4,-7.5,15.0,-1.3,-73.8
2020-04-06,-17.2,-27.4,-44.3,-72.7,-9.3,16.8,-1.9,-74.0
2020-04-07,-14.6,-24.6,-42.9,-67.6,-10.1,28.2,0.4,-70.5
2020-04-08,-14.2,-23.6,-42.9,-67.6,-11.0,21.4,0.0,-70.7
2020-04-09,-23.4,-40.2,-67.7,-64.7,-8.2,21.5,1.7,-66.3
2020-04-13,-23.3,-45.2,-81.9,-61.8,3.9,23.2,9.6,-52.6
2020-04-14,-23.0,-46.3,-84.1,-61.6,9.0,22.4,12.0,-46.5
2020-04-15,-32.8,-63.4,-126.5,-61.5,9.0,27.8,13.1,-47.5
2020-04-16,-33.3,-64.5,-131.1,-61.4,8.7,29.7,13.4,-47.1
2020-04-17,-40.5,-63.7,-129.0,-61.4,-22.9,29.3,-5.6,-94.5
2020-04-20,-43.7,-67.3,-133.1,-61.7,-27.5,30.5,-8.3,-92.7
2020-04-21,-37.8,-58.6,-133.1,-31.5,-25.3,30.4,-6.7,-92.1
2020-04-22,-38.9,-59.6,-133.1,-31.9,-24.1,29.6,-7.8,-91.6
2020-04-23,-70.7,-116.2,-133.3,-202.2,-15.1,28.3,-2.5,-91.0
2020-04-24,-65.4,-108.8,-101.8,-219.7,-11.1,29.0,-0.2,-89.8
2020-04-27,-63.1,-108.1,-103.7,-213.9,-10.7,34.5,4.4,-81.0
2020-04-28,-61.6,-106.1,-105.3,-207.1,-11.6,40.4,5.1,-78.0
2020-04-29,-67.5,-120.6,-117.3,-239.8,-0.6,41.8,12.1,-77.5
2020-04-30,-79.1,-138.6,-144.6,-268.5,-3.8,57.7,10.2,-87.4
2020-05-01,-75.7,-132.2,-128.0,-267.0,-5.2,55.3,9.0,-86.5
2020-05-04,-78.2,-137.0,-140.1,-267.4,-5.0,52.7,9.9,-83.5
2020-05-05,-75.1,-132.7,-130.8,-264.2,-14.9,88.0,11.2,-87.1
2020-05-06,-71.4,-126.0,-101.6,-275.3,-15.3,87.8,10.6,-85.9
2020-05-07,-75.0,-132.2,-104.3,-293.4,-8.9,87.7,10.9,-81.4
2020-05-08,-59.2,-105.9,-54.8,-300.1,-8.4,87.1,10.9,-80.2
2020-05-11,-58.8,-107.3,-54.3,-304.6,-2.6,87.4,14.0,-72.2
2020-05-12,-66.7,-109.9,-60.8,-303.7,-27.7,93.8,-2.0,-109.0
2020-05-13,-62.3,-106.1,-61.1,-301.7,-22.3,104.8,3.5,-103.6
2020-05-14,-66.3,-110.9,-69.7,-301.2,-21.4,104.2,0.6,-102.3
2020-05-15,-70.5,-121.2,-95.3,-300.6,-19.4,105.4,5.6,-89.7
2020-05-18,-70.0,-122.2,-97.3,-299.7,-10.2,91.1,8.3,-85.4
2020-05-19,-69.9,-118.5,-94.2,-292.2,-18.8,90.0,2.9,-83.9
2020-05-20,-70.4,-118.6,-92.3,-295.2,-16.6,89.5,1.9,-84.1
2020-05-21,-59.9,-99.6,-81.5,-252.1,-15.2,85.5,-0.3,-83.4
2020-05-22,-58.0,-96.0,-81.2,-251.6,-16.2,84.3,-1.1,-77.4
2020-05-26,-51.9,-93.1,-79.2,-246.3,-0.3,94.1,9.9,-66.2
2020-05-27,-51.8,-92.2,-75.3,-251.0,4.0,92.9,8.8,-70.1
2020-05-28,-50.2,-92.4,-55.7,-279.0,7.8,103.3,13.2,-60.4
2020-05-29,-47.7,-92.6,-55.1,-275.6,20.8,99.7,19.6,-33.9
2020-06-01,-42.5,-89.8,-54.7,-265.7,35.8,84.6,28.5,-15.8
2020-06-02,-41.7,-89.3,-53.9,-262.1,37.7,82.1,29.6,-15.6
2020-06-03,-14.4,-53.0,8.0,-226.3,43.6,120.0,43.5,11.6
2020-06-04,-11.7,-47.7,8.3,-209.8,40.2,119.4,42.4,12.7
2020-06-05,3.2,-22.3,66.3,-215.2,38.8,118.0,41.4,13.7
2020-06-08,3.8,-21.4,69.7,-214.6,42.3,116.1,41.7,21.8
2020-06-09,3.7,-21.5,69.6,-214.2,42.2,115.4,41.5,22.7
2020-06-10,2.2,-23.3,65.1,-213.2,40.4,115.4,40.5,25.8
2020-06-11,-2.1,-21.3,74.7,-220.2,31.6,70.1,26.8,29.6
2020-06-12,-5.0,-22.3,82.2,-215.9,34.0,69.0,20.9,33.9
2020-06-15,-1.3,-12.2,101.5,-204.9,27.3,62.1,15.0,31.6
2020-06-16,-2.1,-3.9,119.3,-200.1,19.7,14.7,0.6,26.3
2020-06-17,-6.3,-8.7,113.4,-196.3,16.9,12.6,-2.6,22.7
2020-06-18,-4.7,-5.2,126.7,-192.0,14.9,13.4,-3.9,22.4
2020-06-19,-5.4,-6.4,128.6,-186.9,12.5,19.8,-3.8,21.7
2020-06-22,0.1,6.1,145.4,-168.1,5.4,20.0,-8.9,13.5
2020-06-23,16.9,35.4,155.7,-92.2,1.8,19.8,-10.9,12.0
2020-06-24,16.9,37.1,157.1,-87.5,-3.5,19.4,-13.4,10.4
2020-06-25,19.0,42.5,168.2,-85.5,-5.6,10.1,-16.3,8.4
2020-06-26,17.5,41.3,162.1,-81.8,-11.5,16.8,-18.3,5.8
2020-06-29,11.3,36.1,167.4,-99.8,-26.3,16.3,-26.0,-5.8
2020-06-30,15.0,42.0,181.2,-90.2,-32.8,34.8,-25.5,3.1
2020-07-01,19.5,47.4,184.7,-68.5,-33.5,36.5,-22.4,9.6
2020-07-02,21.2,49.4,188.1,-65.9,-33.6,43.4,-21.1,8.4
2020-07-06,32.2,68.8,213.6,-46.7,-32.6,28.7,-22.6,12.3
2020-07-07,32.8,71.0,221.3,-50.1,-33.3,27.8,-24.4,12.9
2020-07-08,37.0,74.8,222.0,-47.2,-33.7,49.0,-19.8,21.8
2020-07-09,37.4,74.7,224.1,-49.7,-30.1,47.9,-18.5,21.8
2020-07-10,38.5,79.6,225.9,-38.8,-27.9,16.7,-23.2,20.3
2020-07-13,45.5,89.3,236.3,-27.2,-28.0,12.2,-20.2,23.6
2020-07-14,44.2,88.4,243.4,-25.3,-27.7,1.5,-22.1,27.1
2020-07-15,51.3,96.6,256.9,-20.0,-18.7,0.5,-16.7,34.4
2020-07-16,59.1,106.1,270.8,-14.0,-8.7,-3.0,-11.3,47.8
2020-07-17,57.5,103.3,259.1,-7.1,-7.5,-4.3,-11.1,45.6
2020-07-20,63.3,110.2,250.7,27.8,-6.6,-11.9,-7.1,51.8
2020-07-21,67.2,117.2,246.5,57.7,-8.4,-13.4,-7.9,51.5
2020-07-22,66.9,117.4,239.9,62.8,-6.2,-24.8,-8.8,51.3
2020-07-23,63.1,116.3,236.1,66.0,-20.0,-26.8,-16.7,51.0
2020-07-24,73.0,135.3,236.2,117.0,-22.8,-37.4,-20.5,50.5
2020-07-27,75.3,141.6,238.5,138.6,-26.5,-46.6,-24.1,50.8
2020-07-28,78.2,143.0,236.2,147.6,-20.1,-42.8,-18.9,55.3
2020-07-29,76.6,140.7,230.0,148.3,-20.8,-44.0,-19.6,55.4
2020-07-30,78.3,142.5,247.1,128.8,-20.2,-39.4,-18.1,50.8
2020-07-31,90.5,159.5,246.8,166.3,-14.7,-41.6,-13.1,51.7
2020-08-03,90.3,155.5,225.4,182.8,-4.5,-44.0,-7.5,56.7
2020-08-04,93.1,156.9,227.9,186.7,-4.7,-22.4,-2.6,57.9
2020-08-05,88.4,151.5,218.9,180.4,-11.8,-22.7,-6.2,58.9
2020-08-06,93.7,161.1,221.9,208.4,-15.8,-24.4,-7.3,60.9
2020-08-07,98.9,164.1,223.0,211.9,-2.1,-24.8,1.1,70.6
2020-08-10,99.4,163.2,225.5,208.0,2.3,-28.8,3.7,74.7
2020-08-11,104.6,165.3,225.2,212.4,12.8,-22.7,13.6,90.8
2020-08-12,115.3,178.7,249.1,209.1,12.9,-9.8,20.3,103.8
2020-08-13,115.9,179.2,250.3,206.5,12.8,-7.6,20.9,103.6
2020-08-14,115.9,181.8,253.3,203.4,-1.7,-5.2,17.1,91.9
2020-08-17,109.5,169.5,239.3,190.2,1.6,-8.6,19.4,89.7
2020-08-18,111.5,172.4,253.1,183.0,2.7,-9.1,20.2,88.6
2020-08-19,112.7,172.2,249.6,182.2,7.2,-9.4,23.4,87.0
2020-08-20,110.5,169.5,242.7,181.5,4.1,-9.9,21.9,85.9
2020-08-21,107.6,161.9,254.6,132.5,7.3,-9.1,26.1,88.8
2020-08-24,103.0,154.7,236.7,133.2,5.4,-9.7,25.4,86.1
2020-08-25,104.8,158.2,235.3,146.6,4.6,-10.3,24.7,82.9
2020-08-26,105.1,158.6,238.1,143.7,2.8,-3.1,24.9,78.7
2020-08-27,106.4,160.9,242.8,146.0,2.7,-2.7,24.6,77.3
2020-08-28,108.9,164.9,242.5,151.9,3.6,-0.5,25.0,76.5
2020-08-31,94.1,150.8,210.8,132.6,-22.5,0.5,9.1,35.4
2020-09-01,89.6,141.9,206.8,107.2,-15.1,-12.0,11.2,32.3
2020-09-02,84.9,135.4,193.4,107.4,-14.4,-24.5,9.2,30.9
2020-09-03,85.1,132.9,193.3,100.5,-13.7,-9.4,13.4,37.2
2020-09-04,84.5,130.7,191.8,96.6,-11.9,-6.7,15.3,36.4
2020-09-08,85.7,125.5,183.9,95.9,-2.2,14.2,25.9,37.8
2020-09-09,87.4,126.1,183.1,93.9,1.0,16.0,29.3,38.0
2020-09-10,89.3,125.2,179.9,92.6,2.0,29.9,35.4,47.6
2020-09-11,94.2,128.3,188.0,90.4,13.7,35.9,43.0,59.2
2020-09-14,93.1,124.1,181.5,83.0,17.2,48.3,46.7,61.2
2020-09-15,94.1,123.7,178.1,83.2,23.1,45.6,49.6,67.5
2020-09-16,93.5,123.6,177.1,79.6,23.2,44.2,48.4,66.2
2020-09-17,92.6,120.6,170.1,75.2,27.3,43.8,50.6,65.8
2020-09-18,91.7,119.3,172.5,69.7,27.5,43.4,50.3,65.5
2020-09-21,85.5,109.6,166.1,48.6,29.7,42.2,49.3,61.7
2020-09-22,85.1,108.7,165.0,47.8,30.8,42.0,49.7,60.6
2020-09-23,84.7,108.1,164.2,47.3,32.9,39.0,49.7,59.5
2020-09-24,86.3,110.9,171.6,45.7,33.3,37.8,49.4,58.2
2020-09-25,87.1,111.5,170.4,47.8,36.0,37.0,50.5,56.5
2020-09-28,83.5,107.5,162.9,41.8,34.4,35.7,47.6,50.6
2020-09-29,85.9,111.6,168.2,48.6,33.7,35.0,47.4,49.6
2020-09-30,89.4,116.1,172.9,47.8,35.3,41.1,49.3,49.5
2020-10-01,86.4,110.2,167.9,49.6,38.9,45.1,50.6,50.5
2020-10-02,83.5,105.9,164.2,41.2,38.4,43.9,50.0,46.8
2020-10-05,82.0,105.4,159.4,50.8,36.0,43.6,47.0,41.3
2020-10-06,82.0,105.0,157.3,52.7,34.7,48.2,47.4,41.1
2020-10-07,80.1,102.3,155.2,47.6,33.7,53.1,46.8,40.6
2020-10-08,79.8,102.3,152.5,47.6,33.1,53.8,46.1,39.9
2020-10-09,78.6,101.1,149.9,49.7,31.9,53.9,44.9,39.5
2020-10-12,73.4,94.5,137.9,46.2,27.9,62.6,41.7,33.0
2020-10-13,72.0,91.2,137.4,37.9,26.0,62.3,43.1,30.4
2020-10-14,71.9,90.4,137.6,35.8,28.3,62.7,44.2,34.3
2020-10-15,71.4,89.2,138.8,33.8,29.7,63.4,44.7,33.8
2020-10-16,68.9,86.2,134.2,31.5,28.0,61.4,43.0,33.7
2020-10-19,63.3,77.9,130.6,21.7,27.3,63.0,41.4,29.5
2020-10-20,61.1,74.6,128.1,16.4,26.6,61.7,40.8,29.0
2020-10-21,57.9,69.3,125.9,7.9,26.7,63.4,40.9,28.2
2020-10-22,57.9,69.4,128.1,5.5,26.6,62.0,40.6,27.6
2020-10-23,59.3,71.9,127.9,15.7,28.6,57.0,40.5,26.9
2020-10-26,52.9,62.0,113.2,9.9,31.0,47.5,39.2,25.2
2020-10-27,55.6,62.4,116.8,10.2,42.9,45.0,45.4,25.1
2020-10-28,53.6,58.4,114.5,3.8,45.7,43.4,46.3,24.0
2020-10-29,57.4,65.4,126.5,13.3,45.2,41.5,45.3,22.9
2020-10-30,82.5,95.5,128.9,103.2,67.7,59.0,63.1,22.1
2020-11-02,81.1,94.4,131.1,101.6,69.5,53.0,61.2,18.8
2020-11-03,78.9,91.5,128.9,96.8,68.8,52.6,60.1,17.0
2020-11-04,77.7,89.9,123.2,101.1,68.4,52.3,59.5,16.2
2020-11-05,74.0,87.0,120.5,96.9,63.2,51.2,54.5,14.7
2020-11-06,72.5,84.9,118.0,94.7,62.6,47.9,54.0,13.8
2020-11-09,66.7,77.5,105.0,96.5,63.5,41.8,50.5,8.8
2020-11-10,63.2,71.9,101.9,91.8,62.9,41.4,50.2,9.7
2020-11-11,63.3,70.5,99.2,92.7,63.8,37.0,52.4,17.5
2020-11-12,60.5,63.7,86.5,92.3,69.2,38.4,55.7,26.3
2020-11-13,59.8,60.1,77.6,92.9,69.6,40.6,59.3,30.9
2020-11-16,59.5,59.3,66.0,98.7,69.7,45.5,59.9,28.6
2020-11-17,60.2,60.8,67.9,102.4,69.5,44.9,59.3,27.2
2020-11-18,63.7,67.1,66.4,109.2,69.3,44.1,58.5,26.3
2020-11-19,64.9,69.3,69.2,108.3,69.1,43.4,58.2,26.5
2020-11-20,65.4,70.3,67.7,107.3,69.0,42.6,58.1,26.7
2020-11-23,67.2,73.8,75.6,102.8,67.7,39.5,57.3,30.6
2020-11-24,68.0,76.3,77.0,110.2,63.8,43.0,55.6,31.8
2020-11-25,69.0,77.4,81.4,109.6,63.9,47.7,56.5,33.1
2020-11-27,72.9,79.2,80.0,117.7,69.7,66.0,63.5,45.5
2020-11-30,75.1,81.7,77.8,123.7,67.6,69.6,65.1,50.2
2020-12-01,76.4,82.8,75.3,126.8,70.8,63.0,66.9,51.7
2020-12-02,75.7,83.0,73.3,129.1,69.6,55.8,64.7,49.0
2020-12-03,76.3,86.0,75.2,135.0,69.3,44.4,62.1,46.5
2020-12-04,76.1,86.8,74.3,136.7,68.0,38.4,60.3,45.3
2020-12-07,76.2,86.0,70.1,139.1,71.9,34.8,61.9,50.7
2020-12-08,76.8,87.3,67.7,141.3,70.3,32.5,61.4,47.9
2020-12-09,76.1,86.8,66.6,139.8,68.3,31.7,60.3,46.3
2020-12-10,77.4,88.7,69.2,140.8,67.3,36.5,60.8,47.7
2020-12-11,81.8,92.2,78.2,141.2,73.3,47.1,66.7,57.6
2020-12-14,83.5,94.7,75.8,138.3,69.6,43.5,67.1,56.8
2020-12-15,84.5,95.9,77.5,137.4,71.3,42.7,68.0,56.6
2020-12-16,92.3,107.6,71.4,199.8,70.9,47.2,69.7,58.7
2020-12-17,93.2,108.6,72.0,198.7,72.0,46.8,70.6,58.6
2020-12-18,94.8,111.2,71.3,205.5,71.4,46.7,70.6,58.7
2020-12-21,92.9,107.9,66.7,201.7,71.0,41.1,70.9,59.8
2020-12-22,93.4,109.2,65.2,200.4,70.2,40.6,70.3,59.6
2020-12-23,90.5,103.9,51.0,201.8,69.3,43.6,70.8,61.1
2020-12-24,90.0,103.2,50.0,200.2,69.1,43.6,70.6,60.8
2020-12-28,84.7,95.7,43.8,192.2,67.9,38.7,68.6,59.2
2020-12-29,85.9,97.5,47.8,191.0,66.9,41.8,68.8,60.3
2020-12-30,86.4,97.4,48.0,190.5,67.8,43.2,70.4,62.9
2020-12-31,85.8,96.8,48.2,188.5,66.7,44.9,69.9,61.7
2021-01-04,84.4,93.1,47.8,176.5,69.4,42.6,71.8,55.0
2021-01-05,87.5,98.1,58.8,179.5,69.9,43.2,72.1,54.8
2021-01-06,85.2,95.1,57.6,171.4,68.4,42.7,70.9,53.2
2021-01-07,85.5,96.1,64.2,166.4,67.7,42.0,70.2,52.9
2021-01-08,85.7,97.2,62.4,171.2,67.5,39.1,69.0,51.8
2021-01-11,83.1,95.0,60.0,167.2,63.4,39.8,65.7,50.0
2021-01-12,82.1,95.1,56.3,165.1,59.9,38.1,63.0,46.0
2021-01-13,82.3,95.1,56.1,165.3,58.2,41.8,63.5,47.0
2021-01-14,81.3,93.1,52.2,162.9,59.8,41.5,63.9,49.4
2021-01-15,83.0,96.1,57.3,160.4,61.6,36.7,63.9,47.5
2021-01-19,79.3,90.2,52.4,148.6,59.6,44.6,63.3,52.0
2021-01-20,76.2,86.7,49.9,143.6,55.5,44.5,60.7,47.5
2021-01-21,78.3,90.7,62.8,141.5,53.5,47.8,60.1,47.0
2021-01-22,81.6,96.0,78.2,142.0,52.7,47.2,60.3,46.5
2021-01-25,73.6,85.8,72.4,118.8,45.6,46.0,55.6,44.7
2021-01-26,72.4,81.8,69.7,108.3,48.5,46.9,58.6,46.8
2021-01-27,66.6,75.2,67.6,91.0,43.6,40.7,54.1,45.0
2021-01-28,66.5,74.7,62.8,98.6,44.4,41.0,54.5,44.5
2021-01-29,77.2,85.2,65.3,128.2,53.1,70.1,65.4,45.0
2021-02-01,74.6,82.1,60.6,124.0,48.4,73.0,63.8,35.9
2021-02-02,76.7,82.2,60.5,125.4,47.5,86.9,68.7,40.4
2021-02-03,82.9,93.5,67.9,150.9,44.9,87.7,67.4,38.1
2021-02-04,81.9,93.0,71.6,147.4,44.3,87.2,65.6,36.7
2021-02-05,81.2,91.9,71.2,145.7,44.9,85.7,65.4,35.4
2021-02-08,80.7,91.6,72.1,142.7,46.9,83.9,64.4,29.9
2021-02-09,80.9,91.5,72.9,142.2,49.3,82.1,65.1,32.8
2021-02-10,75.3,85.8,62.1,139.3,46.7,65.5,59.6,26.0
2021-02-11,74.6,83.9,60.2,138.1,46.0,66.1,61.0,29.0
2021-02-12,74.8,82.4,53.5,136.9,48.6,66.8,63.8,33.8
2021-02-16,74.0,79.7,48.9,136.2,50.5,72.9,65.8,29.6
2021-02-17,80.8,91.2,77.7,134.6,51.9,72.1,65.7,28.9
2021-02-18,80.3,91.3,79.8,132.9,50.2,71.1,64.2,28.0
2021-02-19,83.9,96.2,79.0,155.8,50.0,70.0,65.8,32.5
2021-02-22,80.9,92.6,73.1,155.7,49.8,64.7,63.7,29.1
2021-02-23,80.4,92.8,75.7,153.6,48.5,62.7,62.1,27.7
2021-02-24,80.8,94.5,80.3,154.4,47.6,59.8,60.7,25.6
2021-02-25,83.7,97.9,85.0,160.4,51.8,64.8,62.7,23.8
2021-02-26,83.2,97.8,86.5,157.3,51.2,66.2,61.7,22.7
2021-03-01,80.8,98.9,92.2,156.6,44.9,63.9,53.8,18.0
2021-03-02,78.6,94.2,91.1,143.3,45.9,68.4,55.5,18.2
2021-03-03,77.9,92.4,83.1,149.3,44.4,79.7,56.3,21.2
2021-03-04,77.7,91.1,85.8,134.7,46.9,78.8,57.8,20.4
2021-03-05,75.9,89.9,85.8,131.4,45.0,75.2,55.2,18.0
2021-03-08,67.6,78.5,82.6,117.5,41.8,71.4,51.4,14.2
2021-03-09,66.3,77.6,80.0,118.9,39.3,69.2,49.5,12.9
2021-03-10,66.0,74.8,72.5,121.6,46.1,67.1,52.8,22.0
2021-03-11,64.3,73.1,71.3,118.3,45.6,66.7,51.2,20.4
2021-03-12,64.0,76.0,78.5,114.6,36.8,62.3,46.1,6.2
2021-03-15,55.7,68.2,79.0,92.4,23.9,63.2,37.1,-8.4
2021-03-16,45.3,52.6,41.6,92.3,21.9,62.1,34.6,-8.5
2021-03-17,39.1,42.0,31.3,90.6,23.3,63.5,34.8,-9.4
2021-03-18,41.3,45.6,41.0,90.0,22.9,67.0,34.9,-9.6
2021-03-19,41.1,45.9,41.0,89.4,22.4,66.5,33.9,-9.8
2021-03-22,39.9,44.5,40.9,87.1,21.7,64.0,33.0,-9.1
2021-03-23,36.2,40.2,30.7,86.6,18.5,64.1,30.2,-8.8
2021-03-24,45.6,56.1,22.1,150.2,18.2,63.6,29.8,-8.8
2021-03-25,46.4,57.4,24.1,151.7,18.5,63.7,29.9,-8.8
2021-03-26,49.1,61.9,24.4,165.2,18.2,66.2,30.1,-7.6
2021-03-29,47.7,59.7,20.6,163.1,19.3,62.9,29.6,-7.9
2021-03-30,53.0,70.3,28.3,182.8,15.5,62.0,27.0,-7.5
2021-03-31,52.6,68.3,28.1,173.0,18.0,65.2,29.0,-1.0
2021-04-01,57.5,78.8,36.5,172.3,15.8,58.2,25.6,-4.7
2021-04-05,57.9,79.2,40.6,169.9,13.5,60.4,25.9,3.1
2021-04-06,56.7,77.4,39.1,166.7,14.4,57.5,25.5,4.1
2021-04-07,57.1,78.1,38.7,170.5,13.7,58.8,25.6,2.6
2021-04-08,60.7,84.6,37.8,169.4,13.1,57.9,24.9,2.6
2021-04-09,57.6,79.1,37.2,150.4,14.5,60.3,25.2,2.3
2021-04-12,55.6,77.3,35.4,150.1,12.7,56.9,23.0,0.6
2021-04-13,55.2,78.5,39.7,146.5,5.8,53.6,20.2,-6.9
2021-04-14,54.5,77.1,37.8,144.7,6.4,53.0,20.8,-6.8
2021-04-15,56.1,77.5,39.6,143.3,11.6,55.2,24.2,-5.7
2021-04-16,61.3,77.6,41.2,141.7,29.7,60.5,36.8,17.7
2021-04-19,61.7,79.2,35.5,136.2,28.4,59.7,35.3,19.5
2021-04-20,59.5,76.6,31.6,134.0,27.5,56.9,33.9,19.3
2021-04-21,58.2,74.1,28.9,131.6,26.6,62.0,34.5,20.4
2021-04-22,59.4,73.8,28.3,132.0,29.7,62.2,37.7,20.2
2021-04-23,67.0,85.1,43.8,144.5,35.2,58.9,40.0,20.0
2021-04-26,61.3,78.5,38.4,132.1,32.5,48.9,35.6,19.1
2021-04-27,65.3,80.2,44.2,130.1,46.0,45.5,42.8,18.9
2021-04-28,64.1,77.9,43.3,121.9,48.7,41.0,43.3,19.0
2021-04-29,69.8,87.4,38.9,159.2,48.6,41.6,43.2,19.7
2021-04-30,77.5,95.6,42.0,164.7,56.2,55.5,50.4,21.7
2021-05-03,73.8,86.0,23.8,158.6,64.6,58.2,55.7,21.2
2021-05-04,71.8,85.2,22.8,158.1,59.7,59.0,51.8,19.2
2021-05-05,72.0,85.5,22.2,159.5,57.5,65.0,51.9,21.1
2021-05-06,72.7,86.9,22.3,164.3,57.1,65.1,51.7,20.5
2021-05-07,75.7,84.4,19.2,162.3,68.0,83.6,62.7,35.1
2021-05-10,74.6,83.6,20.7,161.2,65.6,86.3,61.2,34.0
2021-05-11,75.4,84.0,19.4,165.6,64.7,85.0,62.8,33.9
2021-05-12,85.2,95.0,48.5,162.0,67.4,92.7,70.8,50.9
2021-05-13,82.5,90.6,44.0,160.1,66.9,92.8,70.6,51.2
2021-05-14,77.5,81.5,23.9,158.0,66.5,95.4,71.7,52.0
2021-05-17,63.9,73.3,12.4,149.6,30.2,97.2,50.1,6.6
2021-05-18,61.3,68.3,4.3,146.1,30.2,94.8,51.1,7.7
2021-05-19,59.8,66.4,3.6,136.2,30.0,94.3,50.1,6.9
2021-05-20,64.4,71.5,-0.5,134.6,36.9,93.7,54.0,7.0
2021-05-21,72.9,84.2,14.7,142.1,36.5,104.2,56.1,9.1
2021-05-24,69.6,80.7,11.3,136.2,32.6,102.2,53.2,9.6
2021-05-25,67.9,77.7,4.0,136.5,32.9,100.9,53.4,9.8
2021-05-26,67.6,77.4,3.8,136.7,32.9,96.5,53.3,10.8
2021-05-27,68.4,79.7,3.5,144.7,32.2,90.2,51.7,10.0
2021-05-28,71.4,83.1,4.4,154.7,35.6,91.7,54.0,10.9
2021-06-01,73.1,82.2,8.8,156.4,34.2,106.6,59.9,18.2
2021-06-02,72.4,81.2,9.2,151.0,33.9,105.2,59.5,15.6
2021-06-03,73.8,83.5,13.3,152.3,33.3,104.7,59.5,16.0
2021-06-04,72.3,81.1,10.5,146.0,34.7,104.2,59.6,16.4
2021-06-07,72.5,81.1,14.0,139.3,31.0,101.4,60.1,19.3
2021-06-08,72.1,78.2,13.6,130.5,33.8,119.3,63.1,27.9
2021-06-09,71.9,77.4,13.8,128.5,35.2,119.8,64.0,30.5
2021-06-10,74.7,82.0,25.3,131.0,35.8,118.8,64.2,31.3
2021-06-11,88.7,89.5,47.1,128.9,71.9,115.4,88.2,81.0
2021-06-14,90.3,92.9,56.6,125.4,72.3,104.2,87.0,79.1
2021-06-15,88.3,90.1,50.0,122.6,71.5,103.0,86.3,78.6
2021-06-16,83.5,86.8,44.9,119.4,59.6,98.7,79.2,65.2
2021-06-17,83.9,87.7,44.5,120.4,60.5,97.9,79.0,64.7
2021-06-18,82.1,84.8,44.8,116.0,60.1,97.2,78.7,64.1
2021-06-21,76.2,76.5,46.5,91.5,58.1,93.2,76.3,62.2
2021-06-22,75.5,75.2,46.2,89.1,57.4,92.1,76.5,61.6
2021-06-23,71.3,68.1,30.2,94.1,58.8,90.4,76.9,60.9
2021-06-24,71.1,66.8,26.5,97.2,60.1,93.7,78.1,61.6
2021-06-25,70.7,66.1,22.5,102.5,60.7,93.5,78.3,60.4
2021-06-28,65.7,59.3,16.4,98.9,58.2,92.2,76.1,58.1
2021-06-29,66.7,61.3,20.1,104.8,57.9,93.2,75.7,58.4
2021-06-30,64.2,58.4,18.8,105.2,53.1,98.4,73.7,56.8
2021-07-01,63.3,53.8,14.3,109.1,57.2,102.9,78.4,56.6
2021-07-02,62.3,53.1,14.3,109.5,56.5,99.1,76.9,53.0
2021-07-06,52.7,40.9,1.6,96.5,48.9,97.8,71.0,47.6
2021-07-07,50.9,39.3,1.1,93.1,49.0,91.1,68.8,45.3
2021-07-08,51.4,40.8,0.4,91.6,48.0,90.1,67.9,44.7
2021-07-09,50.9,38.0,-0.3,87.1,53.9,89.4,70.9,53.6
2021-07-12,43.9,34.6,-3.2,83.5,40.9,83.7,58.4,38.6
2021-07-13,51.3,43.6,20.8,82.2,44.8,83.2,63.5,46.8
2021-07-14,49.3,43.2,22.7,77.3,40.2,75.9,59.1,40.9
2021-07-15,50.5,43.0,26.8,75.7,46.8,74.5,62.5,47.8
2021-07-16,48.8,39.4,19.9,74.0,47.4,79.5,63.7,47.3
2021-07-19,44.5,35.1,17.6,67.4,43.3,73.8,59.2,45.6
2021-07-20,43.3,32.5,14.4,64.2,45.3,75.0,60.3,45.2
2021-07-21,42.4,32.2,12.1,60.3,43.1,74.1,58.5,44.8
2021-07-22,40.4,31.4,11.6,59.6,37.8,71.8,54.5,44.0
2021-07-23,40.5,30.3,8.7,65.2,40.9,73.6,56.5,43.0
2021-07-26,32.5,19.3,-1.9,48.1,36.9,71.4,52.9,41.3
2021-07-27,31.1,18.6,3.1,40.9,34.1,69.3,50.5,39.5
2021-07-28,30.1,16.7,3.2,39.7,36.5,64.9,50.8,38.5
2021-07-29,25.4,9.6,-19.0,45.4,35.9,64.1,49.6,37.7
2021-07-30,26.6,11.9,-13.8,40.4,40.5,58.0,49.3,35.9
2021-08-02,23.1,11.1,-15.4,38.5,33.5,56.1,41.5,27.7
2021-08-03,22.5,11.8,-11.7,37.1,32.5,48.3,39.0,24.0
2021-08-04,23.4,14.2,-2.8,30.8,33.2,44.7,37.7,23.4
2021-08-05,23.8,13.4,-3.4,32.8,37.8,43.8,40.0,22.6
2021-08-06,22.8,11.1,-3.4,26.3,38.7,44.3,40.9,22.8
2021-08-09,19.3,6.7,-9.1,21.9,41.0,39.3,38.6,19.4
2021-08-10,18.8,5.6,-8.8,15.0,42.5,39.3,39.0,20.5
2021-08-11,17.4,4.4,-10.5,14.5,40.6,21.1,37.5,20.5
2021-08-12,17.6,2.6,-11.6,12.8,41.2,26.8,40.7,23.8
2021-08-13,14.6,-5.0,-29.1,12.3,45.8,29.1,44.4,27.4
2021-08-16,8.8,-9.2,-32.6,10.7,33.0,26.2,36.1,11.9
2021-08-17,8.2,-10.2,-31.8,9.2,31.7,25.0,36.2,11.2
2021-08-18,5.5,-15.4,-36.1,7.1,33.3,27.1,37.4,10.3
2021-08-19,5.1,-15.7,-37.1,6.2,33.0,26.8,36.9,9.7
2021-08-20,4.3,-16.8,-36.8,5.3,32.7,26.6,36.6,9.1
2021-08-23,-1.3,-24.4,-45.5,-7.6,31.7,19.6,33.9,6.7
2021-08-24,-1.7,-24.8,-47.3,-7.7,31.1,21.6,33.7,6.0
2021-08-25,-3.7,-26.8,-48.0,-13.3,30.1,15.1,31.4,5.6
2021-08-26,-4.6,-27.2,-49.4,-13.2,28.9,15.5,30.0,4.9
2021-08-27,-5.6,-28.0,-49.5,-14.7,27.2,15.0,28.5,4.1
2021-08-30,-7.9,-28.5,-50.7,-16.9,23.1,9.6,23.6,0.0
2021-08-31,-8.8,-27.7,-56.3,-10.8,14.9,14.6,20.1,-8.0
2021-09-01,-8.1,-25.4,-52.5,-10.8,13.0,9.8,18.5,-16.1
2021-09-02,-7.2,-24.4,-51.8,-10.9,13.9,10.2,19.2,-17.5
2021-09-03,-11.2,-28.7,-54.0,-22.2,10.2,9.3,15.7,-25.0
2021-09-07,-11.8,-29.0,-59.4,-16.9,9.5,5.2,14.5,-28.0
2021-09-08,-16.1,-33.9,-61.6,-17.6,4.3,5.9,10.9,-34.8
2021-09-09,-16.2,-33.5,-60.5,-17.8,4.3,5.9,10.1,-34.0
2021-09-10,-14.0,-33.3,-59.4,-17.3,5.6,14.3,15.4,-18.8
2021-09-13,-14.7,-32.3,-54.9,-19.7,8.5,15.8,12.1,-12.4
2021-09-14,-16.4,-34.8,-61.7,-20.8,8.1,15.1,11.7,-12.6
2021-09-15,-16.5,-30.3,-55.6,-17.9,-3.3,16.6,4.7,-39.2
2021-09-16,-17.8,-33.7,-44.6,-18.5,-0.9,17.9,6.3,-39.1
2021-09-17,-18.9,-34.7,-45.3,-19.2,-2.3,17.6,5.1,-39.0
2021-09-20,-18.2,-32.7,-39.2,-23.3,-3.7,17.3,3.8,-38.7
2021-09-21,-16.3,-29.2,-29.5,-24.5,-4.2,16.2,3.4,-38.7
2021-09-22,-16.3,-29.3,-29.2,-25.5,-3.6,15.6,3.6,-38.4
2021-09-23,-24.9,-43.2,-32.4,-66.5,-3.7,15.1,2.9,-39.3
2021-09-24,-25.0,-41.8,-30.8,-63.5,-5.1,8.0,0.6,-39.9
2021-09-27,-24.4,-39.9,-28.8,-63.8,-4.7,1.4,-0.8,-38.8
2021-09-28,-25.5,-41.6,-34.7,-62.9,-4.8,1.1,-1.1,-38.6
2021-09-29,-24.9,-40.3,-34.6,-58.8,-6.3,4.6,-1.3,-36.8
2021-09-30,-24.4,-41.6,-33.2,-58.6,-0.8,3.6,1.7,-33.0
2021-10-01,-18.0,-32.1,-23.8,-59.7,-0.3,10.8,3.7,-30.5
2021-10-04,-17.9,-30.7,-20.4,-54.6,-1.4,1.7,1.7,-31.3
2021-10-05,-16.7,-27.9,-14.6,-54.1,-2.7,-0.4,0.6,-32.6
2021-10-06,-20.6,-31.1,-14.9,-63.9,-4.0,-19.5,-4.4,-41.5
2021-10-07,-23.5,-34.8,-15.5,-75.4,-5.3,-19.5,-6.1,-43.3
2021-10-08,-23.9,-36.5,-17.4,-76.7,-2.3,-19.1,-4.5,-40.1
2021-10-11,-25.6,-38.1,-22.4,-74.8,-4.7,-19.0,-6.4,-40.8
2021-10-12,-24.5,-37.7,-22.1,-75.1,-6.0,-13.2,-4.3,-43.0
2021-10-13,-22.8,-36.3,-20.3,-74.0,-1.4,-14.3,-2.0,-35.9
2021-10-14,-23.2,-36.4,-19.3,-73.8,-3.9,-13.1,-3.1,-37.8
2021-10-15,-24.6,-37.8,-22.1,-73.7,-5.6,-13.9,-4.3,-37.6
2021-10-18,-27.2,-42.2,-32.9,-73.5,-8.0,-7.4,-4.4,-38.7
2021-10-19,-28.6,-44.5,-38.5,-73.8,-7.9,-7.6,-4.4,-38.2
2021-10-20,-26.7,-41.1,-36.8,-74.4,-7.7,-10.3,-4.6,-37.6
2021-10-21,-25.5,-39.8,-34.4,-72.8,-6.6,-9.0,-3.7,-37.1
2021-10-22,-23.9,-37.1,-32.6,-68.5,-6.4,-9.8,-3.7,-36.8
2021-10-25,-23.1,-35.0,-27.4,-68.1,-7.6,-14.0,-4.8,-34.2
2021-10-26,-21.8,-30.3,-15.8,-68.2,-14.0,-14.7,-8.6,-33.8
2021-10-27,-20.3,-28.3,-12.5,-66.4,-14.0,-11.6,-7.8,-32.1
2021-10-28,-18.6,-27.3,-19.5,-56.0,-11.1,-11.6,-5.1,-29.3
2021-10-29,-25.1,-29.1,-16.1,-52.8,-17.4,-55.8,-18.9,-27.6
2021-11-01,-27.3,-30.4,-20.5,-51.5,-22.7,-54.5,-22.4,-24.9
2021-11-02,-26.7,-29.5,-19.7,-51.7,-24.9,-46.1,-22.1,-24.4
2021-11-03,-22.1,-21.8,-4.5,-49.6,-24.3,-46.1,-22.2,-23.9
2021-11-04,-21.9,-21.2,-3.4,-50.6,-23.9,-47.7,-22.7,-24.1
2021-11-05,-24.5,-23.7,-1.8,-61.3,-27.3,-48.7,-25.2,-23.4
2021-11-08,-20.8,-19.9,3.8,-56.6,-20.9,-42.1,-21.9,-15.0
2021-11-09,-19.2,-17.9,4.9,-51.5,-18.2,-43.3,-20.9,-14.0
2021-11-10,-16.5,-13.1,16.9,-50.6,-18.5,-43.8,-21.3,-13.7
2021-11-11,-17.5,-13.5,19.2,-50.1,-17.4,-58.8,-23.2,-12.9
2021-11-12,-20.5,-16.0,10.7,-47.3,-22.3,-64.5,-27.0,-17.7
2021-11-15,-15.4,-12.3,15.9,-45.5,-9.5,-64.7,-19.9,-5.7
2021-11-16,-12.2,-7.1,27.0,-44.8,-8.0,-64.5,-19.7,-5.6
2021-11-17,-12.6,-8.7,25.6,-48.9,-7.2,-61.2,-18.4,-5.4
2021-11-18,-11.2,-5.7,31.9,-48.0,-7.0,-64.0,-19.5,-6.7
2021-11-19,-10.5,-4.8,32.0,-46.8,-6.7,-63.2,-19.1,-6.5
2021-11-22,-8.4,-2.5,34.9,-43.6,-6.6,-58.0,-17.4,-5.8
2021-11-23,-3.9,4.5,31.1,-16.7,-6.5,-58.3,-16.6,-5.4
2021-11-24,-4.2,3.3,26.5,-15.6,-4.7,-57.6,-15.4,-4.6
2021-11-26,-3.4,4.4,26.4,-14.6,-3.1,-62.6,-15.0,-2.8
2021-11-29,-2.5,5.0,25.9,-11.9,-0.7,-61.3,-13.7,1.1
2021-11-30,0.8,7.6,22.5,4.0,5.2,-58.5,-9.3,4.0
2021-12-01,3.2,9.2,18.6,8.7,9.1,-58.5,-5.8,2.7
2021-12-02,1.1,8.6,18.5,7.8,8.3,-76.4,-10.4,-3.9
2021-12-03,4.1,14.8,33.6,5.7,8.0,-83.8,-12.1,-9.0
2021-12-06,2.8,13.1,32.6,-4.9,6.6,-83.6,-12.8,-11.8
2021-12-07,4.9,15.6,32.2,3.5,10.9,-86.2,-11.4,-9.4
2021-12-08,4.7,15.9,31.8,3.8,11.0,-89.9,-12.3,-11.8
2021-12-09,5.4,17.2,31.6,7.7,11.3,-89.5,-12.4,-10.8
2021-12-10,5.6,18.0,35.0,7.0,11.0,-94.3,-13.1,-11.6
2021-12-13,7.5,19.3,32.5,8.6,13.8,-93.3,-10.4,-3.6
2021-12-14,7.6,20.7,30.7,10.3,13.4,-97.7,-12.0,-5.3
2021-12-15,8.2,22.7,31.0,11.5,11.7,-100.7,-13.6,-10.8
2021-12-16,7.1,21.3,26.8,11.8,12.9,-105.3,-14.1,-11.6
2021-12-17,7.4,20.8,25.9,11.1,14.7,-104.6,-12.7,-11.5
2021-12-20,9.5,22.3,23.5,19.3,17.0,-103.0,-9.7,-11.3
2021-12-21,10.9,23.4,23.6,23.7,16.9,-101.7,-7.8,-11.2
2021-12-22,11.8,24.4,28.1,23.4,17.5,-100.7,-7.3,-10.7
2021-12-23,12.1,23.7,23.9,26.5,18.5,-96.6,-5.4,-8.8
2021-12-27,11.0,22.7,22.9,27.0,17.1,-98.5,-6.7,-9.9
2021-12-28,13.1,24.7,21.7,27.8,19.6,-94.7,-4.4,-9.3
2021-12-29,12.4,23.2,20.0,28.2,20.2,-94.2,-4.0,-9.3
2021-12-30,13.2,23.5,20.0,28.9,23.5,-91.6,-2.4,-10.5
2021-12-31,13.7,23.7,19.5,29.8,24.4,-90.0,-1.3,-8.8
2022-01-03,15.5,25.2,17.9,36.4,19.1,-76.9,0.9,-6.2
2022-01-04,15.8,25.0,14.0,40.7,20.8,-76.5,2.1,-3.6
2022-01-05,15.9,25.0,15.4,38.0,20.5,-74.5,2.3,-4.1
2022-01-06,13.5,20.9,3.9,40.1,21.1,-75.1,2.4,-3.5
2022-01-07,14.0,20.9,3.6,40.5,21.5,-75.0,3.6,-2.1
2022-01-10,14.4,21.8,5.1,40.4,21.8,-75.3,3.3,-3.2
2022-01-11,14.7,22.4,6.0,39.5,22.4,-79.0,3.1,-2.8
2022-01-12,15.1,25.4,11.6,34.4,16.6,-78.9,-0.3,-9.2
2022-01-13,17.1,25.2,10.1,36.3,16.7,-71.6,4.9,-6.6
2022-01-14,14.9,20.5,-2.9,35.9,17.5,-66.7,6.5,-3.5
2022-01-18,16.6,17.4,-10.7,42.2,29.7,-62.2,15.4,11.4
2022-01-19,19.4,21.6,-1.2,41.3,29.9,-59.6,16.1,11.3
2022-01-20,20.2,22.6,-2.6,40.9,30.9,-59.1,16.7,11.1
2022-01-21,20.1,21.0,-3.4,40.4,33.1,-57.1,18.8,10.9
2022-01-24,19.4,18.4,-22.1,58.2,35.0,-49.3,20.9,9.9
2022-01-25,22.2,20.9,-19.8,61.1,38.8,-43.3,24.3,9.5
2022-01-26,24.4,22.8,-16.1,60.7,40.7,-37.6,26.8,6.6
2022-01-27,31.7,31.9,0.0,65.7,48.4,-37.4,31.4,6.5
2022-01-28,29.9,25.6,-2.7,50.7,55.4,-34.0,36.2,7.7
2022-01-31,26.7,22.5,-6.7,51.4,56.7,-54.8,32.9,9.8
2022-02-01,26.0,22.1,-5.4,46.7,55.9,-54.1,31.7,10.4
2022-02-02,28.3,27.3,-6.8,66.4,55.9,-64.4,29.6,11.3
2022-02-03,27.4,25.6,-5.3,58.1,55.0,-64.8,30.1,12.7
2022-02-04,26.9,24.5,-4.6,53.1,54.6,-63.6,30.4,12.8
2022-02-07,25.0,22.1,-7.1,47.7,53.8,-58.9,29.3,9.4
2022-02-08,23.1,19.1,-7.3,48.0,53.1,-55.6,29.0,9.8
2022-02-09,23.4,19.5,-6.5,48.3,53.2,-54.1,29.3,10.9
2022-02-10,24.4,20.5,-2.7,47.7,52.1,-50.8,30.3,13.8
2022-02-11,26.1,21.3,-0.1,47.1,47.5,-45.3,33.3,13.4
2022-02-14,24.3,19.1,-3.2,45.5,44.4,-41.6,32.4,12.6
2022-02-15,23.8,17.8,-7.1,44.0,41.6,-38.2,32.9,12.9
2022-02-16,30.2,27.5,10.6,46.7,41.5,-30.9,34.2,13.0
2022-02-17,26.1,20.5,12.9,45.0,42.0,-30.4,34.5,13.0
2022-02-18,26.8,21.1,16.2,42.8,41.6,-29.9,35.5,13.1
2022-02-22,35.9,34.9,31.7,67.2,43.6,-25.9,37.4,13.5
2022-02-23,35.7,34.0,31.5,65.2,43.5,-22.8,38.1,14.6
2022-02-24,34.9,33.4,31.2,64.1,42.7,-25.0,37.2,14.7
2022-02-25,38.7,40.2,41.8,72.6,39.7,-18.8,36.5,15.6
2022-02-28,35.8,36.7,40.1,67.8,33.3,-11.6,34.4,15.8
2022-03-01,38.0,37.5,42.3,67.0,41.8,-12.2,38.7,26.0
2022-03-02,39.2,41.0,46.8,72.9,35.5,-3.7,36.5,26.6
2022-03-03,38.0,39.3,42.0,69.2,36.1,-3.6,36.0,23.8
2022-03-04,44.1,46.3,59.1,66.1,37.0,16.9,40.7,30.2
2022-03-07,42.5,44.2,58.4,61.0,34.5,19.9,39.9,29.2
2022-03-08,43.1,43.6,57.1,64.1,38.7,20.7,42.4,29.4
2022-03-09,42.3,42.8,57.7,60.9,38.4,17.8,41.6,28.3
2022-03-10,42.2,42.4,55.8,60.7,38.1,21.1,41.9,29.5
2022-03-11,42.9,46.8,54.3,60.5,28.2,31.1,37.1,18.3
2022-03-14,42.5,47.1,54.6,59.7,27.1,34.2,35.6,18.9
2022-03-15,45.4,39.2,49.1,40.8,59.1,34.9,54.7,64.1
2022-03-16,43.2,35.0,40.9,40.9,59.9,36.9,55.4,63.9
2022-03-17,43.3,37.9,47.8,40.6,53.9,34.3,51.3,63.1
2022-03-18,42.4,38.1,47.0,40.3,51.9,28.3,48.7,63.1
2022-03-21,41.0,37.4,46.2,39.2,50.7,25.7,46.3,61.5
2022-03-22,41.0,37.9,48.8,38.4,50.0,25.3,45.6,60.9
2022-03-23,40.3,37.4,46.5,38.1,48.2,25.8,44.5,60.5
2022-03-24,44.6,44.4,54.3,51.0,49.0,27.0,44.8,59.4
2022-03-25,42.3,40.2,56.4,36.4,50.9,24.7,45.3,59.0
2022-03-28,39.9,39.1,56.9,35.3,45.0,23.2,41.0,57.6
2022-03-29,40.3,40.0,59.5,33.9,44.1,24.4,40.7,57.9
2022-03-30,41.7,42.9,59.1,45.0,43.9,22.6,39.9,57.2
2022-03-31,41.5,42.8,55.4,44.8,40.4,21.9,39.4,53.6
2022-04-01,39.0,40.1,46.5,32.2,35.7,21.0,37.2,50.9
2022-04-04,38.7,40.9,50.1,30.5,34.7,19.5,35.3,45.4
2022-04-05,38.9,42.8,50.4,36.0,32.7,19.6,32.8,41.2
2022-04-06,36.7,41.8,50.4,32.5,24.3,25.7,28.9,30.2
2022-04-07,37.3,43.5,56.9,31.5,23.3,26.1,28.0,29.0
2022-04-08,36.9,42.9,56.9,31.0,23.0,26.0,27.6,28.6
2022-04-11,37.2,41.2,57.0,29.9,32.5,17.7,31.0,42.6
2022-04-12,35.7,38.2,48.8,31.7,28.8,13.8,32.0,36.5
2022-04-13,37.2,39.7,50.6,31.7,29.8,21.3,33.2,40.1
2022-04-14,38.2,42.4,55.6,30.7,27.8,21.4,31.8,39.0
2022-04-18,45.0,44.9,66.3,25.0,51.6,19.3,45.1,59.5
2022-04-19,45.5,45.8,69.9,24.0,50.7,20.5,44.7,59.3
2022-04-20,45.3,46.0,69.4,23.8,49.8,20.6,44.1,59.0
2022-04-21,43.9,44.3,66.9,22.5,46.5,20.8,43.1,58.7
2022-04-22,50.5,54.8,67.1,51.6,45.4,21.1,43.8,58.5
2022-04-25,48.4,54.2,62.5,57.0,38.4,21.9,39.5,57.9
2022-04-26,49.5,54.2,62.5,57.2,42.2,24.3,42.1,57.4
2022-04-27,49.4,54.5,62.0,58.0,41.0,24.8,41.4,56.7
2022-04-28,45.3,44.4,37.1,56.7,35.5,34.6,46.3,70.9
2022-04-29,46.6,45.3,39.4,53.1,34.9,45.2,48.3,72.6
2022-05-02,38.9,36.3,28.0,40.2,22.2,53.5,42.7,57.0
2022-05-03,39.4,39.8,35.5,41.0,15.8,55.4,38.8,57.7
2022-05-04,38.2,35.5,22.9,41.7,16.1,56.8,42.1,62.8
2022-05-05,34.6,30.8,18.1,32.9,13.5,56.0,40.2,57.6
2022-05-06,34.4,29.9,20.3,27.9,13.7,50.4,41.0,60.9
2022-05-09,33.5,28.3,16.3,25.3,16.3,47.1,41.3,59.8
2022-05-10,34.0,29.1,14.5,29.1,16.6,50.7,41.5,60.8
2022-05-11,34.4,31.6,21.1,28.3,17.1,49.1,38.5,55.6
2022-05-12,37.1,34.1,19.6,27.4,19.6,56.6,41.4,59.8
2022-05-13,32.2,31.2,12.8,26.8,8.0,55.5,33.6,41.0
2022-05-16,19.9,23.8,-3.3,22.5,-21.6,51.0,14.1,1.5
2022-05-17,25.0,29.8,0.2,26.1,-19.0,52.5,17.8,1.6
2022-05-18,23.5,28.2,-2.3,24.5,-19.3,47.5,16.3,1.2
2022-05-19,18.0,21.6,-13.3,22.3,-24.4,46.8,12.3,-0.9
2022-05-20,16.5,20.6,-14.8,19.8,-26.9,46.1,10.0,-1.3
2022-05-23,15.2,17.2,-20.8,18.5,-24.7,43.5,12.0,-3.0
2022-05-24,8.8,6.7,-37.3,10.1,-24.7,42.8,11.8,-3.6
2022-05-25,7.8,4.9,-39.6,8.1,-24.5,42.7,12.1,-4.3
2022-05-26,8.9,5.1,-41.2,10.4,-21.0,44.9,14.5,-5.0
2022-05-27,9.1,6.0,-39.9,12.6,-22.3,43.8,13.5,-5.8
2022-05-31,11.7,6.7,-37.8,19.6,-16.1,50.1,19.2,2.1
2022-06-01,12.3,6.7,-37.8,21.1,-9.7,44.5,20.6,0.3
2022-06-02,8.6,2.9,-49.4,21.5,-9.7,38.4,17.2,-8.3
2022-06-03,8.6,2.1,-45.6,14.9,-9.8,39.0,18.3,-6.7
2022-06-06,6.8,2.0,-44.2,16.5,-15.7,39.2,14.0,-13.2
2022-06-07,6.9,1.6,-43.4,14.6,-14.9,38.0,14.8,-12.7
2022-06-08,8.8,5.8,-42.8,27.4,-16.7,36.7,13.3,-12.6
2022-06-09,7.4,4.2,-46.7,28.2,-18.1,36.7,12.0,-14.7
2022-06-10,11.1,4.0,-50.3,31.4,-5.5,48.1,21.8,4.8
2022-06-13,11.8,5.7,-45.0,35.3,-12.4,48.4,21.1,-5.9
2022-06-14,11.4,4.8,-46.0,34.5,-11.4,47.8,21.4,-6.3
2022-06-15,11.4,2.6,-49.0,32.4,-6.7,48.3,24.7,4.0
2022-06-16,7.7,-3.7,-62.8,32.1,-6.7,49.6,24.9,4.1
2022-06-17,6.9,-4.9,-65.0,31.8,-6.7,49.5,24.7,4.2
2022-06-21,5.4,-7.2,-68.3,29.2,-6.1,50.9,24.3,4.7
2022-06-22,6.2,-5.8,-68.2,28.5,-6.1,50.9,24.3,4.9
2022-06-23,-5.4,-25.3,-78.7,-20.9,-5.9,51.8,24.4,5.2
2022-06-24,-4.3,-24.1,-71.7,-25.8,-3.4,51.7,25.6,5.4
2022-06-27,-4.9,-24.2,-66.9,-28.2,-3.8,50.8,24.1,6.4
2022-06-28,-6.1,-25.7,-68.9,-28.0,-2.8,47.6,23.5,7.2
2022-06-29,-5.6,-24.4,-68.3,-16.9,-3.4,47.8,22.8,7.7
2022-06-30,-9.0,-33.9,-71.6,-25.3,3.5,47.8,28.5,20.1
2022-07-01,-11.9,-40.4,-75.8,-31.8,9.0,51.0,31.0,25.4
2022-07-05,-9.7,-38.4,-69.3,-38.5,15.0,47.2,33.5,32.5
2022-07-06,-8.9,-36.6,-63.7,-38.6,14.2,46.8,32.9,31.4
2022-07-07,-9.6,-36.5,-64.3,-39.4,10.8,45.1,30.9,26.7
2022-07-08,-10.3,-36.4,-56.7,-40.3,8.5,45.2,29.0,24.9
2022-07-11,-12.3,-37.3,-56.0,-42.6,5.6,43.4,25.4,20.1
2022-07-12,-14.9,-40.5,-59.2,-48.4,1.6,48.1,23.7,15.2
2022-07-13,-12.1,-35.7,-52.5,-46.4,4.6,39.7,23.4,16.6
2022-07-14,-12.1,-35.6,-54.1,-47.1,2.0,38.3,23.4,14.7
2022-07-15,-12.8,-34.5,-51.3,-48.0,-2.9,37.6,20.0,5.4
2022-07-18,-15.1,-37.0,-53.7,-52.6,-4.9,38.6,17.9,1.7
2022-07-19,-14.8,-37.5,-52.0,-55.3,-0.4,35.9,19.6,1.7
2022-07-20,-15.9,-40.8,-53.2,-61.6,4.6,35.1,21.7,1.7
2022-07-21,-16.3,-41.7,-60.0,-61.6,5.3,38.6,21.8,2.4
2022-07-22,-22.6,-52.2,-64.4,-92.2,6.3,37.5,21.9,2.3
2022-07-25,-23.2,-51.7,-59.6,-95.8,5.6,36.7,19.7,1.6
2022-07-26,-21.9,-51.0,-58.3,-94.5,12.0,34.2,21.9,-0.1
2022-07-27,-20.8,-49.3,-53.5,-94.7,13.3,32.3,22.0,0.5
2022-07-28,-25.6,-57.7,-66.4,-105.0,14.7,32.0,22.6,1.8
2022-07-29,-13.1,-40.0,-61.8,-63.9,15.3,51.8,27.3,3.4
2022-08-01,-13.7,-37.8,-56.5,-62.4,11.7,49.0,22.3,-0.9
2022-08-02,-14.3,-37.5,-56.9,-60.7,11.3,41.7,20.5,-2.9
2022-08-03,-9.9,-30.7,-43.9,-54.5,13.0,41.4,21.2,0.6
2022-08-04,-9.7,-30.4,-43.5,-53.7,13.5,40.6,21.4,1.6
2022-08-05,-4.7,-23.4,-25.4,-51.1,16.6,40.0,23.3,2.8
2022-08-08,-0.4,-19.8,-25.1,-50.2,26.4,36.3,28.8,17.1
2022-08-09,0.6,-19.8,-23.5,-50.2,30.8,34.8,31.0,19.3
2022-08-10,-0.1,-21.5,-29.8,-50.2,33.6,33.6,32.0,22.4
2022-08-11,0.1,-21.4,-29.3,-50.2,34.3,33.5,32.2,24.8
2022-08-12,3.3,-19.4,-25.2,-47.8,39.6,33.3,37.3,26.9
2022-08-15,-0.9,-23.8,-34.1,-48.3,29.8,33.8,33.6,21.6
2022-08-16,-0.2,-23.1,-31.5,-49.0,30.1,35.5,34.1,21.5
2022-08-17,1.6,-19.3,-25.4,-51.8,32.3,35.5,32.9,21.1
2022-08-18,2.9,-16.3,-17.6,-51.6,31.5,33.1,31.8,20.7
2022-08-19,2.8,-15.6,-16.4,-51.4,30.4,30.0,30.4,20.3
2022-08-22,3.7,-12.2,-9.8,-49.9,26.7,27.7,27.5,18.8
2022-08-23,0.1,-17.4,-21.6,-45.8,25.0,26.7,26.5,18.2
2022-08-24,-0.3,-17.6,-22.1,-45.8,24.4,26.1,25.7,17.5
2022-08-25,1.5,-13.8,-19.1,-37.2,21.8,24.7,24.6,18.5
2022-08-26,0.2,-14.6,-24.3,-32.7,18.0,24.9,22.4,18.0
2022-08-29,-0.9,-14.4,-23.3,-32.3,13.1,22.8,19.3,15.3
2022-08-30,0.4,-12.3,-16.8,-34.5,12.8,24.8,19.4,15.8
2022-08-31,-3.2,-11.2,-27.6,-25.4,-3.8,21.0,8.8,-5.4
2022-09-01,1.3,-5.9,-20.9,-17.6,-4.0,28.9,12.0,-0.7
2022-09-02,-0.1,-8.2,-26.6,-17.3,-4.2,30.0,12.1,-1.4
2022-09-06,-0.7,-7.5,-18.9,-22.9,-6.1,30.5,9.3,-7.4
2022-09-07,-1.8,-5.2,-17.7,-15.9,-16.0,28.6,3.1,-18.2
2022-09-08,-4.0,-8.5,-14.6,-14.8,-16.3,28.5,2.6,-18.7
2022-09-09,-5.6,-10.1,-13.9,-17.0,-17.9,28.0,1.1,-18.3
2022-09-12,-5.7,-6.9,-9.6,-12.9,-24.5,27.5,-4.1,-29.2
2022-09-13,-3.8,-0.6,5.4,-12.3,-24.6,28.8,-9.0,-28.7
2022-09-14,-4.8,-1.4,5.8,-15.2,-24.7,23.2,-10.2,-30.8
2022-09-15,-5.6,-4.2,2.5,-13.2,-22.1,26.5,-8.0,-29.5
2022-09-16,-3.0,-4.0,2.3,-10.8,-9.8,20.8,-1.8,-15.7
2022-09-19,-0.7,-0.1,3.6,1.2,-9.3,19.9,-1.8,-16.4
2022-09-20,1.7,2.7,6.1,9.4,-6.4,19.5,0.0,-16.7
2022-09-21,2.1,3.1,6.1,10.3,-6.8,20.1,0.3,-17.0
2022-09-22,1.8,2.6,5.9,8.0,-6.8,20.0,0.2,-17.5
2022-09-23,1.6,1.5,10.9,4.1,-5.1,20.0,1.3,-18.0
2022-09-26,0.2,0.6,10.9,-4.6,-8.3,20.8,-0.7,-19.7
2022-09-27,1.8,4.4,14.9,-0.9,-9.9,18.5,-2.4,-21.7
2022-09-28,2.6,4.9,15.0,-0.8,-8.6,19.7,-1.2,-21.7
2022-09-29,3.3,5.5,18.5,-5.7,-8.7,19.8,-0.3,-19.7
2022-09-30,4.3,9.8,17.9,0.2,-15.1,19.3,-4.4,-26.5
2022-10-03,1.4,5.0,10.4,-0.6,-16.0,23.4,-4.3,-26.3
2022-10-04,0.6,3.7,6.3,-0.2,-15.5,22.1,-4.4,-26.4
2022-10-05,2.1,5.8,7.5,2.8,-15.6,23.6,-3.9,-24.6
2022-10-06,0.8,4.2,4.7,0.5,-15.6,21.0,-4.7,-24.1
2022-10-07,2.0,5.0,5.2,1.9,-15.1,25.8,-2.9,-19.0
2022-10-10,0.1,3.9,4.2,1.7,-19.5,26.0,-5.9,-23.0
2022-10-11,2.7,4.6,5.1,2.0,-9.9,24.7,-0.5,-10.2
2022-10-12,1.5,4.8,5.3,4.5,-14.7,28.9,-3.9,-18.5
2022-10-13,3.9,9.0,13.4,5.0,-15.0,28.3,-4.2,-18.3
2022-10-14,5.1,10.7,17.4,5.7,-13.8,30.1,-3.7,-17.2
2022-10-17,4.9,12.5,19.4,9.4,-18.8,28.0,-7.0,-17.4
2022-10-18,6.8,15.6,22.3,14.5,-18.6,27.5,-7.0,-17.4
2022-10-19,8.3,18.4,23.5,18.6,-18.8,27.8,-7.3,-17.2
2022-10-20,10.9,21.6,25.5,21.0,-15.1,24.9,-5.7,-15.2
2022-10-21,10.6,21.6,25.5,22.3,-14.8,21.3,-6.4,-15.0
2022-10-24,9.3,14.2,20.7,9.6,-1.9,22.5,1.4,7.5
2022-10-25,9.4,12.3,16.3,10.3,0.5,34.3,4.5,7.8
2022-10-26,8.5,10.8,16.4,5.5,1.8,31.3,4.6,8.1
2022-10-27,8.5,9.4,13.7,3.5,4.0,37.1,6.5,8.1
2022-10-28,10.6,11.9,14.5,9.0,6.9,37.3,8.3,8.7
2022-10-31,9.8,11.2,8.1,18.2,-5.3,67.1,7.2,5.2
2022-11-01,9.5,12.6,12.4,17.5,-8.5,66.6,4.4,7.3
2022-11-02,7.9,10.3,13.5,8.9,-9.2,64.3,3.8,6.1
2022-11-03,6.7,10.0,14.1,8.2,-10.0,64.1,1.5,1.2
2022-11-04,9.4,14.2,18.9,9.2,-9.4,63.9,1.7,0.8
2022-11-07,9.6,14.9,21.5,10.9,-11.4,67.1,1.2,-2.5
2022-11-08,10.0,14.6,21.6,10.5,-9.5,66.8,2.8,-1.9
2022-11-09,12.6,18.5,21.5,10.0,-8.9,70.5,3.5,0.5
2022-11-10,9.7,14.8,13.2,9.0,-12.6,70.1,1.7,-6.0
2022-11-11,11.0,15.4,8.9,8.9,-4.8,70.3,4.0,0.4
2022-11-14,11.0,15.8,8.4,12.5,-2.5,66.0,3.3,2.3
2022-11-15,10.8,17.9,10.8,17.6,-8.5,66.1,-0.4,-5.4
2022-11-16,11.3,18.9,14.3,17.0,-8.0,64.8,-0.5,-5.2
2022-11-17,9.0,14.5,12.1,16.3,-10.5,64.4,0.3,0.5
2022-11-18,9.2,14.5,11.3,15.5,-10.0,64.6,0.7,0.8
2022-11-21,9.0,14.7,13.8,11.7,-10.5,63.3,0.0,1.4
2022-11-22,9.0,14.8,13.6,11.4,-9.8,61.3,0.0,1.6
2022-11-23,12.3,20.7,13.5,30.1,-9.7,60.6,-0.6,2.1
2022-11-25,15.4,24.2,13.3,42.3,-8.0,65.0,1.9,4.3
2022-11-28,14.4,22.3,14.2,37.5,-6.1,62.4,2.4,9.6
2022-11-29,13.4,20.8,14.0,34.9,-6.4,61.0,1.9,9.3
2022-11-30,9.4,17.5,8.9,32.5,-13.2,61.1,-3.1,6.4
2022-12-01,9.2,15.7,9.5,27.4,-13.3,59.3,-0.8,12.0
2022-12-02,10.7,17.5,12.9,27.5,-12.8,60.8,0.2,11.9
2022-12-05,13.8,22.5,19.7,31.5,-12.1,59.3,0.6,12.0
2022-12-06,14.0,23.1,18.8,33.1,-12.1,53.4,0.3,11.9
2022-12-07,13.5,24.8,18.2,37.7,-16.8,53.3,-3.5,7.4
2022-12-08,9.7,18.4,17.5,38.0,-17.0,53.7,-3.5,7.8
2022-12-09,10.1,18.9,19.0,38.4,-17.1,53.5,-3.3,7.9
2022-12-12,7.5,19.4,16.0,40.4,-30.8,52.7,-10.4,-6.8
2022-12-13,7.9,19.1,13.2,41.8,-31.0,50.1,-9.0,-9.1
2022-12-14,7.5,19.5,9.9,42.1,-33.0,48.3,-10.6,-12.1
2022-12-15,3.5,17.6,3.5,43.1,-46.6,46.8,-17.6,-26.5
2022-12-16,4.5,20.2,-2.9,61.8,-48.6,45.6,-19.1,-26.5
2022-12-19,4.6,20.7,-5.7,66.7,-48.8,44.0,-19.7,-26.5
2022-12-20,3.7,19.6,-10.3,67.4,-50.0,43.9,-20.2,-26.5
2022-12-21,5.1,21.3,-7.9,68.2,-50.0,44.7,-19.4,-26.0
2022-12-22,5.3,21.6,-6.4,68.5,-49.6,44.2,-19.3,-26.0
2022-12-23,5.2,21.8,-5.8,69.0,-49.5,40.9,-19.8,-26.0
2022-12-27,3.7,20.1,-5.8,69.8,-49.6,38.3,-20.8,-25.8
2022-12-28,4.3,19.9,-4.4,68.7,-48.5,43.5,-19.1,-24.8
2022-12-29,3.8,19.7,-4.2,68.1,-50.0,42.5,-20.2,-25.1
2022-12-30,3.9,20.2,-2.7,67.9,-49.9,40.4,-20.6,-25.2
2023-01-03,4.9,20.8,-1.3,69.3,-49.4,39.8,-19.0,-26.0
2023-01-04,4.1,22.4,-0.5,76.6,-56.6,40.5,-23.2,-35.3
2023-01-05,6.7,27.2,9.1,75.9,-58.9,42.8,-24.1,-33.5
2023-01-06,5.1,23.1,-7.3,79.0,-55.6,42.0,-22.0,-33.4
2023-01-09,3.3,21.1,-9.1,77.1,-56.2,38.5,-23.2,-35.0
2023-01-10,2.9,20.9,-11.4,80.1,-58.3,39.8,-24.1,-38.1
2023-01-11,2.8,20.6,-11.8,79.5,-57.9,39.3,-23.9,-38.9
2023-01-12,10.2,28.2,-9.7,78.8,-46.1,38.8,-16.8,-23.2
2023-01-13,12.1,31.3,-6.1,80.3,-45.0,35.9,-16.5,-23.0
2023-01-17,22.1,28.9,-13.3,88.9,3.7,30.6,11.8,41.3
2023-01-18,17.5,24.0,-24.7,88.2,-2.9,29.4,7.8,40.4
2023-01-19,19.1,26.6,-19.0,87.9,-2.3,27.1,7.8,39.2
2023-01-20,18.8,26.7,-17.7,87.7,-3.2,25.5,6.9,37.5
2023-01-23,16.8,25.4,-17.7,84.6,-4.7,17.7,4.0,35.0
2023-01-24,17.9,27.6,-15.2,89.8,-5.2,15.7,3.5,35.5
2023-01-25,17.4,27.0,-15.7,87.7,-4.6,10.7,2.9,35.8
2023-01-26,19.6,30.8,-4.5,85.3,-4.3,9.6,2.9,36.3
2023-01-27,19.6,30.3,-3.1,83.2,-2.7,7.6,3.5,37.1
2023-01-30,20.9,31.3,-5.4,91.0,0.7,4.2,5.2,39.2
2023-01-31,22.6,32.1,-6.1,97.2,3.4,9.5,8.3,44.8
2023-02-01,19.3,30.5,-10.8,101.3,-7.5,11.1,2.7,43.3
2023-02-02,18.6,29.5,-11.0,97.7,-6.9,10.6,2.4,41.0
2023-02-03,26.9,42.6,19.7,100.1,-4.9,9.6,3.3,43.4
2023-02-06,26.8,42.4,21.9,100.6,-2.6,8.0,3.3,44.3
2023-02-07,27.2,41.5,23.6,95.6,-0.7,9.5,5.7,47.7
2023-02-08,26.9,40.9,24.2,94.4,-1.1,9.6,5.9,47.0
2023-02-09,25.5,40.1,22.8,93.0,-0.4,2.5,3.7,41.8
2023-02-10,28.4,43.1,24.1,92.4,-0.8,11.3,6.5,41.1
2023-02-13,28.5,42.8,23.5,87.3,2.1,11.0,7.0,41.9
2023-02-14,28.0,42.7,23.6,86.1,3.0,10.9,6.1,41.1
2023-02-15,30.0,45.4,36.0,82.7,5.4,9.1,7.0,41.1
2023-02-16,30.3,46.3,29.0,81.2,6.0,4.9,6.5,41.1
2023-02-17,29.1,46.0,29.0,79.4,1.6,4.8,3.8,41.1
2023-02-21,27.9,44.6,32.7,68.6,3.2,2.2,3.1,41.0
2023-02-22,28.1,44.3,32.6,67.6,5.3,1.4,4.1,41.1
2023-02-23,28.4,46.4,34.2,71.7,1.1,2.0,1.6,41.4
2023-02-24,29.2,47.0,37.5,68.7,1.2,6.5,2.5,41.2
2023-02-27,28.8,46.6,40.4,60.5,1.3,6.7,2.2,41.7
2023-02-28,28.2,45.4,38.6,61.8,-0.2,8.7,2.4,38.1
2023-03-01,30.0,44.0,37.6,59.4,9.2,10.0,9.1,50.1
2023-03-02,31.9,47.0,38.1,70.8,6.1,3.4,9.4,56.5
2023-03-03,30.9,45.4,38.9,64.4,6.4,3.7,9.4,57.6
2023-03-06,31.2,44.1,34.9,56.6,9.5,9.1,12.0,60.2
2023-03-07,30.2,45.6,35.0,58.7,5.7,6.1,7.3,58.5
2023-03-08,30.0,45.0,38.5,61.6,6.5,6.3,7.7,59.3
2023-03-09,30.0,44.7,39.0,60.6,7.6,6.5,8.2,60.3
2023-03-10,33.9,46.5,44.7,59.4,16.7,6.7,15.1,71.9
2023-03-13,34.0,45.5,47.9,54.6,20.5,9.8,17.1,75.9
2023-03-14,34.6,45.5,50.3,51.6,21.3,10.0,18.4,77.6
2023-03-15,35.6,45.0,48.9,49.8,26.9,9.9,21.9,83.3
2023-03-16,37.2,47.9,58.1,49.2,26.7,9.9,21.4,82.7
2023-03-17,35.2,44.9,50.7,48.4,26.6,7.7,20.8,81.4
2023-03-20,34.0,43.4,49.5,46.5,27.3,5.8,20.0,79.5
2023-03-21,33.7,43.5,52.7,45.1,27.1,5.8,19.3,78.8
2023-03-22,34.4,44.6,52.2,44.5,26.9,5.9,19.2,78.2
2023-03-23,34.5,44.0,51.3,44.0,27.5,11.2,20.6,77.6
2023-03-24,38.5,50.7,61.2,52.6,25.8,14.6,20.2,76.9
2023-03-27,40.4,51.8,59.5,59.5,33.6,8.5,23.6,73.4
2023-03-28,40.9,52.7,61.3,60.9,33.4,8.3,23.5,72.6
2023-03-29,40.1,52.0,60.8,60.0,32.7,6.1,22.5,71.0
2023-03-30,38.2,49.3,59.2,54.2,32.8,1.7,21.8,69.1
2023-03-31,40.1,49.2,57.0,50.0,40.5,2.3,26.5,74.6
2023-04-03,36.3,43.8,52.0,46.5,40.0,-0.6,25.2,69.2
2023-04-04,35.2,41.9,48.1,46.8,38.9,3.4,25.4,69.0
2023-04-05,33.5,39.0,37.3,53.8,39.5,4.1,25.5,67.5
2023-04-06,32.7,37.5,31.4,56.5,40.9,4.0,25.7,69.1
2023-04-10,30.1,33.3,30.3,52.3,36.0,3.5,25.5,68.0
2023-04-11,27.7,31.7,29.7,52.0,41.1,6.4,21.6,75.1
2023-04-12,27.4,30.9,29.2,50.7,41.0,10.0,22.2,75.6
2023-04-13,31.0,31.1,28.4,49.6,55.6,10.0,30.7,94.1
2023-04-14,29.6,30.8,31.0,48.4,51.7,7.0,27.8,88.4
2023-04-17,29.2,32.8,39.1,43.8,44.4,9.0,23.9,71.7
2023-04-18,32.1,31.6,36.9,38.1,59.0,9.0,32.7,90.7
2023-04-19,32.3,32.0,35.9,37.5,59.1,7.7,32.7,89.9
2023-04-20,30.5,29.6,26.4,37.0,58.3,5.5,31.8,89.5
2023-04-21,30.5,29.6,32.1,32.8,58.3,5.5,31.8,89.2
2023-04-24,28.7,26.8,27.3,30.6,58.8,5.7,31.4,88.0
2023-04-25,27.2,25.7,25.1,30.0,56.4,2.5,29.4,86.7
2023-04-26,27.9,25.5,26.2,29.1,59.3,3.0,31.2,86.6
2023-04-27,25.8,21.2,21.0,21.5,59.4,3.3,32.5,88.9
2023-04-28,26.2,19.8,22.0,15.2,57.4,25.1,35.6,90.3
2023-05-01,23.5,17.4,19.0,10.2,52.6,23.3,32.3,82.9
2023-05-02,23.3,15.6,12.5,12.5,56.8,22.2,34.7,82.8
2023-05-03,24.5,17.4,16.6,12.6,56.3,25.2,35.1,82.2
2023-05-04,23.8,15.2,15.9,5.3,56.2,32.2,36.6,80.9
2023-05-05,21.2,10.6,19.7,-14.6,56.9,32.2,36.9,79.9
2023-05-08,20.0,7.9,18.6,-20.3,58.5,32.1,38.0,80.1
2023-05-09,20.4,7.3,17.8,-20.3,61.0,32.6,39.8,81.1
2023-05-10,19.7,6.3,17.1,-21.2,61.7,32.7,39.6,81.3
2023-05-11,15.9,2.9,12.8,-21.1,52.8,32.9,35.1,69.1
2023-05-12,12.6,-0.2,6.0,-21.1,48.1,27.8,31.3,60.8
2023-05-15,9.1,-6.0,-2.9,-24.7,45.9,27.5,31.3,59.3
2023-05-16,4.0,-3.9,2.2,-27.3,16.3,27.1,15.4,20.6
2023-05-17,4.4,-4.2,1.4,-27.3,17.1,33.4,17.0,22.5
2023-05-18,5.6,-2.8,6.1,-27.4,17.1,35.0,18.0,23.6
2023-05-19,4.2,-4.7,5.5,-27.5,14.4,39.5,17.3,25.2
2023-05-22,3.2,-6.0,3.0,-28.7,14.4,38.9,16.7,23.3
2023-05-23,0.0,-9.5,1.6,-35.9,9.9,38.3,13.9,22.6
2023-05-24,-0.3,-9.8,0.5,-40.4,9.8,37.5,13.6,21.9
2023-05-25,0.4,-8.8,6.9,-46.0,10.1,37.4,13.8,21.0
2023-05-26,3.5,-2.7,22.0,-46.7,9.8,32.5,12.6,19.5
2023-05-30,0.2,-5.4,25.3,-63.5,5.6,33.6,8.4,12.9
2023-05-31,0.1,-7.1,23.7,-62.9,7.4,33.6,10.6,22.2
2023-06-01,3.7,-7.3,30.9,-72.8,12.3,50.9,20.0,36.9
2023-06-02,5.8,-4.1,38.9,-72.5,13.9,48.2,20.4,36.2
2023-06-05,2.0,-11.0,28.2,-82.2,15.2,47.2,21.2,36.2
2023-06-06,0.1,-13.1,28.0,-88.1,14.1,46.9,19.8,34.8
2023-06-07,-2.9,-14.7,26.9,-88.5,7.2,45.9,14.6,26.0
2023-06-08,-3.1,-14.9,21.2,-90.5,6.7,45.6,14.4,25.4
2023-06-09,-5.4,-16.0,20.8,-91.9,2.3,42.5,10.2,24.8
2023-06-12,-5.0,-17.0,19.1,-92.1,7.4,41.6,13.0,32.3
2023-06-13,-5.3,-15.7,18.7,-89.8,3.7,41.5,10.1,27.7
2023-06-14,-5.4,-15.6,19.5,-91.2,3.5,41.1,10.0,27.3
2023-06-15,-5.3,-13.6,18.2,-91.3,0.1,36.4,7.1,18.4
2023-06-16,-5.1,-12.2,22.3,-91.4,-2.0,32.9,5.6,19.5
2023-06-20,-3.9,-10.1,30.2,-93.1,-3.1,33.5,5.4,17.6
2023-06-21,-3.7,-9.4,28.9,-94.6,-3.8,33.0,4.9,17.0
2023-06-22,-3.7,-8.7,28.9,-92.2,-4.9,32.5,3.9,16.6
2023-06-23,-12.9,-23.6,22.5,-131.9,-6.2,32.7,3.2,16.0
2023-06-26,-14.7,-25.9,23.9,-140.2,-8.3,32.9,2.2,13.4
2023-06-27,-10.7,-18.7,40.8,-138.4,-10.0,32.9,1.3,12.3
2023-06-28,-10.9,-18.3,41.8,-137.8,-11.8,32.3,0.2,10.6
2023-06-29,-7.7,-14.0,53.9,-140.6,-12.4,33.2,1.8,13.9
2023-06-30,-8.5,-15.9,54.4,-144.9,-10.9,33.0,2.7,12.5
2023-07-03,-9.1,-13.8,57.0,-146.5,-17.2,29.8,-2.0,9.9
2023-07-05,-10.6,-15.5,52.9,-146.0,-21.5,34.5,-3.2,4.6
2023-07-06,-3.9,-4.4,73.7,-136.7,-22.7,37.6,-3.1,2.5
2023-07-07,-4.3,-4.2,72.0,-136.1,-25.5,37.1,-4.4,1.0
2023-07-10,-6.8,-6.3,70.5,-135.4,-32.1,34.7,-7.5,-9.4
2023-07-11,-4.4,-6.3,70.6,-135.7,-22.2,34.6,-1.5,1.6
2023-07-12,-3.9,-7.9,65.7,-134.5,-19.4,47.4,1.9,2.6
2023-07-13,-4.1,-7.0,67.8,-135.9,-21.8,46.9,0.2,-0.5
2023-07-14,-2.5,-3.1,75.1,-134.4,-22.2,39.0,-1.6,-4.3
2023-07-17,-5.5,-2.4,74.8,-129.5,-32.6,27.7,-10.2,-18.8
2023-07-18,-6.5,-4.7,68.4,-128.0,-30.8,27.4,-9.2,-18.4
2023-07-19,-6.9,-5.4,63.7,-121.9,-30.4,26.8,-9.1,-18.1
2023-07-20,-7.3,-5.5,63.5,-119.7,-30.4,23.5,-9.9,-17.7
2023-07-21,-7.0,-5.2,63.1,-118.3,-29.9,22.6,-9.9,-17.3
2023-07-24,-10.6,-11.2,65.2,-138.9,-28.0,18.6,-9.8,-16.2
2023-07-25,-8.4,-9.0,70.3,-138.9,-23.9,18.7,-7.5,-16.0
2023-07-26,-9.1,-9.7,68.2,-136.7,-22.5,10.4,-8.3,-17.1
2023-07-27,-4.8,-2.8,81.9,-131.8,-22.8,11.6,-7.9,-15.6
2023-07-28,-4.0,-2.6,79.6,-127.1,-20.3,13.2,-6.0,-13.8
2023-07-31,-3.4,-0.8,76.1,-116.0,-24.1,19.3,-7.3,-12.5
2023-08-01,-2.9,0.9,74.0,-107.7,-27.1,21.7,-8.6,-13.3
2023-08-02,-0.2,4.6,80.8,-103.5,-26.4,25.8,-7.4,-11.2
2023-08-03,-0.1,3.5,78.7,-104.6,-24.0,25.7,-5.5,-6.8
2023-08-04,2.4,6.3,77.7,-94.2,-23.3,34.2,-3.4,-5.7
2023-08-07,5.0,8.1,77.7,-88.9,-17.0,33.6,0.3,-0.5
2023-08-08,6.9,9.8,78.5,-87.7,-12.8,33.7,2.5,1.6
2023-08-09,7.9,10.6,78.7,-86.4,-10.9,36.0,4.0,4.7
2023-08-10,8.2,9.2,74.4,-85.0,-10.3,34.8,7.0,6.0
2023-08-11,8.1,11.9,73.7,-83.3,-18.3,37.9,2.6,-4.8
2023-08-14,10.7,11.8,70.1,-78.3,-9.9,35.8,9.2,10.4
2023-08-15,9.9,13.8,68.6,-75.6,-17.1,33.1,4.2,-0.8
2023-08-16,12.3,18.4,71.6,-66.7,-16.5,33.5,3.3,-1.4
2023-08-17,14.0,21.3,78.9,-64.9,-16.4,33.3,3.3,-1.8
2023-08-18,14.3,21.1,77.6,-62.9,-17.8,42.8,4.3,-2.1
2023-08-21,13.7,21.0,72.4,-54.6,-18.6,42.3,3.1,-3.5
2023-08-22,13.2,20.2,69.2,-52.2,-18.2,42.2,3.0,-4.1
2023-08-23,6.9,10.0,60.0,-65.2,-18.7,42.4,2.7,-4.8
2023-08-24,6.9,10.1,60.5,-64.8,-18.9,43.9,2.4,-6.3
2023-08-25,6.0,9.1,59.6,-66.9,-19.1,41.4,1.6,-7.9
2023-08-28,5.9,10.3,56.0,-58.4,-20.1,38.0,-0.3,-13.8
2023-08-29,4.1,8.4,48.2,-55.8,-20.9,31.8,-2.2,-16.0
2023-08-30,1.8,4.8,43.0,-57.7,-21.0,32.0,-2.6,-15.9
2023-08-31,2.0,5.4,46.4,-58.1,-24.2,28.6,-2.7,-13.2
2023-09-01,6.3,6.6,52.1,-62.1,-16.1,46.6,6.1,-1.9
2023-09-05,7.1,7.4,56.5,-62.1,-15.9,47.0,7.0,-5.4
2023-09-06,6.0,5.5,59.5,-72.8,-15.4,47.9,7.0,-5.6
2023-09-07,5.0,4.2,62.2,-78.0,-17.2,47.9,6.5,-7.9
2023-09-08,7.2,8.0,61.4,-74.1,-17.6,47.9,6.3,-8.2
2023-09-11,7.4,6.3,58.5,-71.3,-13.5,52.3,9.4,-3.0
2023-09-12,8.0,6.6,57.2,-68.4,-11.8,52.8,10.5,-0.3
2023-09-13,7.8,5.9,59.5,-72.1,-10.7,52.9,11.1,-0.6
2023-09-14,8.1,6.6,61.4,-70.6,-10.7,52.5,10.8,-0.7
2023-09-15,11.5,9.2,64.8,-68.9,-4.1,54.1,15.2,8.1
2023-09-18,10.4,8.7,59.6,-61.8,-5.3,48.2,13.2,7.8
2023-09-19,10.8,9.9,57.5,-58.0,-5.8,46.8,12.6,7.2
2023-09-20,11.8,12.0,57.2,-51.2,-6.4,46.4,11.9,7.1
2023-09-21,11.9,11.9,55.9,-50.0,-6.5,46.6,12.2,7.0
2023-09-22,11.0,10.8,54.9,-53.0,-6.6,45.0,12.2,6.9
2023-09-25,9.7,8.7,46.2,-48.2,-5.3,42.6,11.6,5.7
2023-09-26,9.5,8.2,44.4,-47.3,-4.7,41.8,11.5,5.0
2023-09-27,10.5,10.1,48.3,-46.5,-4.8,41.2,11.3,5.0
2023-09-28,12.0,12.0,48.9,-40.8,-5.2,42.1,12.2,6.8
2023-09-29,8.6,6.5,45.1,-54.0,-5.6,43.6,11.9,6.6
2023-10-02,12.3,12.5,47.3,-49.8,-2.0,38.1,12.4,3.0
2023-10-03,11.9,11.5,46.0,-50.6,-2.2,40.7,12.7,2.9
2023-10-04,15.2,14.4,50.3,-48.0,4.8,40.0,16.5,2.4
2023-10-05,14.8,13.9,50.5,-47.8,4.7,39.5,16.4,2.1
2023-10-06,18.6,20.9,59.7,-43.3,4.1,39.1,15.5,1.5
2023-10-09,17.8,21.1,58.3,-40.4,0.4,36.1,13.0,-1.4
2023-10-10,13.6,14.7,56.8,-39.3,1.6,36.7,12.3,-0.3
2023-10-11,13.8,14.1,55.4,-39.0,3.3,38.0,13.5,0.7
2023-10-12,15.2,14.2,55.9,-38.7,8.0,41.7,16.9,5.9
2023-10-13,14.7,11.7,51.2,-42.5,12.4,42.2,19.4,10.9
2023-10-16,14.9,12.3,51.8,-41.8,12.8,39.9,19.1,12.7
2023-10-17,15.4,13.5,55.5,-37.4,13.4,35.4,18.4,11.2
2023-10-18,17.7,13.8,54.4,-36.2,21.4,38.3,23.9,23.1
2023-10-19,18.7,15.3,54.3,-34.7,22.0,37.3,23.9,23.1
2023-10-20,18.5,15.6,52.9,-32.4,21.7,33.2,23.0,23.2
2023-10-23,18.0,15.0,48.7,-28.9,22.0,31.6,22.7,23.6
2023-10-24,15.5,10.7,49.0,-43.9,23.3,30.0,23.0,23.5
2023-10-25,17.0,13.3,52.6,-41.2,23.5,28.5,22.7,23.5
2023-10-26,20.3,16.3,61.2,-42.6,30.2,27.6,26.4,23.6
2023-10-27,20.6,16.8,63.7,-44.1,30.9,26.0,26.4,23.8
2023-10-30,20.4,16.7,61.4,-40.6,32.7,20.2,26.1,23.9
2023-10-31,18.9,14.0,63.4,-45.5,32.6,24.4,26.3,19.3
2023-11-01,14.7,9.2,54.4,-46.5,28.8,22.7,23.2,16.0
2023-11-02,15.0,9.1,56.4,-47.7,29.0,21.3,24.0,17.3
2023-11-03,13.6,6.7,51.2,-47.9,28.4,25.2,24.3,16.9
2023-11-06,13.3,7.0,50.5,-43.4,29.2,22.4,23.0,18.3
2023-11-07,12.0,6.2,50.6,-45.3,26.8,21.8,20.9,16.2
2023-11-08,12.0,5.2,50.0,-45.2,28.5,23.4,22.2,19.0
2023-11-09,11.0,3.3,49.6,-44.9,29.6,23.0,22.5,18.8
2023-11-10,10.1,2.8,45.1,-44.5,26.7,20.7,21.0,14.1
2023-11-13,9.3,1.2,41.6,-44.5,28.3,18.6,21.4,14.6
2023-11-14,8.6,0.5,36.3,-41.3,28.3,14.3,20.7,13.1
2023-11-15,10.5,2.4,41.6,-41.7,31.8,12.6,22.7,14.6
2023-11-16,8.7,-0.3,34.2,-40.5,30.5,8.2,22.3,17.5
2023-11-17,9.8,1.3,37.4,-39.0,31.2,6.4,22.4,16.6
2023-11-20,11.4,4.4,37.6,-31.7,29.9,8.1,22.0,15.9
2023-11-21,10.5,3.1,33.9,-30.4,29.7,7.7,21.6,15.6
2023-11-22,10.6,3.6,33.6,-27.9,30.3,3.9,21.1,15.3
2023-11-24,12.7,5.9,33.1,-22.8,34.0,6.2,23.0,14.3
2023-11-27,12.6,6.0,30.2,-18.7,34.3,6.2,22.7,12.4
2023-11-28,11.8,5.2,27.5,-17.1,33.9,5.1,21.9,11.0
2023-11-29,11.8,6.1,28.0,-13.7,32.5,3.2,20.5,9.6
2023-11-30,10.2,2.5,29.8,-30.6,30.1,8.2,22.0,17.3
2023-12-01,12.1,3.1,25.6,-23.7,35.3,4.3,25.8,18.9
2023-12-04,9.1,-0.5,15.9,-18.6,34.6,-4.2,23.7,16.8
2023-12-05,9.7,0.0,14.3,-13.9,35.2,0.8,24.5,19.2
2023-12-06,7.7,-3.7,12.2,-20.6,34.5,5.8,25.1,18.6
2023-12-07,8.8,-3.1,11.7,-21.2,36.9,5.6,26.9,21.9
2023-12-08,13.1,4.6,20.3,-21.0,35.8,5.3,26.2,21.2
2023-12-11,11.9,3.5,17.2,-19.4,33.1,4.8,24.8,18.6
2023-12-12,12.4,2.7,16.0,-17.8,34.8,11.5,27.3,22.2
2023-12-13,11.7,3.6,15.1,-22.8,31.0,9.6,24.2,17.3
2023-12-14,12.6,5.5,21.7,-22.6,30.8,4.0,23.7,15.3
2023-12-15,5.1,-4.6,13.8,-41.8,24.7,4.3,20.1,7.2
2023-12-18,3.7,-6.7,13.0,-46.0,24.0,4.4,19.7,7.0
2023-12-19,5.4,-3.5,18.1,-45.5,23.4,3.7,19.2,6.9
2023-12-20,4.9,-4.2,21.4,-43.3,22.5,6.9,19.0,6.6
2023-12-21,3.8,-5.7,17.3,-42.3,22.0,6.8,18.3,6.5
2023-12-22,3.4,-6.2,18.2,-42.9,21.7,7.5,18.3,6.4
2023-12-26,1.6,-7.9,14.3,-42.2,18.8,6.3,16.2,5.6
2023-12-27,1.4,-8.0,13.1,-40.4,18.3,5.9,15.9,5.6
2023-12-28,0.7,-8.8,10.4,-40.6,19.0,5.0,15.4,3.5
2023-12-29,-0.2,-10.0,8.2,-41.0,18.1,5.2,14.9,3.6
2024-01-02,-2.5,-13.1,1.1,-40.5,17.5,5.3,13.8,2.9
2024-01-03,-2.3,-13.2,0.4,-40.0,17.0,9.0,14.4,4.1
2024-01-04,1.6,-7.4,6.4,-30.4,18.9,9.0,15.5,5.4
2024-01-05,1.7,-7.2,6.1,-31.3,18.4,10.7,15.5,5.7
2024-01-08,6.0,-1.3,5.9,-17.4,19.0,17.4,17.5,10.9
2024-01-09,6.1,-0.9,6.5,-17.5,19.0,17.0,16.9,9.6
2024-01-10,6.2,-0.3,6.8,-16.0,17.3,19.7,16.4,8.8
2024-01-11,5.4,0.2,8.1,-15.9,16.6,10.2,13.6,7.4
2024-01-12,3.3,-0.9,7.5,-14.8,11.3,10.5,9.9,0.5
2024-01-16,0.3,-5.0,-2.4,-14.4,8.9,11.7,8.5,-2.3
2024-01-17,0.9,-2.6,1.4,-13.9,5.1,12.7,6.4,-5.3
2024-01-18,1.6,-1.4,4.9,-13.2,4.9,12.7,6.4,-5.2
2024-01-19,1.7,0.1,13.5,-12.4,2.0,12.2,4.5,-4.8
2024-01-22,0.8,0.1,11.1,-9.5,-1.0,11.4,2.1,-4.1
2024-01-23,-0.7,-1.4,8.3,-11.4,-3.7,12.5,0.7,-3.3
2024-01-24,3.0,5.1,16.8,-4.7,-3.5,10.1,0.3,-3.0
2024-01-25,4.7,6.8,25.3,-10.5,-0.5,9.7,1.9,-2.6
2024-01-26,5.0,7.8,27.3,-10.1,-1.8,9.3,1.0,-2.1
2024-01-29,6.5,10.0,30.0,-9.2,-0.2,8.1,1.5,0.3
2024-01-30,5.6,11.2,27.8,-1.3,-0.1,-12.4,-2.6,0.3
2024-01-31,5.4,10.2,25.7,-1.1,1.9,-12.8,-1.5,1.2
2024-02-01,6.1,13.7,30.7,4.4,0.8,-17.1,-4.9,-0.5
2024-02-02,9.7,18.0,39.5,7.0,1.0,-4.9,-2.4,2.2
2024-02-05,11.1,20.2,42.6,9.0,2.6,-10.6,-2.4,1.4
2024-02-06,13.9,24.4,42.9,22.5,2.6,-8.2,-1.7,1.7
2024-02-07,14.5,25.8,43.5,20.6,2.1,-12.0,-2.2,1.7
2024-02-08,13.4,25.3,44.0,20.7,1.9,-14.2,-4.1,-1.6
2024-02-09,15.3,25.9,44.1,20.9,9.8,-19.7,-0.5,8.9
2024-02-12,15.9,26.0,44.3,21.1,12.0,-17.0,1.0,12.7
2024-02-13,16.2,27.0,47.7,22.3,12.0,-16.3,0.2,12.2
2024-02-14,18.0,30.3,47.2,34.6,11.6,-16.2,-0.3,12.1
2024-02-15,16.0,28.3,45.8,34.6,9.5,-20.3,-2.4,11.9
2024-02-16,15.3,27.1,40.4,34.7,11.6,-25.2,-2.1,11.7
2024-02-20,14.2,25.5,40.3,34.3,10.3,-22.4,-2.5,11.9
2024-02-21,14.5,27.6,40.2,34.8,9.8,-30.2,-4.9,11.6
2024-02-22,16.7,30.8,43.8,41.4,9.6,-26.8,-4.2,11.4
2024-02-23,16.7,30.8,43.8,42.0,9.7,-27.0,-4.3,11.0
2024-02-26,16.1,30.8,42.2,44.7,8.3,-27.8,-5.8,9.0
2024-02-27,16.5,29.7,38.3,47.1,13.4,-28.1,-3.3,7.7
2024-02-28,13.9,25.8,37.8,35.2,12.5,-27.2,-3.8,7.4
2024-02-29,18.9,25.8,40.6,37.3,27.5,-21.5,8.8,27.9
2024-03-01,21.9,27.7,34.1,51.3,31.5,-18.0,13.7,29.2
2024-03-04,21.9,27.3,34.2,53.3,34.6,-25.3,14.2,28.3
2024-03-05,19.7,24.5,27.6,54.8,32.7,-26.6,12.9,27.3
2024-03-06,19.9,23.9,25.4,57.1,32.7,-20.0,14.2,30.3
2024-03-07,18.6,21.6,24.9,50.1,33.3,-20.8,14.4,29.8
2024-03-08,21.2,26.1,27.8,51.4,33.2,-20.9,14.3,29.9
2024-03-11,20.9,25.2,26.5,54.7,33.9,-20.7,14.8,31.2
2024-03-12,22.4,26.6,29.0,56.2,34.9,-16.3,16.3,31.0
2024-03-13,22.3,25.8,29.7,51.4,36.4,-16.3,17.3,32.2
2024-03-14,22.8,25.3,29.2,51.2,36.3,-6.0,19.4,36.0
2024-03-15,22.4,23.8,24.6,51.1,35.3,4.6,20.6,39.8
2024-03-18,22.1,23.6,23.0,50.0,34.4,3.0,20.1,41.1
2024-03-19,22.6,24.2,25.0,54.3,34.2,4.9,20.5,41.0
2024-03-20,21.8,23.7,24.6,53.8,32.7,4.7,19.3,40.8
2024-03-21,22.6,25.4,31.8,40.5,32.5,2.8,18.5,41.0
2024-03-22,24.1,28.3,31.6,46.7,32.3,1.1,18.2,40.9
2024-03-25,23.8,28.1,32.5,44.7,30.9,1.0,17.7,40.6
2024-03-26,23.1,27.1,31.0,43.9,30.0,1.0,17.3,40.7
2024-03-27,22.8,26.3,30.7,41.8,29.7,3.8,17.7,40.4
2024-03-28,25.6,28.8,33.5,42.8,29.9,9.0,21.1,47.8
2024-04-01,27.3,30.6,39.0,37.0,31.5,10.5,22.8,50.9
2024-04-02,28.6,32.7,41.0,40.3,31.0,9.9,22.8,50.3
2024-04-03,26.3,29.8,38.6,34.1,31.1,1.6,21.3,48.9
2024-04-04,28.3,30.1,36.6,40.7,30.9,-0.3,26.0,59.5
2024-04-05,28.6,30.2,41.2,36.6,31.8,-0.3,26.8,59.5
2024-04-08,27.3,27.2,39.2,36.4,33.7,0.3,27.8,53.6
2024-04-09,27.1,26.5,37.6,36.0,34.1,1.9,28.5,54.1
2024-04-10,28.8,28.0,40.9,35.5,37.4,1.8,30.5,55.0
2024-04-11,30.1,27.9,41.1,34.9,37.9,16.8,33.8,60.0
2024-04-12,27.8,27.2,39.5,34.6,18.9,11.3,29.0,50.8
2024-04-15,27.7,26.7,40.0,31.3,32.8,11.8,29.6,50.8
2024-04-16,26.8,24.0,33.8,34.1,35.0,14.3,31.4,53.2
2024-04-17,26.0,23.8,31.6,33.5,31.7,14.8,29.6,52.9
2024-04-18,26.5,25.2,33.4,33.0,30.4,15.1,28.9,52.5
2024-04-19,26.3,24.6,33.1,32.4,30.4,16.6,29.2,52.2
2024-04-22,25.1,21.6,28.4,29.6,31.4,24.4,30.6,50.9
2024-04-23,23.2,19.5,20.4,34.0,29.1,24.9,29.0,50.5
2024-04-24,22.9,18.9,20.1,32.7,28.9,25.7,29.1,50.0
2024-04-25,24.8,15.5,13.2,31.6,45.1,26.6,39.0,49.6
2024-04-26,24.4,15.4,15.1,28.7,42.6,30.1,38.3,49.2
2024-04-29,23.2,11.1,14.0,15.5,39.4,33.5,41.6,57.0
2024-04-30,20.9,12.3,7.6,29.9,32.4,14.2,34.1,57.5
2024-05-01,18.6,9.5,2.0,28.7,30.5,12.9,32.7,56.6
2024-05-02,19.2,9.5,2.6,29.3,33.7,15.9,34.0,57.2
2024-05-03,15.6,4.9,-7.3,27.2,31.6,12.0,32.0,56.0
2024-05-06,14.9,4.2,-7.5,27.0,29.7,14.9,31.3,53.9
2024-05-07,14.3,4.3,-7.5,25.8,26.6,15.0,29.7,50.3
2024-05-08,13.5,4.3,-7.4,25.7,23.2,16.9,27.8,48.6
2024-05-09,12.4,2.7,-11.5,25.0,22.6,16.5,27.4,47.9
2024-05-10,12.2,2.8,-18.5,24.2,21.4,15.9,26.5,45.8
2024-05-13,11.3,1.9,-17.9,19.8,19.7,16.5,25.7,43.6
2024-05-14,11.8,3.2,-16.2,19.9,19.4,17.7,25.1,43.2
2024-05-15,10.9,2.2,-18.2,20.3,17.8,15.8,24.3,42.4
2024-05-16,9.0,-0.2,-21.6,20.1,17.3,11.4,23.0,41.8
2024-05-17,8.5,-1.0,-23.2,19.8,17.6,11.0,23.1,41.5
2024-05-20,6.2,-3.7,-23.2,18.5,16.4,7.4,21.4,39.2
2024-05-21,5.6,-4.2,-23.5,17.6,15.6,6.3,20.6,38.4
2024-05-22,4.7,-5.4,-23.8,17.6,14.8,5.9,20.0,37.5
2024-05-23,8.6,0.3,-16.7,26.0,17.7,4.5,21.2,36.5
2024-05-24,8.6,1.3,-10.9,26.0,16.3,2.7,19.8,34.9
2024-05-28,7.2,2.8,-5.2,21.7,9.9,-2.0,13.8,25.7
2024-05-29,6.2,1.6,-3.7,20.3,9.1,-0.3,13.3,26.1
2024-05-30,7.1,2.1,-4.1,20.9,11.3,0.3,14.6,26.0
2024-05-31,7.3,1.9,-7.6,27.5,14.0,-1.0,15.3,29.7
2024-06-03,5.6,1.7,-8.9,26.7,9.7,-3.2,11.5,28.3
2024-06-04,5.2,0.1,-11.8,27.1,9.6,5.2,12.9,29.7
2024-06-05,5.6,1.5,-7.6,27.5,8.7,2.9,11.8,30.7
2024-06-06,4.2,0.7,-9.9,26.1,8.7,2.1,9.4,24.9
2024-06-07,5.0,2.7,-5.5,26.1,8.8,-1.8,8.3,25.5
2024-06-10,4.3,3.9,-6.6,28.2,8.3,-6.4,4.9,23.4
2024-06-11,5.2,4.5,-6.1,28.1,9.6,-5.0,6.2,22.1
2024-06-12,4.5,2.5,-9.9,27.9,11.1,-4.2,7.3,24.2
2024-06-13,2.5,0.0,-14.2,25.6,11.1,-9.4,6.2,21.8
2024-06-14,2.2,-0.5,-19.9,25.4,11.1,-9.1,6.2,21.5
2024-06-17,1.9,-1.4,-21.5,25.1,10.5,-2.7,6.9,19.0
2024-06-18,1.4,-2.3,-22.4,25.1,10.7,-2.3,7.0,18.5
2024-06-20,0.5,-4.9,-28.1,23.3,12.5,3.3,8.5,17.5
2024-06-21,-3.5,-12.5,-25.6,-9.8,13.5,8.0,9.9,16.9
2024-06-24,-4.4,-14.3,-26.7,-14.2,17.3,4.2,10.3,13.6
2024-06-25,-3.1,-12.4,-26.0,-13.4,17.0,3.6,10.8,12.0
2024-06-26,-3.5,-13.0,-26.9,-13.7,17.0,3.7,10.7,11.5
2024-06-27,-3.6,-14.6,-29.2,-16.2,16.7,3.2,12.9,16.7
2024-06-28,-3.1,-12.7,-28.5,-14.2,15.1,0.3,11.1,15.7
2024-07-01,-4.2,-13.2,-32.4,-14.0,14.7,-1.4,9.1,12.9
2024-07-02,-3.4,-11.0,-30.4,-10.4,14.2,-2.6,7.7,11.3
2024-07-03,-7.3,-16.9,-47.5,-8.5,11.7,0.3,6.8,9.8
2024-07-05,-9.4,-21.3,-46.8,-21.6,11.8,6.2,8.1,13.6
2024-07-08,-9.6,-20.8,-46.7,-25.4,11.1,4.2,7.0,14.0
2024-07-09,-8.9,-20.4,-45.7,-25.5,13.6,2.4,8.2,13.7
2024-07-10,-9.5,-20.5,-45.1,-25.6,14.2,3.6,6.8,14.9
2024-07-11,-8.5,-20.1,-45.8,-25.7,14.1,14.8,8.8,18.8
2024-07-12,-8.4,-21.4,-47.5,-25.9,17.0,16.0,10.8,23.4
2024-07-15,-10.3,-20.4,-45.5,-25.4,7.8,16.1,4.8,11.5
2024-07-16,-10.4,-20.8,-42.7,-25.2,7.7,17.8,5.0,11.3
2024-07-17,-9.5,-18.2,-36.9,-25.4,5.4,17.6,3.5,11.1
2024-07-18,-9.9,-18.9,-36.1,-25.7,4.7,17.5,3.3,10.9
2024-07-19,-9.9,-19.8,-35.0,-26.0,6.6,18.6,4.7,10.6
2024-07-22,-10.1,-18.1,-30.1,-27.3,3.1,16.7,1.7,9.7
2024-07-23,-11.2,-18.3,-31.1,-26.7,-0.9,17.2,-0.8,9.3
2024-07-24,-15.3,-25.4,-35.1,-45.7,-0.3,17.7,-0.5,8.8
2024-07-25,-17.9,-27.1,-33.4,-53.4,-4.3,22.8,-4.4,4.3
2024-07-26,-18.3,-27.2,-34.0,-52.9,-5.4,23.4,-5.3,3.1
2024-07-29,-17.0,-26.2,-29.3,-55.7,-3.6,28.5,-3.5,1.4
2024-07-30,-16.4,-24.0,-25.5,-53.4,-4.0,23.6,-5.4,1.4
2024-07-31,-14.0,-21.9,-25.2,-49.0,0.0,25.6,-2.6,1.9
2024-08-01,-17.7,-25.7,-34.4,-48.3,-8.0,22.0,-5.9,0.0
2024-08-02,-19.2,-29.0,-40.6,-49.7,-7.9,26.2,-5.0,2.8
2024-08-05,-19.9,-30.7,-39.1,-55.9,-6.7,26.3,-4.0,4.1
2024-08-06,-19.2,-28.6,-37.6,-51.5,-7.9,25.5,-5.5,4.1
2024-08-07,-19.5,-28.5,-36.3,-51.6,-9.0,24.3,-6.3,2.3
2024-08-08,-20.2,-29.3,-34.6,-51.4,-9.4,24.4,-6.9,2.2
2024-08-09,-20.4,-29.5,-34.3,-50.9,-9.0,22.0,-7.1,2.2
2024-08-12,-21.6,-28.9,-32.9,-50.8,-12.7,20.1,-11.1,-6.0
2024-08-13,-21.9,-29.6,-31.1,-57.1,-12.4,21.8,-10.9,-5.7
2024-08-14,-21.9,-30.2,-31.0,-59.0,-12.0,16.8,-9.9,-7.7
2024-08-15,-22.9,-30.2,-34.9,-59.0,-15.9,16.1,-12.3,-13.4
2024-08-16,-23.5,-31.9,-36.6,-58.9,-12.3,10.6,-11.2,-12.6
2024-08-19,-23.7,-32.3,-39.2,-59.5,-12.5,10.8,-11.1,-12.8
2024-08-20,-24.5,-33.1,-40.5,-60.3,-12.9,8.2,-11.8,-12.8
2024-08-21,-25.0,-33.8,-41.2,-59.9,-13.0,8.1,-12.1,-12.9
2024-08-22,-26.5,-35.3,-44.5,-60.4,-13.5,3.3,-13.6,-13.0
2024-08-23,-24.7,-32.2,-38.6,-59.9,-13.6,2.9,-13.6,-13.1
2024-08-26,-22.4,-28.0,-31.1,-56.2,-14.2,1.5,-14.2,-13.9
2024-08-27,-21.2,-27.0,-28.1,-56.3,-12.0,1.1,-12.7,-14.3
2024-08-28,-21.0,-26.8,-27.2,-56.6,-12.3,0.8,-12.7,-14.9
2024-08-29,-18.5,-23.6,-24.8,-50.2,-12.0,-0.1,-11.0,-11.6
2024-08-30,-19.2,-24.6,-24.2,-50.9,-14.4,1.8,-11.4,-12.5
2024-09-03,-15.7,-21.1,-25.1,-39.5,-13.8,13.7,-7.7,-6.3
2024-09-04,-17.5,-23.9,-28.9,-43.3,-14.1,12.4,-8.0,-7.8
2024-09-05,-16.5,-22.3,-29.5,-36.4,-14.2,12.0,-8.0,-7.8
2024-09-06,-18.3,-24.8,-30.1,-43.6,-14.3,7.9,-8.8,-9.2
2024-09-09,-16.1,-21.6,-26.8,-41.9,-13.5,9.2,-7.8,-10.0
2024-09-10,-15.6,-21.5,-26.8,-41.4,-12.0,9.4,-6.8,-8.2
2024-09-11,-14.1,-20.3,-21.8,-40.3,-11.7,18.5,-4.8,-6.6
2024-09-12,-13.9,-20.1,-22.4,-39.0,-11.2,17.7,-4.8,-5.8
2024-09-13,-13.3,-19.4,-21.8,-37.3,-11.2,18.2,-4.4,-5.2
2024-09-16,-12.1,-16.1,-17.1,-31.1,-15.2,17.0,-6.3,-7.9
2024-09-17,-12.5,-16.4,-14.1,-33.6,-15.8,17.0,-6.6,-8.0
2024-09-18,-13.2,-17.4,-12.3,-28.2,-16.0,16.2,-7.0,-8.1
2024-09-19,-12.3,-15.8,-8.8,-27.8,-16.0,17.1,-7.3,-8.4
2024-09-20,-12.1,-15.2,-8.5,-26.8,-16.2,17.2,-7.5,-8.5
2024-09-23,-18.3,-25.5,-9.6,-56.2,-16.7,22.0,-7.7,-9.4
2024-09-24,-19.7,-27.8,-13.8,-58.0,-16.3,22.1,-7.8,-10.2
2024-09-25,-19.1,-27.5,-12.7,-58.0,-13.7,20.8,-6.7,-10.8
2024-09-26,-16.8,-24.3,-5.3,-57.5,-13.3,20.5,-5.6,-8.9
2024-09-27,-16.7,-24.4,-6.1,-58.1,-13.1,21.3,-5.2,-8.4
2024-09-30,-16.1,-23.7,-0.8,-56.8,-13.1,21.6,-4.7,-13.0
2024-10-01,-11.5,-16.9,2.6,-48.1,-11.7,20.1,-3.5,-13.3
2024-10-02,-10.6,-15.5,3.8,-45.3,-11.6,20.4,-3.2,-13.6
2024-10-03,-8.4,-11.9,7.4,-36.1,-11.9,23.6,-3.2,-14.9
2024-10-04,-5.3,-6.6,14.1,-29.5,-11.7,21.9,-3.4,-14.8
2024-10-07,-5.4,-7.6,14.3,-32.8,-10.7,19.6,-2.1,-14.2
2024-10-08,-4.0,-4.9,14.3,-28.8,-11.7,18.9,-2.7,-14.7
2024-10-09,-3.5,-4.1,14.5,-27.3,-11.5,18.6,-2.6,-14.8
2024-10-10,-4.4,-5.0,12.2,-27.1,-10.0,21.3,-3.6,-13.0
2024-10-11,-6.0,-5.1,10.3,-26.7,-12.8,10.3,-7.4,-17.8
2024-10-14,-5.5,-4.6,9.0,-25.2,-11.4,8.4,-6.9,-18.0
2024-10-15,-5.3,-4.0,6.0,-20.9,-11.7,8.1,-7.1,-17.8
2024-10-16,-5.1,-4.1,6.4,-20.1,-11.4,9.0,-6.6,-17.5
2024-10-17,-4.3,-2.4,14.9,-19.1,-12.6,9.2,-7.2,-17.3
2024-10-18,-2.2,-1.8,14.8,-17.9,-5.6,9.4,-2.8,-6.3
2024-10-21,0.2,0.9,16.4,-11.0,-3.2,10.0,-0.8,-5.1
2024-10-22,0.5,1.6,17.2,-9.9,-2.2,9.5,-1.1,-4.1
2024-10-23,0.6,1.7,17.5,-10.1,-1.9,9.0,-1.1,-4.0
2024-10-24,-0.5,3.2,19.7,-6.3,-10.1,9.4,-5.9,-3.8
2024-10-25,0.4,4.0,23.1,-4.5,-8.3,9.8,-4.9,-3.7
2024-10-28,0.8,4.7,25.6,-5.8,-8.8,11.2,-5.1,-3.3
2024-10-29,2.0,6.0,28.4,-5.6,-6.8,11.2,-4.0,-3.3
2024-10-30,4.1,10.1,35.4,-0.6,-8.1,16.4,-4.9,-3.4
2024-10-31,6.1,13.1,38.6,4.3,-11.3,19.0,-4.3,2.1
2024-11-01,4.3,9.9,31.7,4.7,-12.0,20.2,-4.1,3.9
2024-11-04,4.8,11.1,31.9,7.2,-11.2,14.4,-4.4,5.4
2024-11-05,6.3,13.0,35.8,6.9,-10.1,14.9,-3.6,7.8
2024-11-06,8.1,16.2,35.6,18.1,-10.9,15.6,-3.8,8.3
2024-11-07,8.1,15.9,35.7,16.5,-8.8,11.8,-3.5,10.5
2024-11-08,8.5,16.7,37.2,16.7,-9.4,12.4,-3.7,11.4
2024-11-11,6.7,12.6,37.1,18.7,-9.1,21.6,-1.9,13.9
2024-11-12,7.1,12.9,38.4,16.1,-7.2,18.4,-1.5,15.0
2024-11-13,7.3,13.1,38.3,16.1,-8.1,20.6,-1.4,15.3
2024-11-14,7.2,12.7,38.7,14.4,-8.1,21.1,-1.0,17.7
2024-11-15,8.1,12.8,43.3,14.3,-4.2,19.5,1.1,20.4
2024-11-18,7.8,13.0,43.4,14.1,-6.6,20.9,0.0,19.9
2024-11-19,7.6,12.9,42.1,14.1,-6.8,20.1,-0.3,19.8
2024-11-20,8.0,13.8,40.6,13.9,-6.7,19.7,-0.6,19.6
2024-11-21,7.1,12.3,37.7,11.8,-6.8,20.4,-0.7,20.0
2024-11-22,2.1,2.6,39.0,-20.0,-5.0,25.9,1.4,19.7
2024-11-25,0.8,0.8,36.0,-22.1,-5.4,24.6,0.9,19.0
2024-11-26,-0.6,-1.9,30.0,-22.8,-4.8,23.8,1.3,18.4
2024-11-27,-0.8,-2.6,27.7,-22.6,-3.8,22.6,1.8,18.3
2024-11-29,-1.5,-3.9,27.8,-23.9,-3.8,20.9,2.0,11.5
2024-12-02,-1.9,-3.3,34.3,-25.3,-3.9,13.8,0.3,11.5
2024-12-03,-1.1,-2.4,36.6,-25.1,-3.9,18.9,0.9,12.3
2024-12-04,-3.4,-5.6,27.7,-23.4,-4.9,16.4,-0.2,10.4
2024-12-05,-4.0,-6.5,25.3,-23.7,-5.0,16.7,-0.2,10.2
2024-12-06,-4.6,-7.1,25.3,-26.6,-5.2,11.1,-0.9,8.4
2024-12-09,-4.5,-7.0,23.2,-27.0,-3.1,6.8,-0.8,10.5
2024-12-10,-4.0,-5.3,26.3,-26.5,-4.7,5.3,-2.0,9.0
2024-12-11,-3.6,-5.2,25.7,-25.9,-4.3,6.3,-1.1,9.6
2024-12-12,-4.8,-7.0,20.1,-25.2,-4.3,4.0,-1.7,11.3
2024-12-13,-4.1,-6.0,19.3,-23.0,-4.0,6.3,-1.2,12.6
2024-12-16,-3.1,-2.8,16.1,-11.7,-8.2,6.1,-3.8,5.7
2024-12-17,-3.6,-4.1,9.0,-9.9,-7.0,6.9,-2.9,5.7
2024-12-18,-2.7,-2.8,9.5,-8.7,-6.6,6.6,-2.6,5.7
2024-12-19,-1.7,-1.2,12.8,-7.1,-6.5,6.9,-2.4,5.7
2024-12-20,-2.3,-2.3,10.2,-5.9,-6.9,6.4,-2.4,5.7
2024-12-23,-3.1,-3.1,5.1,-2.2,-6.7,7.6,-3.1,6.2
2024-12-24,-3.5,-3.8,3.8,-2.8,-6.6,7.3,-3.2,6.0
2024-12-26,-3.9,-4.3,3.9,-4.3,-6.9,6.7,-3.4,6.4
2024-12-27,-4.2,-4.0,3.2,-5.4,-8.3,5.7,-4.5,6.5
2024-12-30,-6.3,-7.7,-1.6,-10.2,-9.4,4.8,-4.3,9.3
2024-12-31,-5.8,-8.2,-1.7,-12.1,-6.1,4.6,-2.2,13.4
2025-01-02,-4.7,-6.9,2.2,-12.6,-4.6,6.2,-1.5,10.0
2025-01-03,-3.9,-5.5,5.7,-12.4,-4.8,5.7,-1.5,9.9
2025-01-06,-2.7,-4.5,2.4,-4.3,-3.1,6.3,0.1,10.8
2025-01-07,-1.7,-2.4,7.7,-4.2,-6.3,10.8,-0.5,7.8
2025-01-08,-3.8,-6.6,9.8,-19.9,-5.6,13.8,0.5,8.9
2025-01-10,-0.7,-2.9,14.5,-18.4,-1.5,13.9,2.7,12.8
2025-01-13,-0.4,-2.9,13.1,-19.6,0.4,13.6,3.3,13.3
2025-01-14,0.7,-1.0,13.3,-19.3,0.3,13.6,3.3,12.2
2025-01-15,-2.1,-4.3,6.0,-19.5,-2.7,12.7,1.3,10.0
2025-01-16,0.1,-1.0,14.4,-19.7,-2.4,14.6,1.9,9.8
2025-01-17,3.5,2.1,22.8,-19.9,3.6,14.5,5.6,17.8
2025-01-21,3.5,0.1,20.6,-24.2,8.5,14.7,8.7,16.7
2025-01-22,3.1,-0.2,19.8,-24.6,8.4,12.9,8.1,16.4
2025-01-23,2.4,-1.2,18.7,-24.9,8.8,12.6,7.9,16.1
2025-01-24,5.1,2.3,10.1,-3.1,9.6,17.2,9.3,17.7
2025-01-27,4.1,2.2,9.6,-4.0,6.9,15.4,7.2,9.4
2025-01-28,4.0,2.0,8.0,-2.7,7.4,15.7,7.2,8.5
2025-01-29,4.7,3.1,8.7,1.8,7.4,16.8,7.3,8.0
2025-01-30,3.3,3.2,9.4,0.3,7.0,-1.7,3.5,5.7
2025-01-31,3.7,3.9,12.4,-0.6,6.1,2.2,3.7,5.5
2025-02-03,8.2,6.8,16.8,1.6,14.4,8.9,10.5,3.1
2025-02-04,6.8,4.6,10.3,2.5,14.0,9.2,10.3,2.7
2025-02-05,5.6,2.8,9.2,-2.0,12.5,9.6,10.0,3.7
2025-02-06,8.1,5.2,7.7,5.2,12.3,8.6,12.7,11.8
2025-02-07,8.3,5.4,3.0,4.7,12.8,8.0,12.9,13.2
2025-02-10,8.1,7.2,2.2,9.1,11.9,2.4,9.7,7.3
2025-02-11,7.0,6.3,0.7,10.6,11.5,-4.6,8.1,6.7
2025-02-12,6.9,7.4,4.1,8.9,9.5,-7.0,6.4,3.4
2025-02-13,8.1,10.2,4.9,12.1,9.5,-10.6,5.0,2.1
2025-02-14,7.4,8.7,-0.5,15.0,10.7,-10.9,5.6,2.2
2025-02-18,9.8,14.0,0.4,26.0,7.9,-12.9,3.5,1.2
2025-02-19,10.7,15.9,0.5,30.8,7.5,-13.8,3.0,1.3
2025-02-20,10.4,16.0,-0.2,31.4,5.8,-12.1,2.3,1.5
2025-02-21,6.5,10.2,-7.8,21.3,5.8,-17.5,1.1,1.6
2025-02-24,6.8,10.6,-5.5,19.2,5.6,-17.5,1.4,2.3
2025-02-25,6.5,9.8,-7.7,19.1,6.5,-17.4,1.8,2.7
2025-02-26,7.6,9.7,-8.5,19.9,9.8,-14.6,4.5,5.2
2025-02-27,6.3,9.1,-10.7,20.9,9.8,-12.3,2.2,-0.5
2025-02-28,6.5,7.5,-16.5,22.9,11.9,-11.2,5.0,-1.0
2025-03-03,9.1,11.6,-12.2,29.5,11.3,-10.7,5.5,1.1
2025-03-04,8.0,10.9,-11.9,29.4,8.5,-10.7,3.7,1.2
2025-03-05,8.4,11.9,-9.8,29.8,9.6,-16.0,3.3,2.3
2025-03-06,9.2,12.8,-6.2,28.7,9.5,-16.0,4.0,2.8
2025-03-07,7.9,10.7,-7.4,24.6,12.1,-24.7,4.0,-0.8
2025-03-10,7.9,10.7,-6.9,25.9,12.2,-24.6,3.9,-0.9
2025-03-11,7.2,11.2,-4.2,25.4,12.3,-28.6,1.6,-6.2
2025-03-12,6.8,8.5,-8.0,22.1,17.0,-29.1,4.4,-0.1
2025-03-13,6.7,9.4,-6.2,23.1,17.2,-34.5,3.0,0.4
2025-03-14,5.5,7.4,-9.7,23.5,17.4,-35.9,2.8,0.5
2025-03-17,4.5,4.8,-13.7,21.8,18.3,-31.3,4.4,2.1
2025-03-18,7.1,9.4,-7.3,23.2,17.0,-29.6,4.0,2.0
2025-03-19,7.0,8.9,-6.9,23.3,17.0,-28.9,4.5,1.9
2025-03-20,7.2,9.2,-5.3,23.1,17.6,-29.0,4.7,1.7
2025-03-21,7.8,9.4,-5.1,23.0,18.8,-29.1,5.7,1.5
2025-03-24,9.4,12.7,-2.5,32.2,18.6,-29.3,4.7,1.0
2025-03-25,10.4,11.7,-4.6,32.0,24.6,-27.0,8.7,0.8
2025-03-26,10.5,12.0,-1.6,31.8,22.5,-22.8,8.3,2.1
2025-03-27,10.7,13.0,-0.7,33.7,22.3,-23.4,7.5,0.3
2025-03-28,7.7,8.6,-3.1,19.1,21.0,-23.2,6.6,-0.1
2025-03-31,8.0,8.0,-4.4,18.4,22.9,-15.8,8.0,2.4
2025-04-01,7.3,7.5,-8.0,12.0,21.7,-16.3,7.0,4.3
2025-04-02,7.6,8.7,-4.8,11.7,21.6,-20.8,6.1,3.2
2025-04-03,6.7,8.8,-7.2,17.4,21.8,-25.3,3.8,0.0
2025-04-04,6.2,8.3,-3.3,14.6,21.0,-25.5,3.1,-0.1
2025-04-07,5.0,6.9,-5.6,12.8,19.1,-23.9,2.4,-1.9
2025-04-08,4.2,5.9,-6.7,12.2,18.5,-23.7,1.8,-3.3
2025-04-09,3.4,4.9,-7.6,11.7,17.4,-23.6,1.3,-4.2
2025-04-10,1.9,1.4,-15.4,10.7,19.3,-21.5,2.9,-3.8
2025-04-11,2.6,2.1,-17.8,10.2,16.7,-9.6,3.5,-6.4
2025-04-14,4.4,1.2,-18.3,8.7,19.0,-9.2,9.2,8.4
2025-04-15,2.0,-2.5,-18.8,1.9,18.3,-9.3,8.8,7.7
2025-04-16,4.1,-3.2,-19.5,1.3,30.2,-11.4,15.2,23.5
2025-04-17,2.8,-4.5,-21.8,0.6,27.8,-11.1,13.8,23.5
2025-04-21,2.8,-5.0,-20.2,-3.5,28.4,-10.0,14.4,23.7
2025-04-22,1.9,-6.0,-20.2,-6.9,28.1,-10.0,13.9,23.8
2025-04-23,0.9,-7.0,-15.1,-13.3,27.2,-11.6,12.7,23.7
2025-04-24,5.3,0.8,-0.4,-7.4,26.6,-11.0,12.1,24.1
2025-04-25,6.2,2.1,0.9,-7.8,26.2,-9.4,12.2,24.7
2025-04-28,5.8,0.9,0.8,-12.2,27.5,-7.2,13.3,23.7
2025-04-29,2.9,-4.2,-6.2,-19.3,27.2,-4.6,13.5,23.8
2025-04-30,4.5,-5.1,-8.6,-15.7,35.1,-0.7,18.8,23.4
2025-05-01,4.2,-6.9,-12.9,-15.9,40.7,-4.8,20.7,20.4
2025-05-02,6.8,-3.8,-12.9,-4.2,42.9,-3.1,22.6,20.3
2025-05-05,6.5,-2.9,-8.6,-3.4,40.8,-3.8,20.5,18.8
2025-05-06,7.1,-0.9,-7.8,3.4,39.5,-5.4,19.0,16.1
2025-05-07,8.2,-0.1,-6.9,6.8,39.6,2.6,20.8,19.4
2025-05-08,10.1,1.3,-6.1,10.7,42.8,5.8,23.3,19.7
2025-05-09,10.9,1.3,-5.8,10.6,46.6,4.1,25.4,46.6
2025-05-12,11.2,0.8,-5.3,10.5,46.5,10.2,26.8,46.5
2025-05-13,11.6,1.3,-8.3,15.8,46.3,10.8,26.9,46.3
2025-05-14,11.7,1.7,-7.1,15.6,46.6,10.7,26.8,46.6
2025-05-15,12.0,1.9,-10.5,15.3,46.5,11.3,27.0,46.5
2025-05-16,11.8,0.5,-12.6,15.4,48.4,13.5,28.6,48.4
2025-05-19,11.6,0.8,-10.6,16.0,48.0,17.3,27.9,48.0
2025-05-20,12.5,2.0,-9.5,17.4,48.6,17.5,28.3,48.6
2025-05-21,13.5,3.3,-8.0,18.9,48.2,21.1,28.8,48.2
2025-05-22,14.4,4.8,4.2,8.3,48.6,20.1,28.8,48.6
2025-05-23,16.4,6.7,6.0,12.5,52.2,20.1,30.9,24.0
2025-05-27,18.8,10.3,13.2,14.7,50.9,19.8,31.5,25.4
2025-05-28,19.9,10.4,14.3,13.6,55.5,20.0,34.1,32.1
2025-05-29,20.3,10.2,11.9,14.9,55.2,27.1,35.5,34.7
2025-05-30,22.0,10.7,11.5,17.7,63.0,22.1,39.0,37.9
2025-06-02,20.8,10.0,5.2,18.9,61.2,26.1,37.1,36.6
2025-06-03,17.7,7.7,2.0,15.7,55.9,20.0,32.7,29.4
2025-06-04,18.5,8.3,-3.1,24.6,55.0,21.5,33.7,30.9
2025-06-05,18.2,7.3,-6.7,27.3,56.1,25.5,34.6,29.4
2025-06-06,17.9,6.9,-5.9,26.3,55.5,21.2,34.4,27.5
2025-06-09,18.7,7.9,-5.2,26.0,55.4,22.1,35.0,25.1
2025-06-10,18.9,8.3,-4.3,27.7,55.0,22.6,34.8,24.9
2025-06-11,16.7,5.3,-11.5,27.4,53.9,20.6,33.8,24.7
2025-06-12,15.8,3.6,-13.4,27.3,53.5,23.6,34.0,25.8
2025-06-13,16.6,5.3,-8.4,26.4,53.1,23.0,33.5,25.6
2025-06-16,15.5,3.4,-12.2,25.8,54.5,19.1,33.7,28.4
2025-06-17,13.4,1.4,-20.8,30.8,50.8,18.8,31.5,28.1
2025-06-18,13.7,1.8,-23.1,30.6,50.2,18.4,31.7,27.8
2025-06-20,12.0,0.1,-23.9,29.5,47.1,17.7,30.0,27.2
2025-06-23,11.4,0.1,-20.8,24.4,45.4,14.1,28.4,25.9
2025-06-24,11.5,-0.5,-24.6,26.9,47.4,13.8,29.5,25.7
2025-06-25,11.3,-0.6,-26.0,29.2,47.1,12.4,29.2,24.9
2025-06-26,16.9,7.7,-5.3,29.3,48.2,12.0,30.7,26.2
2025-06-27,15.0,4.3,-10.3,26.7,48.5,11.1,31.1,26.0
2025-06-30,11.7,1.9,-11.4,27.3,40.5,9.5,26.6,20.9
2025-07-01,16.5,9.4,-1.4,28.3,43.7,7.5,27.2,23.3
2025-07-02,14.7,6.0,-9.0,27.1,45.0,6.0,27.8,22.5
2025-07-03,17.5,10.9,-2.6,32.4,44.3,7.1,27.5,21.6
2025-07-07,17.6,12.4,-0.4,32.3,42.3,7.2,25.4,20.4
2025-07-08,17.7,12.8,0.9,32.2,42.7,4.3,25.0,18.7
2025-07-09,17.3,12.7,1.1,32.2,42.2,2.5,24.2,17.7
2025-07-10,17.5,13.6,3.5,31.5,41.2,2.5,23.5,15.9
2025-07-11,17.8,14.5,3.3,31.6,39.0,8.1,23.0,13.8
2025-07-14,17.5,15.6,2.8,32.1,36.0,5.7,20.6,5.7
2025-07-15,18.0,16.7,2.8,35.6,35.0,5.7,20.1,4.7
2025-07-16,18.7,17.9,4.5,35.2,34.7,7.1,20.2,4.7
2025-07-17,20.7,20.0,12.3,34.8,37.4,7.0,21.9,4.7
2025-07-18,20.3,20.0,12.6,34.4,35.6,7.0,20.8,4.7
2025-07-21,19.0,18.4,9.5,33.1,33.9,6.8,20.0,4.8
2025-07-22,17.0,15.9,4.7,31.7,33.1,7.2,19.0,4.9
2025-07-23,16.0,15.7,4.7,31.5,30.3,6.9,16.7,5.0
2025-07-24,15.4,15.1,2.4,33.5,30.4,6.7,16.1,3.9
2025-07-25,15.1,15.1,3.5,32.3,29.4,4.9,15.2,3.5
2025-07-28,13.4,15.9,6.8,29.9,20.2,4.8,9.8,1.2
2025-07-29,13.3,16.2,7.8,29.0,18.6,5.1,9.2,1.5
2025-07-30,16.1,21.5,13.4,39.7,17.8,3.6,8.2,1.3
2025-07-31,18.5,23.2,14.7,39.3,21.8,8.6,11.7,0.4
2025-08-01,16.1,19.9,7.8,37.9,21.3,4.0,10.8,-2.7
2025-08-04,14.0,17.8,7.7,30.5,19.5,-2.6,8.6,-4.0
2025-08-05,15.4,18.6,6.0,35.6,24.8,-6.9,10.9,-1.5
2025-08-06,14.3,17.1,6.2,32.3,23.8,-6.7,10.2,-2.3
2025-08-07,14.4,15.9,5.2,29.2,26.9,-4.8,12.4,1.1
2025-08-08,14.3,14.9,5.5,28.7,29.1,-5.2,13.6,1.1
2025-08-11,13.4,14.5,6.9,27.0,27.6,-8.6,11.9,0.1
2025-08-12,12.9,14.0,7.9,25.0,27.1,-9.0,11.6,0.2
2025-08-13,12.1,14.0,8.0,24.9,26.6,-16.9,9.6,-2.6
2025-08-14,12.0,14.9,8.0,22.3,26.1,-15.2,7.9,-6.0
2025-08-15,9.6,15.1,6.9,22.2,15.6,-16.1,1.5,-18.8
2025-08-18,8.3,14.2,4.1,22.5,12.9,-18.6,-0.3,-18.5
2025-08-19,8.3,14.5,4.2,23.3,11.8,-18.4,-0.9,-18.7
2025-08-20,7.7,14.1,4.1,22.2,10.6,-18.4,-1.7,-18.9
2025-08-21,13.5,23.8,15.0,37.9,10.1,-18.3,-1.8,-19.2
2025-08-22,13.1,23.3,15.1,33.0,9.3,-16.9,-2.1,-19.6
2025-08-25,12.3,22.9,15.5,31.3,6.6,-17.1,-3.3,-22.1
2025-08-26,14.9,25.6,23.1,30.4,9.3,-13.8,-1.0,-21.2
2025-08-27,14.7,25.5,23.7,29.5,8.2,-12.7,-1.4,-21.3
2025-08-28,15.7,25.5,26.8,25.6,10.9,-11.8,1.3,-14.0
2025-08-29,17.4,24.4,26.2,25.2,19.8,-11.1,7.2,-4.4
2025-09-02,19.7,26.4,28.6,31.2,21.0,-9.3,10.1,1.1
2025-09-03,19.1,23.7,25.8,25.8,23.1,-6.0,12.4,3.4
2025-09-04,18.3,22.7,22.9,25.1,22.9,-5.9,12.1,3.4
2025-09-05,16.1,19.1,20.1,20.1,23.1,-6.8,11.9,3.0
2025-09-08,16.4,19.7,21.8,17.8,22.4,-6.8,11.8,2.2
2025-09-09,17.1,20.2,21.8,19.3,24.2,-7.3,12.7,1.9
2025-09-10,17.1,20.4,21.2,19.7,23.9,-7.2,12.5,1.7
2025-09-11,14.5,16.8,12.9,19.4,24.5,-14.7,11.4,1.7
2025-09-12,13.9,15.7,11.4,19.1,24.3,-14.2,11.5,1.5
2025-09-15,10.9,14.3,9.7,17.9,16.0,-14.4,6.3,-10.2
2025-09-16,13.2,17.3,12.8,23.0,17.2,-11.9,7.5,-9.7
2025-09-17,13.1,17.4,10.1,23.2,14.1,-9.2,6.9,-9.6
2025-09-18,13.8,18.8,14.6,23.3,13.8,-9.0,6.6,-9.6
2025-09-19,13.3,17.8,13.6,23.7,13.3,-7.1,6.7,-9.5
2025-09-22,11.8,16.2,10.2,24.0,11.8,-6.3,5.4,-9.5
2025-09-23,8.7,11.0,4.3,17.1,12.3,-6.8,5.4,-9.6
2025-09-24,8.6,11.1,8.9,11.1,11.6,-6.6,5.1,-9.5
2025-09-25,12.8,17.9,26.1,10.7,12.0,-6.5,5.4,-9.3
2025-09-26,13.3,18.9,27.5,11.3,10.7,-4.2,5.2,-8.3
2025-09-29,11.5,17.2,25.6,10.9,6.7,-4.4,3.1,-12.3
2025-09-30,9.8,14.7,22.8,8.2,5.3,-3.7,2.6,-9.1
2025-10-01,10.2,13.1,18.3,9.8,10.6,-6.7,6.1,-9.0
2025-10-02,10.1,12.2,18.1,9.4,10.8,-6.6,7.2,-6.8
2025-10-03,9.0,9.8,15.0,7.7,10.6,-2.9,7.9,-5.8
2025-10-06,8.2,8.9,13.8,7.1,9.9,-4.9,7.3,-5.6
2025-10-07,7.3,8.1,13.2,4.2,10.4,-6.1,6.3,-4.3
2025-10-08,5.8,5.7,12.9,-2.6,10.3,-6.8,6.1,-4.2
2025-10-09,5.3,5.4,12.6,-3.0,9.0,-6.5,5.3,-4.0
2025-10-10,5.1,5.8,12.9,-5.2,9.5,-13.6,4.2,-3.8
2025-10-13,4.4,4.3,10.7,-6.7,9.7,-13.2,4.5,-1.7
2025-10-14,4.2,3.7,8.9,-7.7,11.5,-12.8,5.0,-1.4
2025-10-15,5.3,5.6,12.0,-5.8,11.6,-12.1,5.1,-1.1
2025-10-16,4.3,4.2,9.6,-6.0,11.6,-14.5,4.6,-1.5
2025-10-17,6.8,5.5,9.8,-2.0,18.1,-14.4,8.7,-1.3
2025-10-20,7.4,5.6,10.8,-3.4,18.8,-13.8,10.0,3.5
2025-10-21,8.0,6.3,11.1,-4.1,19.8,-14.6,10.6,3.9
2025-10-22,7.3,5.3,10.9,-4.4,19.6,-15.2,10.2,4.2
2025-10-23,6.7,4.6,10.8,-4.3,20.0,-15.3,9.8,3.1
2025-10-24,11.0,9.6,11.0,7.1,23.7,-10.2,13.2,5.3
2025-10-27,10.6,8.0,9.8,4.3,25.8,-9.5,14.6,6.2
2025-10-28,12.6,9.2,12.4,5.6,31.4,-10.6,17.8,11.0
2025-10-29,13.2,10.2,13.4,5.7,31.0,-9.5,17.8,11.4
2025-10-30,16.5,14.7,13.4,20.5,32.4,-7.6,19.2,11.4
2025-10-31,19.9,15.4,13.8,24.9,44.5,-6.6,26.7,9.9
2025-11-03,20.5,15.3,12.3,27.8,47.5,-4.9,28.4,9.0
2025-11-04,20.3,15.3,12.3,28.2,46.7,-5.8,27.8,9.0
2025-11-05,23.0,19.9,15.1,38.7,46.7,-6.2,27.8,9.5
2025-11-06,22.4,18.4,14.8,34.6,46.7,-5.9,28.4,10.0
2025-11-07,23.0,18.7,12.5,34.8,48.5,-5.0,29.3,9.2
2025-11-10,23.2,18.4,11.5,34.0,49.2,-2.8,30.4,12.2
2025-11-11,23.2,18.0,11.1,33.0,49.8,-3.0,31.0,13.6
2025-11-12,23.5,17.9,10.8,33.6,51.0,-2.2,31.9,15.6
2025-11-13,21.9,15.8,10.3,31.3,50.7,-5.9,31.0,13.9
2025-11-14,20.5,15.4,9.7,30.8,46.2,-5.9,28.2,8.0
2025-11-17,20.6,15.1,10.2,28.1,48.0,-4.3,29.0,5.9
2025-11-18,19.8,13.3,7.9,25.9,49.8,-5.7,29.6,5.4
2025-11-19,20.3,13.6,7.7,26.5,50.9,-4.4,30.5,4.9
2025-11-20,20.7,14.6,10.2,26.4,49.9,-4.6,29.8,4.3
2025-11-21,20.4,14.3,11.0,18.0,49.6,-3.1,29.7,3.6
2025-11-24,18.9,13.5,9.6,16.8,46.4,-4.1,27.0,0.3
2025-11-25,18.5,11.7,4.9,17.2,46.9,2.4,28.8,0.3
2025-11-26,20.2,13.3,9.0,17.0,50.4,2.3,30.7,-1.2
2025-11-28,21.3,14.9,9.8,17.7,47.3,4.8,31.2,9.1
2025-12-01,19.5,15.3,10.7,16.6,39.7,4.8,25.8,-3.2
2025-12-02,19.8,16.3,11.5,17.4,39.5,1.5,25.3,-4.2
2025-12-03,19.8,14.8,2.8,24.8,41.1,7.6,27.4,-4.0
2025-12-04,22.5,17.1,10.5,24.7,41.0,10.0,30.8,3.8
2025-12-05,24.8,21.7,11.8,30.0,41.2,2.2,29.5,3.5
2025-12-08,25.0,22.0,13.0,32.3,41.3,3.4,29.7,4.8
2025-12-09,27.9,25.6,21.8,32.1,44.1,4.5,31.6,5.1
2025-12-10,27.7,25.3,21.8,31.7,44.1,4.3,31.6,5.5
2025-12-11,26.8,23.1,16.6,31.5,44.4,7.5,32.6,7.4
2025-12-12,26.6,21.7,16.3,31.3,45.4,12.9,34.2,7.8
2025-12-15,24.9,20.9,11.0,30.8,40.6,10.6,31.2,1.0
2025-12-16,25.1,21.4,8.0,32.4,40.3,9.8,30.9,0.9
2025-12-17,23.6,18.6,2.9,30.5,41.3,9.6,31.4,0.8
2025-12-18,23.0,17.9,0.8,30.9,41.0,10.1,30.8,0.7
2025-12-19,22.3,16.7,-0.5,30.4,39.8,13.6,30.8,1.9
2025-12-22,21.5,16.1,-4.6,33.4,38.7,15.8,30.0,1.6
2025-12-23,23.2,18.6,1.7,33.3,39.3,15.7,30.4,1.5
2025-12-24,23.9,19.6,4.7,33.0,40.1,15.3,30.7,1.3
2025-12-26,23.1,19.5,5.3,32.7,38.8,15.4,28.7,-1.2
2025-12-29,25.0,20.4,7.3,32.5,45.7,16.0,32.4,12.5
2025-12-30,24.0,20.9,8.3,32.5,40.6,15.3,29.1,12.0
2025-12-31,26.1,23.4,14.4,32.6,43.3,14.6,30.6,16.0
2026-01-02,25.2,20.9,14.2,26.2,45.4,12.7,32.1,15.6
2026-01-05,23.9,19.8,12.3,27.5,42.4,11.8,30.5,14.9
2026-01-06,22.3,17.3,11.3,21.7,41.8,12.5,30.3,14.8
2026-01-07,20.1,13.6,7.3,15.9,40.6,15.3,30.2,15.0
2026-01-08,20.8,15.6,8.4,23.7,39.8,14.0,29.0,14.4
2026-01-09,20.8,16.4,7.8,26.9,37.3,15.7,28.0,14.2
2026-01-12,19.3,15.3,7.3,24.8,33.9,15.7,25.6,13.5
2026-01-13,18.1,13.8,4.5,23.7,32.6,15.0,24.8,13.0
2026-01-14,17.7,13.9,5.8,22.3,30.8,14.9,23.7,15.7
2026-01-15,21.0,19.2,14.6,23.2,30.1,17.5,24.1,16.7
2026-01-16,21.0,19.7,16.7,22.3,28.8,16.6,23.1,16.9
2026-01-20,19.9,19.6,18.3,20.6,24.6,17.4,20.5,13.7
2026-01-21,18.9,18.5,17.6,17.9,23.0,18.8,19.9,13.3
2026-01-22,19.5,21.4,25.2,17.4,16.8,18.7,16.9,13.1
2026-01-23,21.2,22.7,25.2,15.8,21.9,15.5,19.3,12.9
2026-01-26,18.7,21.6,28.5,8.7,16.8,8.6,14.6,9.6
2026-01-27,18.2,20.0,25.7,7.0,19.2,8.4,15.9,9.8
2026-01-28,18.8,19.7,25.5,6.1,22.5,8.3,17.9,17.7
2026-01-29,24.1,27.9,37.5,16.6,22.9,12.1,18.9,19.0
2026-01-30,29.1,30.8,40.3,23.2,35.0,16.4,27.1,17.1
2026-02-02,32.8,35.8,53.5,22.4,38.4,18.3,28.8,14.2
2026-02-03,32.4,35.6,53.4,23.1,37.6,17.6,28.1,14.3
2026-02-04,31.2,33.3,53.3,16.9,37.5,16.9,28.6,15.0
2026-02-05,29.8,30.7,38.0,27.9,39.9,14.5,29.0,15.1
2026-02-06,29.3,30.8,39.5,25.1,39.8,6.1,27.4,13.6
2026-02-09,31.1,30.2,38.7,26.6,45.0,5.9,33.1,24.5
2026-02-10,30.7,29.1,34.4,26.5,46.0,6.2,33.6,25.0
2026-02-11,31.9,30.8,38.5,26.8,46.4,8.0,34.2,25.7
2026-02-12,30.4,28.5,36.1,26.8,45.8,7.4,33.7,25.5
2026-02-13,30.1,28.2,35.6,26.9,46.3,5.4,33.5,24.8
2026-02-17,26.7,23.2,33.5,25.2,45.6,3.1,32.3,23.9
2026-02-18,28.6,26.6,36.4,26.3,45.2,2.4,31.8,23.6
2026-02-19,29.9,29.4,43.4,26.0,44.9,4.2,31.1,24.1
2026-02-20,27.4,25.4,25.7,32.4,44.5,4.5,30.7,23.7
2026-02-23,28.8,25.9,27.4,32.6,46.2,13.5,33.3,21.7
2026-02-24,28.9,26.1,29.0,31.9,46.4,14.6,33.3,21.3
2026-02-25,28.6,25.7,29.0,31.4,46.9,13.2,33.2,20.2
2026-02-26,27.1,22.7,30.2,20.1,48.4,12.8,34.0,20.7
2026-02-27,27.8,22.0,31.9,19.6,53.7,11.0,36.7,23.0
2026-03-02,25.7,23.0,36.1,19.5,52.1,7.2,29.8,15.0
2026-03-03,26.4,24.2,34.5,26.6,51.8,8.8,29.8,14.1
2026-03-04,31.2,26.7,39.0,26.3,65.0,10.3,38.0,24.3
2026-03-05,30.5,25.9,39.3,25.9,63.8,14.6,37.3,21.6
2026-03-06,27.7,20.9,29.6,22.2,63.4,17.8,38.0,22.9
2026-03-09,24.4,16.1,28.6,9.7,62.2,16.0,36.8,26.2
2026-03-10,24.5,16.1,29.4,9.7,64.3,14.9,37.0,26.1
2026-03-11,24.7,16.1,29.4,9.7,64.1,18.0,37.5,27.8
2026-03-12,25.3,17.1,32.0,9.7,64.1,17.9,37.6,28.0
2026-03-13,22.1,11.7,27.2,6.3,67.7,7.5,37.8,33.6
2026-03-16,28.5,11.2,28.5,6.6,95.8,5.3,54.3,70.5
2026-03-17,25.9,7.2,28.1,-9.2,95.0,3.8,53.7,69.9
2026-03-18,26.9,8.7,27.8,-9.0,95.9,2.6,54.2,69.2
2026-03-19,27.3,9.8,29.2,-9.0,95.0,1.9,53.3,68.7
2026-03-20,27.3,9.8,29.2,-9.0,95.0,1.9,53.3,68.7
2026-03-23,24.9,6.8,23.0,-8.9,92.0,3.8,52.0,66.3
2026-03-24,25.4,8.3,23.9,-5.2,91.1,-0.2,51.0,65.6
2026-03-25,25.4,8.4,23.5,-4.7,90.4,-0.1,50.7,64.9
2026-03-26,24.7,8.4,23.1,-4.0,87.4,0.0,49.0,63.6
2026-03-27,23.8,8.2,22.1,-3.9,85.4,-3.0,47.2,60.9
2026-03-30,24.3,8.7,19.6,1.0,85.2,-1.9,47.8,60.8
2026-03-31,23.2,8.3,20.5,-3.7,81.3,-2.6,45.4,61.7
2026-04-01,27.7,13.6,24.6,-5.2,85.7,-6.7,48.6,59.7
2026-04-02,27.8,14.6,28.0,-5.3,85.3,-9.5,47.4,59.0
2026-04-06,26.5,14.0,29.7,-10.0,83.1,-14.1,45.3,55.7
2026-04-07,23.7,11.2,29.0,-14.4,78.1,-14.0,42.4,49.3
2026-04-08,22.6,9.6,28.5,-18.0,77.7,-13.4,42.1,48.6
2026-04-09,18.1,3.0,19.5,-20.1,76.0,-13.4,40.7,48.3
2026-04-10,17.7,0.9,14.9,-20.4,80.2,-14.7,43.1,47.9
2026-04-13,14.6,-1.3,11.7,-21.5,72.4,-14.8,38.5,38.5
2026-04-14,11.7,-2.7,9.4,-22.1,64.7,-17.9,33.2,31.8
2026-04-15,11.6,-2.3,10.6,-22.0,64.3,-21.1,32.4,30.3
2026-04-16,11.6,-1.5,9.4,-22.4,62.7,-21.9,31.2,28.5
2026-04-17,11.4,-2.1,8.6,-22.8,63.2,-21.1,31.7,28.4
2026-04-20,8.7,-4.9,5.6,-24.5,58.9,-21.2,29.0,28.0
2026-04-21,9.6,-4.2,8.8,-29.4,60.3,-21.2,30.3,27.7
2026-04-22,8.2,-5.4,8.2,-32.6,58.1,-20.5,28.6,27.3
2026-04-23,12.5,-5.6,11.9,-43.1,74.8,-22.2,39.7,28.5
2026-04-24,11.2,-7.5,11.9,-48.4,74.9,-26.2,39.1,27.8
2026-04-27,8.3,-10.0,8.7,-51.5,68.9,-26.1,35.6,25.2
2026-04-28,10.1,-11.0,8.4,-53.7,79.7,-26.9,41.9,30.7
2026-04-29,9.4,-11.1,18.6,-66.9,76.9,-27.9,40.0,30.8
2026-04-30,12.0,-11.6,21.1,-70.8,83.4,-47.3,47.5,52.4
2026-05-01,12.4,-11.8,20.1,-70.8,85.7,-47.1,48.9,52.2
2026-05-04,15.9,-4.4,31.9,-62.6,81.3,-46.9,46.5,51.1
2026-05-05,17.6,-4.0,33.9,-63.7,87.8,-43.6,50.0,50.6
2026-05-06,17.3,-4.8,33.0,-62.8,87.6,-43.2,50.4,50.9
2026-05-07,19.0,-3.7,34.7,-57.0,90.5,-40.8,53.2,56.3
2026-05-08,17.3,-4.1,36.7,-58.8,86.3,-44.9,49.6,54.5
2026-05-11,17.6,-3.8,36.4,-57.9,86.8,-45.4,49.9,56.8
2026-05-12,19.4,-0.6,40.6,-53.2,86.0,-45.3,49.4,56.5
2026-05-13,19.3,-0.9,40.5,-54.1,84.9,-41.2,49.6,57.7
2026-05-14,17.6,0.5,38.5,-53.7,76.4,-41.4,43.5,47.2
2026-05-15,18.7,3.3,45.0,-53.3,75.8,-46.3,42.0,45.0
2026-05-18,15.0,3.5,45.1,-52.2,56.8,-41.9,32.6,18.5
2026-05-19,14.7,3.2,45.3,-52.2,56.0,-42.6,32.1,18.0
2026-05-20,16.0,3.3,47.6,-52.7,60.8,-43.1,35.2,17.6
2026-05-21,11.8,-3.1,48.0,-82.4,59.8,-43.7,34.4,17.1
2026-05-22,12.3,-2.7,45.0,-78.8,58.7,-38.1,34.8,16.7
2026-05-26,12.7,-1.3,43.7,-73.7,54.8,-35.0,33.8,15.9
2026-05-27,12.8,-0.6,44.8,-73.4,53.1,-34.6,33.1,15.2
2026-05-28,14.4,-0.2,41.6,-67.3,56.3,-30.5,36.4,16.2
2026-05-29,15.0,1.5,44.9,-67.4,54.8,-35.2,35.4,14.1
2026-06-01,15.7,2.7,46.4,-64.8,58.4,-38.2,35.5,17.0
2026-06-02,19.3,8.6,57.0,-59.5,59.8,-42.8,35.5,16.4
2026-06-03,23.8,15.1,62.1,-45.2,61.2,-38.8,37.0,19.7
2026-06-04,24.2,14.1,58.6,-43.9,60.2,-32.2,39.5,23.7
2026-06-05,26.7,18.0,63.2,-49.3,62.2,-34.5,39.9,26.3
2026-06-08,28.1,20.1,62.5,-47.2,61.9,-32.9,40.2,26.4
2026-06-09,29.9,20.5,62.2,-46.0,68.0,-31.6,44.3,28.2
2026-06-10,29.4,20.2,58.7,-44.2,65.8,-29.5,43.3,25.6
2026-06-11,29.2,19.0,55.4,-43.2,63.7,-14.3,44.7,24.0
2026-06-12,30.7,20.2,57.0,-41.9,66.4,-13.7,46.6,25.3
2026-06-15,29.1,19.5,52.0,-37.5,61.1,-11.8,43.6,19.7
2026-06-16,27.2,19.7,48.0,-30.9,53.7,-14.1,38.7,9.0
2026-06-17,28.5,21.4,49.7,-26.8,55.5,-15.0,39.4,8.4
2026-06-18,28.9,22.1,49.1,-26.7,55.3,-14.5,39.3,8.5
2026-06-22,29.0,21.4,47.5,-26.1,57.6,-11.5,40.5,8.8
2026-06-23,29.3,21.7,49.8,-26.1,57.2,-8.3,40.8,8.9
2026-06-24,28.7,21.0,47.9,-25.2,56.2,-7.3,40.4,9.0
2026-06-25,30.6,26.6,61.4,-24.8,55.0,-8.2,36.7,2.9
2026-06-26,30.1,26.1,60.4,-24.2,53.4,-5.5,36.1,3.6
2026-06-29,29.5,25.2,57.4,-19.2,53.4,-2.4,36.1,6.6
2026-06-30,28.9,26.6,59.5,-17.9,48.3,-4.5,32.4,8.2
2026-07-01,31.2,28.1,51.5,-20.4,56.3,-7.2,36.0,7.1
2026-07-02,34.1,30.7,57.8,-18.6,56.3,-10.3,39.2,16.6
2026-07-06,37.2,37.0,57.7,0.4,57.0,-21.6,37.6,16.8
2026-07-07,37.6,38.3,58.7,2.6,54.7,-21.0,36.7,14.8
2026-07-08,37.6,38.5,58.6,3.1,53.8,-20.3,36.1,15.2
2026-07-09,37.0,38.5,58.5,3.6,51.6,-17.7,34.7,15.8
2026-07-10,36.7,38.4,57.8,3.9,51.7,-20.6,34.0,16.7
2026-07-13,36.0,37.3,55.0,5.6,51.4,-17.8,34.0,19.0
2026-07-14,34.7,33.8,46.7,6.3,56.1,-17.3,36.1,25.7
2026-07-15,33.5,34.8,47.4,6.3,48.8,-17.3,31.5,17.2
2026-07-16,34.7,38.3,53.7,7.3,47.4,-23.4,29.3,15.7
2026-07-17,34.7,38.3,53.7,7.3,47.4,-23.4,29.3,15.7
